CustomerId,Surname,CreditScore,Geography,Gender,Age,Tenure,Balance,NumOfProducts,HasCrCard,IsActiveMember,EstimatedSalary,Exited
15634602.0,Hargrave,619.0,,F,42.0,2.0,0.0,1.0,1.0,1.0,101348.88,1.0
15647311.0,Hill,608.0,Spain,F,41.0,,83807.86,1.0,0.0,1.0,112542.58,0.0
15619304.0,Onio,502.0,France,F,42.0,8.0,159660.8,3.0,1.0,0.0,113931.57,
15701354.0,,699.0,France,F,39.0,1.0,0.0,2.0,,0.0,93826.63,0.0
15737888.0,Mitchell,850.0,Spain,F,43.0,2.0,125510.82,1.0,1.0,,79084.1,0.0
15574012.0,Chu,645.0,Spain,M,44.0,8.0,113755.78,2.0,1.0,0.0,149756.71,
15592531.0,,822.0,,M,50.0,7.0,0.0,2.0,,1.0,10062.8,0.0
15656148.0,Obinna,376.0,Germany,F,29.0,4.0,115046.74,4.0,1.0,0.0,119346.88,1.0
15792365.0,He,501.0,France,M,44.0,4.0,142051.07,2.0,,1.0,74940.5,0.0
15592389.0,H?,684.0,France,M,27.0,2.0,134603.88,1.0,1.0,1.0,71725.73,0.0
,Bearce,528.0,France,M,31.0,6.0,102016.72,2.0,0.0,0.0,80181.12,0.0
15737173.0,Andrews,497.0,Spain,M,24.0,3.0,nan,2.0,1.0,0.0,76390.01,0.0
15632264.0,Kay,476.0,France,F,34.0,10.0,0.0,2.0,,0.0,26260.98,0.0
,Chin,549.0,France,,25.0,5.0,0.0,2.0,0.0,0.0,190857.79,0.0
,,635.0,Spain,F,35.0,7.0,0.0,,1.0,1.0,65951.65,0.0
15643966.0,Goforth,616.0,Germany,M,45.0,3.0,143129.41,,0.0,1.0,64327.26,0.0
,Romeo,653.0,Germany,,58.0,,132602.88,1.0,1.0,0.0,5097.67,
15788218.0,Henderson,549.0,Spain,F,nan,9.0,0.0,2.0,1.0,1.0,14406.41,0.0
15661507.0,Muldrow,587.0,,,45.0,6.0,nan,1.0,0.0,0.0,158684.81,0.0
,Hao,726.0,France,F,24.0,6.0,0.0,2.0,1.0,1.0,54724.03,0.0
15577657.0,McDonald,732.0,,M,41.0,8.0,0.0,2.0,1.0,1.0,170886.17,0.0
,Dellucci,636.0,Spain,F,32.0,8.0,0.0,2.0,1.0,,138555.46,0.0
15699309.0,Gerasimov,,Spain,F,38.0,4.0,0.0,1.0,1.0,0.0,118913.53,1.0
15725737.0,Mosman,669.0,France,M,46.0,3.0,0.0,2.0,0.0,1.0,8487.75,0.0
15625047.0,Yen,846.0,France,F,38.0,5.0,0.0,1.0,,1.0,,0.0
15738191.0,Maclean,577.0,France,M,25.0,3.0,0.0,2.0,0.0,1.0,124508.29,0.0
15736816.0,Young,756.0,Germany,M,36.0,2.0,136815.64,1.0,1.0,1.0,170041.95,0.0
15700772.0,Nebechi,571.0,France,M,44.0,,0.0,2.0,0.0,0.0,38433.35,0.0
15728693.0,McWilliams,574.0,Germany,F,43.0,3.0,-99999,,1.0,,100187.43,0.0
15656300.0,Lucciano,411.0,,M,29.0,,59697.17,2.0,1.0,1.0,53483.21,0.0
15589475.0,Azikiwe,,Spain,F,39.0,3.0,0.0,3.0,1.0,0.0,140469.38,1.0
15706552.0,Odinakachukwu,,,M,36.0,7.0,85311.7,1.0,0.0,1.0,156731.91,0.0
15750181.0,Sanderson,553.0,,M,41.0,,110112.54,2.0,0.0,0.0,81898.81,0.0
15659428.0,Maggard,520.0,Spain,F,42.0,6.0,0.0,2.0,1.0,1.0,34410.55,0.0
15732963.0,Clements,722.0,Spain,,29.0,9.0,0.0,,,1.0,142033.07,0.0
15794171.0,Lombardo,475.0,France,F,45.0,0.0,134264.04,1.0,1.0,0.0,27822.99,1.0
,Watson,490.0,Spain,M,31.0,3.0,nan,1.0,,1.0,114066.77,0.0
15729599.0,Lorenzo,804.0,Spain,M,33.0,7.0,76548.6,1.0,0.0,1.0,98453.45,0.0
15717426.0,Armstrong,,France,M,36.0,7.0,0.0,1.0,1.0,1.0,40812.9,
15585768.0,Cameron,582.0,Germany,M,41.0,6.0,70349.48,2.0,,1.0,178074.04,0.0
15619360.0,Hsiao,472.0,Spain,M,40.0,,0.0,1.0,,0.0,70154.22,0.0
,Clarke,,France,F,51.0,8.0,122522.32,1.0,0.0,0.0,,1.0
15687946.0,Osborne,,France,F,61.0,2.0,117419.35,1.0,1.0,,94153.83,
15755196.0,Lavine,834.0,,F,49.0,2.0,131394.56,1.0,0.0,0.0,194365.76,1.0
15684171.0,Bianchi,660.0,Spain,F,61.0,5.0,155931.11,1.0,1.0,1.0,,0.0
15754849.0,Tyler,776.0,Germany,F,150,4.0,109421.13,2.0,1.0,1.0,126517.46,0.0
15602280.0,Martin,829.0,Germany,F,27.0,,112045.67,1.0,1.0,1.0,119708.21,1.0
15771573.0,,637.0,Germany,F,39.0,9.0,137843.8,1.0,1.0,1.0,117622.8,1.0
15766205.0,Yin,550.0,Germany,M,38.0,2.0,103391.38,1.0,0.0,1.0,90878.13,0.0
15771873.0,Buccho,776.0,Germany,F,nan,,-99999,,1.0,0.0,194099.12,0.0
15616550.0,Chidiebele,698.0,Germany,M,44.0,10.0,nan,2.0,1.0,0.0,198059.16,0.0
15768193.0,Trevisani,,,M,36.0,5.0,146050.97,2.0,0.0,0.0,86424.57,0.0
15683553.0,O'Brien,788.0,France,F,33.0,5.0,0.0,2.0,0.0,0.0,116978.19,0.0
15702298.0,Parkhill,,,M,41.0,8.0,125561.97,1.0,0.0,0.0,164040.94,1.0
15569590.0,Yoo,601.0,Germany,M,42.0,,98495.72,,1.0,0.0,40014.76,1.0
15760861.0,Phillipps,619.0,,M,43.0,,125211.92,1.0,1.0,1.0,113410.49,0.0
15630053.0,Tsao,656.0,France,M,45.0,,127864.4,1.0,1.0,0.0,87107.57,0.0
15647091.0,Endrizzi,725.0,Germany,M,nan,0.0,75888.2,1.0,,0.0,45613.75,0.0
15623944.0,T'ien,511.0,Spain,F,66.0,4.0,0.0,1.0,1.0,0.0,1643.11,1.0
,Velazquez,614.0,France,M,51.0,4.0,40685.92,1.0,1.0,1.0,46775.28,0.0
15651280.0,Hunter,742.0,,M,35.0,5.0,136857.0,1.0,0.0,0.0,84509.57,0.0
15773469.0,Clark,687.0,Germany,F,27.0,9.0,152328.88,2.0,0.0,,126494.82,0.0
15702014.0,Jeffrey,555.0,Spain,M,33.0,,56084.69,2.0,0.0,0.0,178798.13,0.0
15751208.0,Pirozzi,684.0,Spain,M,56.0,8.0,78707.16,1.0,1.0,1.0,99398.36,0.0
15592461.0,Jackson,603.0,Germany,M,26.0,4.0,109166.37,,1.0,,,0.0
15789484.0,Hammond,751.0,Germany,F,36.0,6.0,169831.46,2.0,1.0,1.0,27758.36,0.0
15696061.0,Brownless,,Germany,F,nan,1.0,101633.04,1.0,1.0,0.0,110431.51,0.0
,Chibugo,,Germany,M,43.0,10.0,123180.01,2.0,1.0,1.0,196673.28,0.0
,Glauert,661.0,Germany,F,35.0,,150725.53,2.0,0.0,1.0,113656.85,0.0
15755648.0,Pisano,,France,F,21.0,8.0,nan,1.0,1.0,0.0,18203.0,0.0
,Konovalova,738.0,Germany,M,150,2.0,133745.44,4.0,,0.0,28373.86,1.0
15620344.0,McKee,813.0,France,M,29.0,6.0,0.0,1.0,1.0,,33953.87,0.0
15812518.0,Palermo,657.0,Spain,F,37.0,0.0,163607.18,,0.0,1.0,44203.55,0.0
15779052.0,Ballard,604.0,Germany,F,nan,5.0,nan,2.0,1.0,1.0,58426.81,0.0
15770811.0,Wallace,519.0,France,M,36.0,9.0,0.0,2.0,0.0,1.0,145562.4,0.0
15780961.0,Cavenagh,735.0,,F,21.0,1.0,178718.19,2.0,,0.0,22388.0,0.0
15614049.0,Hu,664.0,France,M,55.0,8.0,0.0,,1.0,,139161.64,
15662085.0,,678.0,France,F,32.0,9.0,0.0,1.0,1.0,1.0,148210.64,0.0
15575185.0,Bushell,757.0,Spain,M,33.0,5.0,77253.22,1.0,0.0,1.0,194239.63,0.0
15803136.0,Postle,416.0,Germany,F,41.0,10.0,122189.66,2.0,1.0,0.0,98301.61,
15706021.0,Buley,665.0,France,F,34.0,1.0,96645.54,2.0,0.0,0.0,171413.66,0.0
15663706.0,Leonard,777.0,France,,32.0,2.0,0.0,1.0,1.0,0.0,136458.19,
15641732.0,Mills,543.0,France,F,nan,3.0,0.0,2.0,0.0,0.0,26019.59,0.0
15701164.0,Onyeorulu,,France,F,34.0,4.0,nan,1.0,1.0,,159235.29,0.0
15738751.0,Beit,,,F,46.0,4.0,0.0,2.0,1.0,0.0,1907.66,0.0
15805254.0,Ndukaku,652.0,Spain,F,75.0,10.0,0.0,2.0,1.0,1.0,114675.75,0.0
15762418.0,Gant,750.0,Spain,M,22.0,3.0,121681.82,1.0,1.0,0.0,128643.35,1.0
15625759.0,Rowley,729.0,France,M,30.0,9.0,nan,2.0,,0.0,,0.0
15622897.0,Sharpe,646.0,France,F,46.0,,0.0,3.0,1.0,0.0,93251.42,1.0
15767954.0,Osborne,,Germany,F,28.0,3.0,81623.67,2.0,,1.0,156791.36,0.0
15757535.0,Heap,,Spain,F,44.0,5.0,nan,,1.0,1.0,174205.22,1.0
,Ritchie,808.0,France,M,nan,7.0,118626.55,2.0,1.0,0.0,147132.46,0.0
15809248.0,Cole,524.0,France,,36.0,10.0,0.0,2.0,1.0,0.0,109614.57,0.0
15640635.0,Capon,769.0,France,M,29.0,8.0,0.0,,1.0,,172290.61,0.0
15676966.0,Capon,730.0,Spain,M,42.0,4.0,0.0,2.0,0.0,1.0,85982.47,0.0
15699461.0,Fiorentini,,Spain,M,35.0,10.0,176273.95,1.0,0.0,1.0,121277.78,0.0
,Graham,773.0,Spain,M,150,9.0,nan,1.0,0.0,,64595.25,
,Yuille,814.0,Germany,M,29.0,8.0,nan,2.0,1.0,1.0,197276.13,0.0
15604348.0,Allard,710.0,Spain,M,nan,8.0,0.0,2.0,0.0,0.0,99645.04,0.0
15633059.0,Fanucci,413.0,France,M,34.0,9.0,0.0,2.0,0.0,0.0,6534.18,0.0
15808582.0,Fu,,France,F,40.0,6.0,0.0,1.0,1.0,1.0,161848.03,0.0
15743192.0,Hung,623.0,France,F,44.0,6.0,0.0,2.0,0.0,0.0,167162.43,0.0
15580146.0,Hung,738.0,France,M,nan,9.0,82674.15,1.0,1.0,0.0,41970.72,0.0
15776605.0,Bradley,528.0,Spain,M,36.0,7.0,-99999,,1.0,0.0,60536.56,0.0
15804919.0,Dunbabin,670.0,Spain,F,65.0,1.0,0.0,1.0,1.0,1.0,177655.68,1.0
15613854.0,Mauldon,622.0,Spain,F,46.0,4.0,nan,2.0,1.0,1.0,30984.59,1.0
15599195.0,Stiger,582.0,Germany,M,32.0,,88938.62,,1.0,1.0,10054.53,0.0
15812878.0,Parsons,785.0,,F,nan,2.0,99806.85,1.0,0.0,1.0,36976.52,0.0
15602312.0,Walkom,,Spain,M,33.0,5.0,150092.8,,,,71862.79,0.0
15744689.0,T'ang,479.0,,,35.0,9.0,92833.89,1.0,1.0,0.0,99449.86,1.0
15803526.0,Eremenko,685.0,Germany,M,30.0,3.0,90536.81,1.0,0.0,1.0,63082.88,0.0
15665790.0,Rowntree,538.0,Germany,M,39.0,7.0,108055.1,2.0,1.0,0.0,27231.26,0.0
15715951.0,,562.0,France,M,42.0,2.0,100238.35,1.0,0.0,0.0,86797.41,0.0
15591100.0,Chiemela,675.0,Spain,M,nan,9.0,106190.55,1.0,0.0,1.0,22994.32,0.0
15609618.0,Fanucci,721.0,Germany,M,nan,9.0,154475.54,2.0,0.0,1.0,101300.94,1.0
15675522.0,Ko,628.0,,F,30.0,9.0,132351.29,,1.0,1.0,74169.13,0.0
15705512.0,Welch,,Germany,F,nan,6.0,167864.4,1.0,1.0,0.0,115638.29,0.0
15698028.0,Duncan,506.0,France,F,41.0,1.0,0.0,2.0,1.0,0.0,31766.3,0.0
15661670.0,Chidozie,,Germany,F,31.0,8.0,107818.63,1.0,1.0,0.0,199725.39,1.0
15600781.0,Wu,699.0,Germany,M,34.0,4.0,185173.81,2.0,1.0,0.0,120834.48,0.0
,Culbreth,828.0,,M,150,8.0,129433.34,2.0,0.0,0.0,38131.77,0.0
15580203.0,Kennedy,674.0,Spain,M,39.0,6.0,-99999,1.0,0.0,,100130.95,0.0
15690673.0,Cameron,,France,F,nan,6.0,0.0,2.0,1.0,0.0,141069.88,0.0
15760085.0,Calabresi,684.0,,,48.0,10.0,126384.42,,1.0,1.0,198129.36,0.0
15779659.0,Zetticci,625.0,France,F,28.0,3.0,0.0,,,0.0,183646.41,0.0
15627360.0,Fuller,432.0,France,M,42.0,9.0,152603.45,1.0,,0.0,110265.24,1.0
15671137.0,MacDonald,549.0,France,F,52.0,1.0,0.0,1.0,0.0,1.0,8636.05,1.0
15782688.0,Piccio,625.0,Germany,M,56.0,0.0,nan,,1.0,0.0,46824.08,1.0
15575492.0,Kennedy,828.0,France,F,nan,7.0,0.0,2.0,1.0,0.0,171378.77,0.0
15591607.0,Fernie,770.0,France,M,24.0,9.0,101827.07,1.0,1.0,0.0,167256.35,
15740404.0,He,758.0,France,F,34.0,,0.0,,1.0,1.0,124226.16,
15718369.0,,795.0,Germany,F,33.0,9.0,130862.43,1.0,,1.0,114935.21,0.0
15677871.0,Cocci,687.0,France,M,nan,9.0,122570.87,1.0,1.0,1.0,35608.88,0.0
15642004.0,Alekseeva,686.0,France,M,25.0,1.0,0.0,2.0,0.0,1.0,16459.37,0.0
15712543.0,Chinweike,789.0,Germany,M,nan,7.0,124828.46,2.0,1.0,1.0,124411.08,
15584518.0,,589.0,Germany,F,50.0,5.0,144895.05,2.0,1.0,1.0,34941.23,0.0
15802381.0,Li,461.0,Germany,F,34.0,5.0,63663.93,1.0,0.0,1.0,167784.28,0.0
15610156.0,Ma,637.0,France,M,40.0,2.0,nan,,,1.0,93165.34,0.0
15594408.0,Chia,584.0,Spain,F,48.0,2.0,213146.2,1.0,1.0,0.0,75161.25,1.0
15640905.0,Vasin,579.0,Spain,F,35.0,1.0,129490.36,2.0,,1.0,8590.83,1.0
15698932.0,Groves,756.0,Germany,M,44.0,10.0,137452.09,1.0,1.0,,,0.0
15724944.0,Tien,,France,M,34.0,7.0,nan,2.0,1.0,1.0,,0.0
15628145.0,Forwood,682.0,,F,43.0,,125851.93,1.0,1.0,1.0,193318.33,0.0
15713483.0,Greeves,793.0,Spain,M,nan,2.0,nan,1.0,1.0,0.0,159123.82,1.0
15612350.0,Taylor,,France,F,31.0,5.0,nan,1.0,1.0,0.0,126213.84,1.0
15800703.0,Madukwe,485.0,Spain,F,21.0,5.0,-99999,1.0,1.0,1.0,54141.5,0.0
15705707.0,Bennelong,635.0,Spain,F,29.0,8.0,138296.94,2.0,1.0,0.0,141075.51,0.0
15754105.0,Olisanugo,650.0,France,M,37.0,,106967.18,1.0,0.0,0.0,24495.03,0.0
15703264.0,Chukwufumnanya,735.0,France,M,44.0,9.0,nan,1.0,1.0,0.0,74836.34,0.0
15794413.0,Harris,416.0,France,M,32.0,0.0,0.0,2.0,0.0,1.0,878.87,0.0
15650237.0,Morgan,754.0,Spain,F,32.0,,0.0,2.0,1.0,0.0,89520.75,0.0
,Alexeeva,535.0,France,F,48.0,9.0,0.0,1.0,1.0,,149892.79,1.0
,,716.0,Spain,M,42.0,8.0,nan,,1.0,0.0,180800.42,
15689044.0,Humphries,539.0,France,M,37.0,2.0,127609.59,1.0,1.0,0.0,,
15709368.0,,614.0,France,F,43.0,6.0,0.0,2.0,1.0,1.0,109041.53,0.0
15679145.0,,706.0,Spain,M,57.0,7.0,0.0,1.0,1.0,0.0,17941.16,1.0
15655007.0,Li,758.0,France,,33.0,7.0,0.0,2.0,0.0,0.0,,0.0
15623595.0,Clayton,586.0,Spain,F,28.0,2.0,-99999,2.0,1.0,1.0,92067.35,
15589975.0,Maclean,646.0,France,F,73.0,6.0,97259.25,1.0,0.0,,104719.66,0.0
15804017.0,Chigolum,631.0,Germany,F,33.0,4.0,123246.7,1.0,0.0,,112687.57,0.0
15692132.0,Wilkinson,,Spain,F,22.0,6.0,101060.25,1.0,0.0,1.0,84699.56,0.0
15641122.0,Wei,684.0,France,M,30.0,2.0,0.0,2.0,1.0,0.0,83473.82,
,Treacy,800.0,France,F,49.0,7.0,108007.36,,0.0,0.0,47125.11,0.0
15680772.0,Hu,721.0,Spain,F,36.0,2.0,0.0,2.0,1.0,,106977.8,0.0
,Taverner,683.0,,M,29.0,0.0,133702.89,,1.0,0.0,55582.54,
15585388.0,Sherman,,Germany,,31.0,9.0,125189.75,2.0,1.0,1.0,139874.43,0.0
,Taubman,704.0,Germany,F,24.0,7.0,113034.22,1.0,,0.0,162503.48,1.0
15588537.0,Robinson,615.0,Spain,,41.0,9.0,109013.23,,1.0,0.0,196499.96,0.0
15574692.0,Pinto,667.0,,,39.0,2.0,0.0,2.0,1.0,0.0,40721.24,1.0
15611325.0,Wood,682.0,Germany,M,24.0,9.0,57929.81,2.0,0.0,0.0,53134.3,0.0
,,484.0,France,F,29.0,4.0,130114.39,1.0,1.0,,164017.89,0.0
15613172.0,Sun,628.0,Germany,M,27.0,5.0,95826.49,2.0,1.0,0.0,155996.96,0.0
15651022.0,Yost,480.0,Germany,M,44.0,10.0,129608.57,1.0,1.0,0.0,5472.7,1.0
15586310.0,Ting,578.0,France,M,30.0,4.0,169462.09,,1.0,0.0,112187.11,
15625524.0,Rowe,512.0,France,M,nan,5.0,0.0,2.0,,1.0,146457.83,0.0
15755209.0,Fu,484.0,Spain,F,35.0,7.0,133868.21,1.0,1.0,1.0,,0.0
15645248.0,Ho,510.0,France,F,30.0,0.0,0.0,2.0,1.0,1.0,130553.47,0.0
15790355.0,Okechukwu,606.0,Germany,M,36.0,5.0,190479.48,2.0,0.0,0.0,179351.89,0.0
15762615.0,Campbell,,Spain,F,40.0,8.0,101993.12,1.0,0.0,1.0,94774.12,0.0
15625426.0,Ashbolt,754.0,Germany,F,55.0,3.0,161608.81,1.0,1.0,0.0,8080.85,1.0
15716334.0,Rozier,850.0,Spain,F,45.0,2.0,122311.21,1.0,,1.0,19482.5,0.0
15789669.0,Hsia,510.0,France,M,nan,2.0,nan,2.0,1.0,1.0,48071.61,0.0
15621075.0,Ogbonnaya,,Germany,F,45.0,,162150.42,2.0,1.0,0.0,174531.27,0.0
15810845.0,T'ang,636.0,France,M,42.0,2.0,0.0,2.0,1.0,1.0,55470.78,0.0
15719377.0,Cocci,804.0,France,,50.0,4.0,0.0,1.0,1.0,1.0,8546.87,
15654506.0,Chang,514.0,France,M,32.0,,nan,2.0,1.0,0.0,95857.18,0.0
15771977.0,T'ao,730.0,France,F,39.0,1.0,99010.67,1.0,1.0,0.0,194945.8,0.0
15708710.0,Ford,525.0,Spain,F,37.0,0.0,-99999,,0.0,1.0,,0.0
15726676.0,Marshall,616.0,,M,30.0,5.0,0.0,2.0,,,196108.51,0.0
,Tsai,687.0,Germany,,34.0,7.0,111388.18,,1.0,0.0,148564.76,0.0
15726931.0,Onwumelu,715.0,France,F,41.0,8.0,56214.85,,0.0,0.0,92982.61,1.0
15771086.0,Graham,512.0,France,F,36.0,3.0,84327.77,2.0,1.0,0.0,17675.36,0.0
15756850.0,Golovanov,479.0,France,M,40.0,1.0,0.0,2.0,,0.0,114996.43,0.0
,,601.0,France,M,32.0,8.0,93012.89,1.0,,0.0,86957.42,0.0
15679200.0,Crawford,,Spain,M,29.0,9.0,61710.44,2.0,1.0,0.0,128077.8,0.0
15594815.0,Aleshire,807.0,France,M,35.0,3.0,-99999,1.0,1.0,1.0,600.36,0.0
15635905.0,Moran,616.0,Spain,F,32.0,6.0,0.0,2.0,1.0,1.0,43001.46,0.0
15777892.0,Samsonova,721.0,Germany,M,150,3.0,107720.64,1.0,1.0,,158591.12,0.0
15656176.0,Jenkins,501.0,France,M,57.0,10.0,-99999,2.0,1.0,1.0,47847.19,0.0
15811127.0,Volkov,521.0,France,,35.0,6.0,96423.84,1.0,1.0,0.0,10488.44,0.0
15604482.0,Chiemezie,850.0,Spain,M,30.0,2.0,141040.01,1.0,1.0,1.0,,0.0
,Jude,759.0,France,,42.0,4.0,105420.18,,,1.0,121409.06,0.0
15600974.0,He,516.0,,M,50.0,5.0,0.0,1.0,,1.0,146145.93,1.0
15727868.0,Onuora,711.0,France,F,38.0,2.0,129022.06,2.0,1.0,,14374.86,1.0
15627801.0,Ginikanwa,512.0,Spain,M,33.0,3.0,176666.62,1.0,,0.0,94670.77,0.0
15773039.0,Ku,550.0,France,M,nan,3.0,0.0,1.0,1.0,1.0,179670.31,0.0
15755262.0,McDonald,608.0,Spain,F,150,3.0,89763.84,,0.0,0.0,199304.74,1.0
15679531.0,Collins,618.0,France,M,34.0,5.0,134954.53,1.0,1.0,1.0,,0.0
15684181.0,Hackett,643.0,France,M,45.0,5.0,0.0,1.0,1.0,0.0,142513.5,1.0
15612087.0,Dike,671.0,France,M,45.0,2.0,106376.85,1.0,0.0,1.0,158264.62,0.0
15752047.0,Trevisano,,Germany,M,33.0,2.0,nan,2.0,1.0,0.0,169381.9,0.0
15624592.0,Tan,603.0,France,,31.0,,0.0,2.0,1.0,1.0,169915.02,0.0
15573152.0,Glassman,620.0,France,F,41.0,9.0,0.0,2.0,0.0,,88852.47,0.0
,Miller,676.0,France,F,nan,1.0,63095.01,1.0,1.0,1.0,40645.81,0.0
15785542.0,Kornilova,572.0,Germany,M,nan,4.0,118287.01,2.0,0.0,,60427.3,
15723488.0,Watson,668.0,Germany,M,47.0,7.0,106854.21,1.0,0.0,1.0,157959.02,
15680920.0,Marchesi,695.0,France,M,46.0,7.0,49512.55,1.0,1.0,0.0,133007.34,0.0
15786308.0,Millar,730.0,Spain,F,33.0,9.0,0.0,2.0,0.0,0.0,176576.62,0.0
15659366.0,Shih,,France,M,43.0,1.0,105799.32,,1.0,0.0,34888.04,1.0
15774854.0,Fuller,592.0,France,M,150,8.0,0.0,1.0,1.0,,28737.71,
15725311.0,Hay,726.0,France,F,150,9.0,114722.05,2.0,1.0,1.0,98178.57,0.0
15787155.0,Yang,514.0,,M,nan,7.0,0.0,1.0,0.0,1.0,125010.24,0.0
15727829.0,McIntyre,567.0,France,M,42.0,2.0,0.0,2.0,1.0,1.0,167984.61,0.0
15733247.0,Stevenson,850.0,France,M,33.0,10.0,0.0,1.0,1.0,0.0,4861.72,1.0
,Poole,671.0,Germany,,45.0,6.0,99564.22,,1.0,1.0,108872.45,1.0
15699029.0,Bagley,670.0,France,M,37.0,4.0,-99999,2.0,1.0,0.0,198252.88,0.0
15774393.0,Ch'ien,694.0,France,F,30.0,,0.0,2.0,1.0,1.0,26960.31,0.0
15676895.0,Cattaneo,547.0,Germany,F,39.0,6.0,nan,3.0,1.0,1.0,85746.52,1.0
15637753.0,O'Sullivan,751.0,Germany,M,50.0,2.0,nan,1.0,1.0,,77206.25,1.0
,Lucas,594.0,Germany,,29.0,3.0,nan,1.0,1.0,0.0,61048.53,0.0
15808473.0,Ringrose,,France,M,72.0,1.0,nan,2.0,0.0,1.0,111981.19,
15627000.0,,610.0,,M,40.0,0.0,0.0,2.0,1.0,0.0,,0.0
15787174.0,Sergeyev,512.0,France,F,37.0,1.0,0.0,2.0,0.0,1.0,156105.03,0.0
15723886.0,Fiore,,Germany,M,20.0,3.0,119714.25,2.0,0.0,1.0,150135.38,0.0
15704769.0,Smith,585.0,France,F,67.0,,113978.97,2.0,0.0,1.0,93146.11,0.0
15772896.0,,763.0,Germany,,42.0,6.0,100160.75,1.0,1.0,0.0,33462.94,1.0
15711540.0,Pacheco,712.0,France,,29.0,2.0,0.0,1.0,1.0,,,
15764866.0,,539.0,Germany,F,nan,3.0,116220.5,3.0,1.0,0.0,,1.0
15794056.0,Johnston,668.0,France,F,46.0,2.0,0.0,3.0,1.0,,89048.46,1.0
15795149.0,Stevens,703.0,France,M,nan,2.0,81173.83,2.0,0.0,1.0,162812.16,0.0
15812009.0,Grant,662.0,Spain,M,38.0,4.0,0.0,2.0,1.0,0.0,136259.65,0.0
15651001.0,Tsao,725.0,Germany,F,39.0,5.0,nan,1.0,1.0,0.0,124052.97,0.0
15813844.0,Barnes,703.0,France,M,37.0,8.0,105961.68,2.0,0.0,1.0,74158.8,0.0
15596175.0,McIntosh,659.0,Germany,,67.0,6.0,117411.6,1.0,,1.0,45071.09,1.0
15576269.0,,523.0,Spain,M,34.0,7.0,0.0,2.0,1.0,0.0,62030.06,0.0
15797219.0,Ifesinachi,635.0,France,F,40.0,10.0,123497.58,1.0,1.0,0.0,131953.23,1.0
15685500.0,Glazkov,772.0,Germany,M,26.0,,152400.51,,1.0,0.0,79414.0,0.0
15599792.0,Dimauro,545.0,France,,26.0,1.0,0.0,2.0,1.0,1.0,199638.56,0.0
15657566.0,Wieck,634.0,Germany,M,24.0,8.0,103097.85,1.0,1.0,1.0,157577.29,0.0
15772423.0,Liao,739.0,Germany,M,54.0,8.0,126418.14,1.0,,0.0,134420.75,1.0
15628112.0,,771.0,Germany,F,36.0,5.0,77846.9,1.0,0.0,0.0,99805.99,0.0
15753754.0,Morrison,,Spain,,34.0,1.0,0.0,2.0,1.0,1.0,97932.68,0.0
15793726.0,Matveyeva,,France,F,79.0,0.0,nan,2.0,0.0,,170968.99,0.0
15694717.0,Ku,544.0,Germany,,37.0,2.0,79731.91,1.0,1.0,1.0,57558.95,0.0
15665834.0,Cheatham,696.0,Spain,M,28.0,8.0,0.0,1.0,,0.0,176713.47,0.0
15765297.0,Yao,,Spain,M,41.0,0.0,0.0,,0.0,,,0.0
15636684.0,,727.0,France,M,34.0,10.0,0.0,2.0,1.0,1.0,198637.34,0.0
15592979.0,Rose,671.0,Germany,F,34.0,6.0,37266.67,2.0,,0.0,,0.0
15750803.0,,693.0,,F,30.0,6.0,127992.25,,1.0,1.0,50457.2,0.0
15607178.0,Welch,850.0,Germany,M,38.0,3.0,54901.01,1.0,1.0,1.0,140075.55,0.0
,Ifeajuna,732.0,Germany,M,42.0,,108748.08,2.0,1.0,1.0,65323.11,0.0
15673481.0,Morton,726.0,Spain,F,48.0,6.0,99906.19,1.0,1.0,0.0,64323.24,0.0
,Rossi,557.0,France,F,32.0,6.0,nan,2.0,,0.0,14956.44,0.0
15673693.0,Reppert,682.0,France,F,26.0,0.0,110654.02,1.0,0.0,1.0,111879.21,0.0
15700696.0,Kang,738.0,Spain,M,31.0,9.0,79019.8,1.0,1.0,1.0,18606.23,0.0
15813163.0,Ch'iu,531.0,Spain,F,36.0,9.0,nan,1.0,1.0,0.0,123137.01,0.0
15653857.0,Wallis,498.0,France,M,34.0,2.0,0.0,2.0,1.0,1.0,148528.24,0.0
15777076.0,Clark,651.0,,M,36.0,7.0,0.0,2.0,1.0,0.0,13898.31,0.0
15717398.0,Fielding,,Spain,F,39.0,7.0,0.0,1.0,0.0,0.0,81259.25,1.0
15799217.0,Zetticci,791.0,Germany,F,35.0,7.0,52436.2,1.0,1.0,0.0,161051.75,0.0
15787071.0,Dulhunty,,Spain,M,41.0,9.0,0.0,2.0,0.0,1.0,191599.67,0.0
15619955.0,Bevington,733.0,Germany,M,34.0,3.0,100337.96,3.0,,0.0,48559.19,1.0
15796505.0,Boyle,811.0,,F,34.0,1.0,149297.19,2.0,1.0,1.0,186339.74,0.0
15725166.0,Newton,707.0,France,M,30.0,8.0,0.0,2.0,1.0,0.0,33159.37,0.0
15800116.0,Bowman,712.0,Germany,M,28.0,4.0,145605.44,1.0,0.0,1.0,93883.53,0.0
15758685.0,Dubinina,706.0,Spain,F,37.0,7.0,0.0,2.0,1.0,1.0,110899.3,
15694456.0,,756.0,France,M,62.0,3.0,0.0,1.0,1.0,1.0,11199.04,1.0
,Chiazagomekpere,777.0,France,F,nan,10.0,0.0,2.0,1.0,,,0.0
15683562.0,Allen,646.0,France,M,35.0,6.0,84026.86,,0.0,1.0,164255.69,0.0
15782210.0,K'ung,,France,M,46.0,1.0,0.0,1.0,1.0,0.0,152167.79,1.0
15668893.0,Wilsmore,782.0,France,M,39.0,8.0,0.0,2.0,1.0,1.0,33949.67,0.0
15669169.0,Hargreaves,775.0,,M,nan,10.0,0.0,2.0,1.0,1.0,68143.93,0.0
15643024.0,Huang,479.0,Germany,M,35.0,4.0,138718.92,1.0,1.0,1.0,47251.79,1.0
15699389.0,Ch'ien,807.0,France,M,42.0,7.0,118274.71,1.0,1.0,1.0,25885.72,0.0
,,799.0,France,F,22.0,8.0,174185.98,2.0,0.0,1.0,192633.85,0.0
15626144.0,Chu,675.0,France,M,40.0,7.0,113208.86,2.0,1.0,0.0,34577.36,
,Kang,602.0,Spain,M,150,5.0,103907.28,1.0,1.0,0.0,161229.84,
,Davidson,475.0,France,F,nan,8.0,119023.28,1.0,1.0,0.0,100816.29,0.0
15727556.0,O'Donnell,,,F,26.0,5.0,166297.89,1.0,1.0,1.0,181694.44,0.0
15697307.0,Nnachetam,588.0,Spain,M,34.0,10.0,0.0,2.0,1.0,,79078.91,0.0
15652266.0,Chidiebele,,Germany,M,42.0,9.0,63227.0,1.0,0.0,1.0,,0.0
15607098.0,Ahmed,747.0,Spain,F,41.0,5.0,94521.17,2.0,1.0,0.0,194926.86,0.0
15655774.0,Booth,583.0,France,M,nan,7.0,nan,2.0,1.0,0.0,51285.49,0.0
15590241.0,Chuang,750.0,Spain,F,34.0,9.0,112822.26,1.0,0.0,0.0,150401.53,1.0
,Shao,681.0,France,M,38.0,3.0,0.0,2.0,1.0,1.0,112491.96,0.0
15723654.0,Tsao,773.0,France,M,25.0,2.0,135903.33,,1.0,,73656.38,0.0
15774510.0,Tien,714.0,France,,31.0,,125169.26,,,1.0,106636.89,0.0
,Chang,687.0,Spain,,44.0,7.0,0.0,,1.0,0.0,155853.52,1.0
,Johnson,,France,M,58.0,0.0,149117.31,1.0,1.0,1.0,162599.51,0.0
15811490.0,French,627.0,France,M,33.0,5.0,0.0,2.0,1.0,1.0,103737.82,0.0
15803976.0,Efremov,,France,F,31.0,10.0,0.0,2.0,1.0,0.0,160990.27,0.0
15682541.0,Hartley,616.0,Spain,,36.0,6.0,132311.71,1.0,0.0,0.0,15462.84,0.0
15695699.0,Calabrese,687.0,France,M,35.0,8.0,0.0,2.0,1.0,0.0,10334.05,0.0
,Chiu,712.0,France,,nan,6.0,0.0,2.0,1.0,,190686.16,0.0
,Brennan,553.0,France,M,33.0,4.0,118082.89,,0.0,0.0,94440.45,0.0
15636673.0,Onwuatuegwu,667.0,France,M,31.0,1.0,119266.69,1.0,1.0,1.0,28257.63,
15594898.0,,,France,M,43.0,2.0,0.0,1.0,1.0,1.0,170034.95,1.0
15660211.0,Shih,629.0,Germany,M,35.0,7.0,156847.29,2.0,1.0,0.0,31824.29,0.0
15773972.0,Balashov,614.0,France,M,50.0,4.0,137104.47,,,0.0,127166.49,1.0
15746726.0,Doyle,438.0,Germany,M,150,8.0,nan,1.0,1.0,0.0,44937.01,0.0
15712287.0,Pokrovskii,652.0,France,F,80.0,4.0,0.0,,1.0,1.0,188603.07,0.0
15702919.0,Collins,729.0,Germany,M,nan,6.0,63669.42,1.0,1.0,0.0,145111.37,0.0
15674398.0,Russo,642.0,France,M,38.0,3.0,0.0,2.0,0.0,0.0,171463.83,0.0
15797960.0,Skinner,806.0,Germany,F,59.0,0.0,135296.33,1.0,1.0,0.0,182822.5,0.0
,Robertson,744.0,Spain,M,36.0,2.0,153804.44,1.0,1.0,,87213.33,0.0
15581539.0,Atkinson,474.0,Spain,M,37.0,3.0,0.0,2.0,,0.0,57175.32,0.0
15662736.0,Doyle,559.0,France,M,49.0,2.0,-99999,1.0,1.0,,120540.83,1.0
15666252.0,Ritchie,706.0,Spain,M,42.0,9.0,0.0,2.0,1.0,1.0,28714.34,0.0
15677512.0,McEncroe,628.0,Spain,F,22.0,3.0,0.0,1.0,1.0,0.0,85426.28,0.0
15626114.0,Pearson,429.0,France,M,150,4.0,95741.75,1.0,1.0,0.0,46170.75,0.0
15810834.0,Gordon,525.0,Spain,,57.0,2.0,145965.33,1.0,1.0,1.0,64448.36,
15678910.0,Ts'ai,680.0,France,F,30.0,8.0,141441.75,1.0,1.0,1.0,16278.97,0.0
15694408.0,Lung,749.0,France,M,40.0,1.0,139290.41,1.0,1.0,0.0,182855.42,1.0
15585215.0,Yuan,763.0,France,,31.0,4.0,0.0,2.0,0.0,0.0,50404.72,0.0
15682757.0,Pardey,,France,M,30.0,3.0,0.0,2.0,1.0,0.0,107640.25,0.0
,Tai,,France,M,35.0,4.0,144428.87,1.0,1.0,0.0,,0.0
15601848.0,Scott,594.0,France,M,35.0,2.0,0.0,2.0,1.0,0.0,103480.69,0.0
,Hunter,644.0,France,F,46.0,9.0,nan,1.0,1.0,0.0,108761.05,1.0
15669064.0,,,Germany,M,150,1.0,144848.74,1.0,1.0,1.0,179012.3,0.0
,L?,,Germany,M,26.0,7.0,116244.14,2.0,1.0,1.0,95145.14,0.0
15598493.0,Beach,656.0,France,M,50.0,7.0,-99999,2.0,0.0,1.0,72143.44,0.0
,Hsieh,667.0,Spain,F,40.0,1.0,146502.07,1.0,1.0,0.0,19162.89,0.0
15702669.0,,663.0,Germany,M,44.0,2.0,117028.6,2.0,0.0,1.0,144680.18,0.0
15728669.0,Knowles,584.0,Germany,F,30.0,8.0,112013.81,1.0,1.0,0.0,177772.03,1.0
15742668.0,Day,626.0,Spain,F,37.0,6.0,108269.37,1.0,1.0,0.0,5597.94,
15697441.0,Hsueh,485.0,France,M,29.0,7.0,182123.79,,1.0,0.0,116828.51,1.0
15740476.0,,,Germany,F,32.0,3.0,150923.74,2.0,0.0,1.0,174652.51,0.0
,Kennedy,649.0,France,M,33.0,2.0,0.0,2.0,1.0,0.0,2010.98,0.0
,Nwabugwu,,Spain,F,39.0,5.0,165272.13,1.0,,0.0,14109.85,1.0
15807923.0,Young,716.0,Germany,F,39.0,10.0,115301.31,1.0,,0.0,43527.4,1.0
15745844.0,Kerr,642.0,Germany,F,40.0,6.0,129502.49,2.0,0.0,1.0,,1.0
15786170.0,Tien,659.0,France,M,31.0,,nan,1.0,0.0,,161574.19,0.0
15681081.0,Marrero,545.0,Spain,,47.0,5.0,0.0,2.0,,1.0,,0.0
15684484.0,White,543.0,France,M,22.0,,0.0,2.0,0.0,0.0,127587.22,0.0
15785869.0,Pisano,,France,F,25.0,7.0,0.0,2.0,1.0,0.0,,0.0
15763859.0,Brown,,France,F,43.0,7.0,0.0,2.0,1.0,0.0,90908.95,0.0
15658935.0,Freeman,630.0,Germany,F,34.0,9.0,106937.05,2.0,1.0,0.0,138275.01,0.0
15747358.0,Russell,643.0,Germany,M,59.0,3.0,nan,1.0,,1.0,32171.79,0.0
15735203.0,Seleznyov,654.0,,F,32.0,1.0,114510.85,1.0,,,,0.0
15576256.0,Yusupova,582.0,France,M,39.0,5.0,0.0,2.0,1.0,1.0,129892.93,0.0
15659420.0,Foley,659.0,Spain,M,32.0,3.0,107594.11,2.0,1.0,1.0,102416.84,0.0
15593365.0,Shih,762.0,Spain,M,39.0,,81273.13,1.0,1.0,1.0,18719.67,0.0
15777352.0,Ikedinachukwu,568.0,Spain,F,32.0,7.0,169399.6,1.0,1.0,0.0,61936.22,0.0
15812007.0,Power,670.0,Spain,,nan,6.0,-99999,2.0,,1.0,78358.94,0.0
15625461.0,,613.0,,F,45.0,1.0,187841.99,2.0,1.0,1.0,147224.27,0.0
15739438.0,,539.0,France,M,30.0,0.0,0.0,2.0,1.0,0.0,160979.66,0.0
15611759.0,Simmons,850.0,Spain,F,nan,8.0,126776.3,2.0,,1.0,132298.49,0.0
15661629.0,Ricci,,Spain,M,34.0,9.0,126436.29,1.0,1.0,0.0,174248.52,1.0
15633950.0,Yen,737.0,France,,150,1.0,101960.74,1.0,1.0,1.0,,0.0
,Campbell,520.0,,M,58.0,3.0,0.0,2.0,0.0,1.0,32790.02,0.0
15803716.0,West,706.0,Spain,M,28.0,,0.0,2.0,,1.0,181543.67,0.0
15696674.0,Robinson,643.0,Germany,F,45.0,2.0,nan,1.0,0.0,1.0,2319.96,1.0
15706365.0,Bianchi,,France,F,50.0,9.0,102535.57,1.0,1.0,1.0,189543.19,0.0
15745088.0,Chen,443.0,Germany,F,nan,9.0,99027.61,2.0,1.0,0.0,10940.4,0.0
15676715.0,Madukaego,640.0,France,M,68.0,,0.0,2.0,,1.0,,0.0
,Ibrahimova,628.0,Spain,F,33.0,3.0,0.0,,1.0,1.0,188193.25,
,Nolan,540.0,Germany,F,42.0,9.0,nan,2.0,,0.0,172572.64,0.0
15594720.0,Scott,460.0,Germany,F,35.0,8.0,102742.91,2.0,1.0,,189339.6,0.0
15684042.0,Blair,636.0,Germany,M,nan,2.0,40105.51,2.0,0.0,,53512.16,0.0
15583303.0,Monaldo,593.0,France,F,29.0,,152265.43,1.0,1.0,0.0,,0.0
15611579.0,Sutherland,801.0,Spain,,42.0,4.0,141947.67,1.0,1.0,1.0,10598.29,0.0
15774696.0,Cole,640.0,Germany,F,75.0,1.0,106307.91,,0.0,1.0,113428.77,0.0
15694506.0,Briggs,611.0,Germany,,31.0,0.0,107884.81,2.0,1.0,1.0,183487.98,0.0
15688074.0,Gregory,802.0,Germany,M,31.0,1.0,125013.72,1.0,1.0,1.0,187658.09,
15759537.0,Bianchi,,Germany,M,35.0,7.0,58469.37,,1.0,1.0,,
15758449.0,Angelo,769.0,France,F,39.0,8.0,nan,1.0,0.0,1.0,21016.0,0.0
15583456.0,Gardiner,745.0,Germany,M,150,10.0,117231.63,,1.0,1.0,122381.02,1.0
15667871.0,Kerr,572.0,Spain,M,35.0,4.0,152390.26,1.0,1.0,0.0,128123.66,0.0
15677371.0,Ko,629.0,Spain,F,30.0,2.0,34013.63,1.0,1.0,0.0,19570.63,0.0
15629677.0,Distefano,687.0,Spain,F,nan,,0.0,,0.0,0.0,188150.6,1.0
15713578.0,Farrell,483.0,France,F,50.0,,0.0,2.0,1.0,1.0,111020.24,0.0
15591509.0,Milano,690.0,France,,36.0,7.0,101583.11,2.0,1.0,0.0,123775.15,
15568240.0,Ting,492.0,Germany,F,nan,10.0,77168.87,2.0,0.0,,146700.22,0.0
15622993.0,Boyd,,Germany,M,28.0,8.0,124695.72,2.0,1.0,0.0,145251.35,0.0
15689294.0,Onyemaechi,705.0,,M,150,3.0,105934.96,1.0,1.0,,82463.69,0.0
15720910.0,,,France,F,66.0,9.0,0.0,,1.0,1.0,15928.49,0.0
15721181.0,Oliver,611.0,Spain,M,46.0,6.0,0.0,2.0,,0.0,45886.33,0.0
15776433.0,Greco,730.0,Spain,M,62.0,2.0,0.0,2.0,1.0,1.0,186489.95,0.0
15748936.0,Whitehead,709.0,,F,45.0,2.0,0.0,2.0,0.0,1.0,,0.0
15717225.0,Ikemefuna,544.0,France,F,150,,161525.96,,1.0,0.0,,0.0
15685226.0,Morrison,712.0,Germany,F,150,7.0,147199.07,1.0,,1.0,84932.4,0.0
15785611.0,,752.0,Germany,M,38.0,3.0,nan,1.0,1.0,1.0,71557.12,0.0
15573456.0,Cunningham,648.0,Spain,M,46.0,9.0,127209.0,2.0,1.0,,77405.95,1.0
15684548.0,,556.0,Spain,M,38.0,8.0,0.0,2.0,0.0,0.0,417.41,1.0
,Celis,594.0,Spain,F,24.0,0.0,97378.54,,1.0,1.0,71405.17,0.0
,Cheng,645.0,Germany,F,37.0,2.0,136925.09,2.0,0.0,1.0,153400.24,0.0
15584766.0,Knight,557.0,France,M,33.0,3.0,54503.55,1.0,1.0,1.0,371.05,0.0
15612187.0,Morin,547.0,Germany,,32.0,8.0,155726.85,1.0,1.0,0.0,67789.99,0.0
,Mills,701.0,France,F,39.0,,-99999,2.0,0.0,1.0,145894.9,0.0
,,616.0,France,F,66.0,1.0,135842.41,1.0,1.0,0.0,183840.51,1.0
15690452.0,,605.0,France,M,52.0,1.0,63349.75,1.0,1.0,0.0,108887.44,0.0
15747795.0,Pai,593.0,Germany,,38.0,4.0,129499.42,1.0,1.0,1.0,154071.27,0.0
15781589.0,,751.0,Spain,M,52.0,8.0,0.0,2.0,,1.0,179291.85,0.0
15732674.0,Fennell,443.0,Spain,,36.0,6.0,70438.01,2.0,,1.0,56937.43,0.0
15642291.0,Fontaine,685.0,France,M,23.0,,nan,,1.0,1.0,,
15692761.0,Pratt,718.0,France,,36.0,9.0,0.0,1.0,,0.0,45909.87,0.0
15578045.0,Mitchell,,Spain,F,49.0,9.0,141434.04,,0.0,,173779.25,
,Franklin,,Spain,F,nan,4.0,0.0,2.0,1.0,0.0,125696.26,0.0
15701376.0,K'ung,668.0,Germany,M,37.0,10.0,nan,2.0,1.0,1.0,159585.61,0.0
15691625.0,Ko,537.0,Germany,F,41.0,3.0,138306.34,,1.0,,,0.0
15566594.0,McKenzie,,Spain,M,23.0,10.0,0.0,2.0,0.0,0.0,,0.0
15760431.0,Pino,850.0,France,M,38.0,1.0,0.0,,1.0,1.0,80006.65,0.0
15686302.0,Fisk,745.0,Spain,,nan,3.0,124328.84,1.0,1.0,,140451.52,
,Chiang,693.0,,F,nan,,-99999,3.0,1.0,1.0,,1.0
15810432.0,Moseley,795.0,Spain,M,35.0,8.0,-99999,2.0,1.0,0.0,167155.36,0.0
15809616.0,Hsiung,626.0,Spain,M,26.0,8.0,0.0,2.0,0.0,0.0,191420.71,0.0
15720559.0,,,Germany,F,61.0,5.0,110368.03,,0.0,0.0,11384.45,1.0
15695632.0,Dellucci,556.0,France,F,nan,9.0,89588.35,1.0,1.0,1.0,94898.1,0.0
15659843.0,Li,643.0,France,F,46.0,6.0,0.0,2.0,0.0,0.0,,0.0
15615624.0,De Salis,605.0,France,F,28.0,6.0,0.0,2.0,0.0,0.0,159508.52,0.0
,T'ang,756.0,Germany,F,60.0,3.0,115924.89,1.0,1.0,0.0,93524.19,1.0
15716186.0,Richardson,586.0,France,,38.0,2.0,0.0,2.0,1.0,0.0,87168.46,0.0
15674551.0,Fitch,535.0,Germany,M,40.0,7.0,111756.5,1.0,1.0,0.0,8128.32,1.0
15622834.0,Stevenson,678.0,France,F,35.0,4.0,0.0,,1.0,0.0,125518.32,
15566111.0,Estes,596.0,France,M,39.0,9.0,0.0,1.0,,0.0,48963.59,0.0
15784597.0,,,France,M,26.0,9.0,162923.85,1.0,1.0,0.0,98368.24,0.0
15652883.0,Chung,492.0,,M,39.0,10.0,124576.65,2.0,,0.0,148584.61,
15806964.0,,702.0,,M,45.0,0.0,80793.58,1.0,1.0,1.0,27474.81,0.0
15576313.0,Wei,486.0,Germany,F,40.0,9.0,71340.09,1.0,,0.0,76192.21,0.0
15806467.0,Boyle,568.0,Germany,M,nan,1.0,99282.63,1.0,,0.0,134600.94,1.0
15597602.0,Nwachinemelu,619.0,,M,57.0,3.0,137946.39,,,1.0,72467.99,
15743040.0,Kuznetsova,724.0,Germany,M,41.0,2.0,127892.57,2.0,0.0,1.0,199645.45,0.0
,Pisani,548.0,Germany,F,33.0,0.0,101084.36,1.0,1.0,0.0,42749.85,0.0
15595039.0,Manna,,Germany,F,nan,8.0,114754.08,1.0,1.0,,136050.44,1.0
15799384.0,Collier,683.0,France,,33.0,,0.0,1.0,0.0,0.0,73564.44,0.0
15581197.0,Ricci,762.0,France,F,nan,3.0,99286.98,1.0,0.0,1.0,,0.0
15693737.0,Carr,627.0,Germany,F,30.0,4.0,-99999,2.0,1.0,0.0,129826.89,0.0
15624623.0,,516.0,France,M,35.0,10.0,104088.59,2.0,,0.0,,
15783501.0,Findlay,800.0,France,,38.0,2.0,168190.33,2.0,1.0,0.0,,0.0
15690134.0,Hughes,464.0,Germany,F,42.0,3.0,85679.25,1.0,1.0,1.0,164104.74,0.0
,Chukwuemeka,626.0,,F,35.0,3.0,0.0,,0.0,0.0,80190.36,0.0
15611088.0,Genovese,790.0,France,F,31.0,9.0,0.0,2.0,1.0,0.0,84126.75,0.0
15672145.0,Swift,534.0,France,F,34.0,7.0,121551.58,2.0,1.0,1.0,70179.0,0.0
15732628.0,,745.0,France,M,46.0,2.0,122220.19,1.0,,1.0,118024.1,0.0
15787470.0,Parkinson,553.0,Spain,M,47.0,3.0,116528.15,1.0,0.0,0.0,145704.19,1.0
15803406.0,Ross,748.0,France,F,26.0,1.0,77780.29,1.0,0.0,1.0,183049.41,0.0
15730460.0,Oleary,722.0,,M,37.0,2.0,0.0,1.0,0.0,0.0,120906.83,0.0
15644572.0,Turnbull,501.0,France,M,40.0,4.0,125832.2,1.0,1.0,1.0,100433.83,0.0
15694860.0,Uspensky,675.0,France,F,38.0,6.0,68065.8,1.0,0.0,0.0,138777.0,1.0
15658169.0,Cook,778.0,Spain,F,47.0,6.0,127299.34,2.0,1.0,0.0,124694.99,0.0
15794396.0,Newbold,494.0,Germany,F,38.0,7.0,174937.64,1.0,1.0,0.0,40084.32,0.0
15785798.0,Uchechukwu,850.0,France,M,40.0,9.0,-99999,2.0,,1.0,119232.33,0.0
15710825.0,,592.0,Spain,M,31.0,7.0,110071.1,1.0,,0.0,43921.36,0.0
15668444.0,He,590.0,Spain,F,44.0,3.0,139432.37,1.0,1.0,0.0,62222.81,
15726631.0,Hilton,758.0,France,F,39.0,6.0,127357.76,1.0,0.0,1.0,56577.0,0.0
15733797.0,Sal,506.0,France,M,36.0,5.0,0.0,2.0,1.0,0.0,164253.35,0.0
15747960.0,Eluemuno,733.0,France,M,nan,3.0,0.0,1.0,1.0,1.0,7666.73,0.0
15634632.0,Titus,711.0,France,M,38.0,3.0,0.0,2.0,1.0,0.0,68487.51,0.0
15707362.0,,514.0,,M,43.0,1.0,95556.31,1.0,0.0,1.0,199273.98,
15662976.0,Lettiere,637.0,,M,37.0,8.0,0.0,1.0,1.0,1.0,,0.0
15732778.0,Templeman,468.0,Germany,M,29.0,1.0,111681.98,2.0,1.0,1.0,,0.0
15718443.0,Chibuzo,539.0,France,M,150,3.0,0.0,2.0,,0.0,36692.17,0.0
15670039.0,Sun,509.0,,F,25.0,3.0,108738.71,2.0,1.0,0.0,,0.0
15773792.0,,662.0,France,F,32.0,4.0,nan,1.0,1.0,,48725.68,
,Ogbonnaya,818.0,Spain,,nan,4.0,0.0,2.0,1.0,1.0,167036.94,0.0
15726032.0,Enyinnaya,608.0,,M,33.0,9.0,89968.69,1.0,1.0,0.0,68777.26,0.0
15663252.0,Olisanugo,850.0,,F,32.0,9.0,0.0,,1.0,1.0,,0.0
15593782.0,,816.0,Germany,F,38.0,5.0,130878.75,3.0,,0.0,71905.77,1.0
,Padovano,536.0,,M,35.0,8.0,0.0,2.0,1.0,,64833.28,0.0
,Fisk,753.0,France,M,150,3.0,nan,2.0,1.0,1.0,184843.77,0.0
15759298.0,Shih,631.0,Spain,,27.0,10.0,134169.62,1.0,1.0,1.0,,0.0
15683625.0,Hare,703.0,France,M,37.0,,149762.08,1.0,1.0,0.0,20629.4,1.0
,Muir,774.0,France,M,150,2.0,93844.69,1.0,1.0,0.0,28415.36,0.0
15681705.0,Fanucci,785.0,France,M,28.0,8.0,0.0,2.0,1.0,0.0,77231.27,0.0
15603156.0,Elewechi,571.0,France,F,33.0,1.0,0.0,2.0,1.0,0.0,102750.7,0.0
15591986.0,Johnston,621.0,Germany,,46.0,6.0,141078.37,1.0,0.0,0.0,34580.8,1.0
15798888.0,Pisano,605.0,Germany,F,31.0,1.0,117992.59,,1.0,1.0,183598.77,
,Ankudinov,611.0,France,F,40.0,8.0,100812.33,2.0,1.0,,147358.27,0.0
15677538.0,Nwokike,569.0,France,M,38.0,7.0,0.0,1.0,1.0,1.0,108469.2,0.0
15797736.0,Smith,658.0,France,M,29.0,4.0,80262.6,1.0,1.0,1.0,20612.82,0.0
15695585.0,Atkins,788.0,Spain,M,34.0,6.0,156478.62,1.0,0.0,1.0,181196.76,0.0
15744398.0,Burns,,France,F,23.0,5.0,0.0,2.0,1.0,,160249.1,0.0
15750658.0,Obiuto,,France,,37.0,8.0,0.0,3.0,0.0,0.0,110783.28,0.0
15578186.0,Pirozzi,486.0,Germany,M,37.0,9.0,115217.99,2.0,1.0,0.0,,0.0
15676519.0,George,,,M,61.0,9.0,0.0,2.0,1.0,0.0,150227.85,1.0
15637954.0,Lewis,730.0,France,F,nan,,155470.55,1.0,1.0,1.0,53718.28,0.0
15758639.0,Moran,641.0,France,M,37.0,,0.0,2.0,,0.0,75248.3,0.0
15613772.0,Dalrymple,542.0,France,M,39.0,3.0,135096.77,1.0,1.0,1.0,,1.0
15731744.0,Carslaw,692.0,France,M,30.0,2.0,nan,2.0,0.0,1.0,130486.57,0.0
15807709.0,Kirby,714.0,Germany,F,55.0,9.0,180075.22,1.0,1.0,1.0,100127.71,0.0
15714689.0,Houghton,591.0,Spain,M,29.0,1.0,97541.24,1.0,1.0,1.0,196356.17,
,Martin,710.0,France,F,41.0,2.0,156067.05,1.0,1.0,,9983.88,0.0
15624170.0,Tan,639.0,France,F,nan,4.0,81550.94,,0.0,1.0,118974.77,0.0
15725679.0,Hsia,531.0,France,F,47.0,6.0,nan,1.0,0.0,0.0,194998.34,1.0
15585865.0,Westerberg,673.0,France,F,38.0,2.0,170061.92,,0.0,0.0,134901.34,1.0
15804256.0,Hale,765.0,Germany,M,36.0,8.0,nan,,1.0,1.0,72924.56,0.0
15662403.0,Kryukova,622.0,France,,32.0,6.0,nan,2.0,1.0,0.0,101057.95,0.0
15733616.0,Sopuluchukwu,,France,,40.0,5.0,80613.93,1.0,1.0,1.0,142838.64,0.0
15591995.0,Barry,757.0,Germany,M,150,8.0,121581.56,2.0,1.0,1.0,127059.04,0.0
15677020.0,Selezneva,570.0,France,F,58.0,8.0,nan,1.0,0.0,1.0,116503.92,1.0
15727688.0,Chizuoke,555.0,Spain,M,32.0,4.0,0.0,2.0,1.0,1.0,54405.79,0.0
,Lueck,692.0,France,M,150,5.0,0.0,2.0,1.0,1.0,,0.0
15714485.0,Udinese,774.0,France,M,nan,5.0,85891.55,1.0,1.0,0.0,74135.48,1.0
15730059.0,Udobata,638.0,Spain,M,44.0,9.0,-99999,2.0,1.0,,111346.22,0.0
15715527.0,Freeman,543.0,Spain,F,41.0,4.0,0.0,1.0,0.0,,194902.16,0.0
15576623.0,Outlaw,,France,M,31.0,5.0,0.0,2.0,1.0,0.0,31474.27,
15805565.0,Obiuto,691.0,Germany,M,30.0,7.0,116927.89,1.0,1.0,0.0,21198.39,0.0
15677307.0,Lo,684.0,Germany,F,40.0,6.0,137326.65,1.0,1.0,0.0,186976.6,0.0
,,733.0,France,M,150,5.0,nan,2.0,1.0,1.0,117202.19,0.0
15598883.0,King,599.0,Spain,F,37.0,,0.0,2.0,1.0,1.0,143739.29,0.0
15568506.0,Forbes,524.0,Germany,F,31.0,,67238.98,2.0,1.0,1.0,161811.23,0.0
15761043.0,,632.0,Germany,F,nan,6.0,nan,2.0,1.0,0.0,98090.91,0.0
15782236.0,Gibbs,735.0,Spain,M,nan,5.0,0.0,2.0,0.0,0.0,71095.41,0.0
15593601.0,Isayev,734.0,France,M,34.0,6.0,133598.4,1.0,1.0,1.0,13107.24,0.0
15682048.0,Pisano,605.0,France,F,51.0,,136188.78,1.0,,1.0,67110.59,1.0
,Belstead,793.0,Spain,M,38.0,9.0,0.0,2.0,1.0,0.0,88225.02,0.0
15752081.0,,468.0,France,F,56.0,10.0,0.0,3.0,0.0,1.0,62256.87,
15781307.0,Schneider,779.0,Germany,M,37.0,,120092.52,2.0,1.0,0.0,135925.72,0.0
15775912.0,Mazzanti,698.0,France,,48.0,4.0,101238.24,2.0,0.0,1.0,177815.87,1.0
,Knipe,707.0,France,M,58.0,,89685.92,,0.0,1.0,126471.13,0.0
15671256.0,Macartney,850.0,France,F,35.0,1.0,211774.31,1.0,1.0,0.0,188574.12,1.0
15653547.0,Madukwe,850.0,France,,56.0,,131317.48,1.0,1.0,1.0,119175.45,0.0
15595766.0,Watts,527.0,,M,150,5.0,93722.73,2.0,1.0,1.0,139093.73,0.0
15742358.0,Humphreys,696.0,Germany,M,32.0,,nan,1.0,1.0,,115916.55,0.0
15763274.0,Wu,661.0,France,M,48.0,,120320.54,1.0,0.0,0.0,96463.25,0.0
15786063.0,Chin,,France,F,31.0,2.0,-99999,2.0,1.0,,112349.51,0.0
15600258.0,Chesnokova,701.0,France,M,43.0,2.0,0.0,2.0,1.0,1.0,165303.79,0.0
15573318.0,Kung,610.0,France,M,26.0,8.0,0.0,2.0,1.0,0.0,,0.0
15653849.0,Lu,572.0,Germany,F,48.0,3.0,152827.99,1.0,1.0,0.0,38411.79,1.0
15694272.0,Nkemakolam,,France,,30.0,1.0,64097.75,,1.0,1.0,77783.35,0.0
15736112.0,Walton,519.0,Spain,F,57.0,2.0,119035.35,2.0,,1.0,29871.79,0.0
15749851.0,Brookes,702.0,Spain,F,26.0,4.0,135219.57,1.0,0.0,1.0,59747.63,0.0
15663478.0,,729.0,France,M,32.0,6.0,93694.42,,1.0,1.0,79919.13,0.0
15592300.0,Mai,543.0,Spain,M,35.0,10.0,nan,1.0,1.0,0.0,76773.53,0.0
,Shih,550.0,France,F,40.0,7.0,114354.95,,1.0,,54018.93,0.0
15776780.0,He,608.0,,M,59.0,1.0,0.0,1.0,1.0,0.0,70649.64,1.0
15592846.0,Fiorentini,639.0,Germany,M,35.0,,128173.9,2.0,1.0,0.0,59093.39,
15739803.0,Lucciano,686.0,Spain,M,34.0,9.0,0.0,2.0,1.0,0.0,127569.8,0.0
15794142.0,Ferreira,564.0,Germany,F,62.0,5.0,114931.35,3.0,0.0,1.0,18260.98,1.0
15762729.0,Ukaegbunam,745.0,,F,28.0,1.0,111071.36,1.0,1.0,0.0,73275.96,1.0
15667896.0,De Luca,833.0,France,M,37.0,8.0,151226.18,2.0,1.0,1.0,136129.49,0.0
15626578.0,Milne,622.0,France,M,nan,9.0,0.0,2.0,1.0,1.0,153237.59,0.0
15776223.0,,597.0,France,F,42.0,4.0,-99999,1.0,1.0,1.0,106841.12,0.0
15705953.0,Kodilinyechukwu,721.0,Spain,,51.0,0.0,169312.13,1.0,1.0,0.0,109078.35,1.0
15802593.0,,504.0,France,F,49.0,,nan,3.0,0.0,1.0,87822.14,1.0
15615457.0,Burns,842.0,Spain,F,44.0,2.0,112652.08,2.0,1.0,0.0,126644.98,0.0
15708916.0,Paterson,587.0,France,M,38.0,0.0,0.0,2.0,1.0,0.0,,0.0
15720187.0,Han,479.0,Germany,F,30.0,7.0,143964.36,,1.0,0.0,41879.99,
15595440.0,Kryukova,508.0,France,M,49.0,7.0,122451.46,2.0,1.0,,,0.0
15600651.0,Ijendu,749.0,France,M,24.0,1.0,0.0,3.0,,1.0,47911.03,0.0
15750141.0,Reichard,721.0,Germany,F,36.0,3.0,65253.07,2.0,1.0,0.0,28737.78,0.0
15657284.0,Day,674.0,Germany,M,47.0,6.0,106901.94,1.0,1.0,,2079.2,1.0
,Price,685.0,Spain,F,25.0,10.0,128509.63,1.0,1.0,0.0,121562.33,0.0
15709324.0,Bruce,417.0,France,M,34.0,7.0,0.0,2.0,1.0,0.0,55003.79,0.0
,Sumrall,574.0,Germany,M,33.0,3.0,129834.67,1.0,1.0,,193131.42,0.0
15775318.0,Lu,590.0,Spain,F,51.0,3.0,154962.99,,0.0,1.0,191932.27,1.0
,Lazarev,587.0,Germany,M,40.0,5.0,nan,2.0,1.0,0.0,159418.1,
,Miller,598.0,,M,41.0,3.0,91536.93,1.0,1.0,0.0,191468.78,1.0
15717046.0,Wentworth-Shields,741.0,Spain,M,nan,3.0,0.0,2.0,1.0,1.0,38913.68,0.0
15571816.0,,850.0,Spain,F,70.0,5.0,0.0,1.0,1.0,1.0,,0.0
15670080.0,Mackenzie,584.0,Germany,F,29.0,7.0,nan,,0.0,1.0,138490.03,0.0
,Power,650.0,Spain,M,61.0,1.0,152968.73,1.0,0.0,1.0,82970.69,0.0
15665678.0,Tan,607.0,Spain,,36.0,8.0,158261.68,1.0,1.0,1.0,,0.0
15665956.0,Pendergrass,509.0,,F,46.0,1.0,0.0,1.0,1.0,0.0,71244.59,
15788126.0,,689.0,Spain,F,38.0,6.0,nan,1.0,1.0,1.0,,
15811773.0,Hsia,543.0,,M,36.0,,0.0,2.0,1.0,1.0,141210.5,0.0
15651674.0,Billson,438.0,,F,54.0,2.0,0.0,,0.0,0.0,191763.07,1.0
15689614.0,Teng,687.0,Spain,F,63.0,1.0,nan,1.0,1.0,1.0,37938.74,0.0
15795564.0,Moretti,737.0,Germany,M,31.0,5.0,121192.22,2.0,1.0,1.0,74890.58,
15706647.0,Jordan,761.0,France,M,31.0,7.0,0.0,3.0,1.0,1.0,166698.18,0.0
15728505.0,Ts'ao,601.0,France,M,44.0,1.0,nan,2.0,,1.0,62678.53,0.0
15730076.0,Osborne,651.0,France,M,nan,1.0,0.0,1.0,1.0,0.0,67740.08,1.0
15622003.0,Carslaw,745.0,France,M,35.0,9.0,92566.53,2.0,1.0,0.0,161519.77,0.0
15607312.0,Ch'ang,648.0,Spain,F,49.0,10.0,0.0,2.0,1.0,1.0,159835.78,1.0
15644753.0,Hung,848.0,Spain,M,40.0,3.0,nan,1.0,1.0,1.0,30876.84,0.0
15653620.0,Gordon,546.0,France,F,27.0,8.0,0.0,2.0,1.0,1.0,14858.1,
,Obialo,439.0,Spain,F,150,3.0,-99999,1.0,1.0,,75685.97,0.0
15633922.0,,755.0,France,M,30.0,4.0,123217.66,2.0,0.0,1.0,144183.1,0.0
15734674.0,Lin,593.0,France,F,41.0,,0.0,1.0,1.0,0.0,65170.66,0.0
15658032.0,Hopkins,701.0,,M,39.0,2.0,0.0,2.0,1.0,1.0,82526.92,0.0
15692671.0,Dobson,701.0,Spain,M,36.0,8.0,0.0,2.0,1.0,0.0,169161.46,0.0
15737741.0,McKay,607.0,Spain,F,33.0,2.0,108431.87,2.0,0.0,1.0,109291.39,1.0
15576352.0,Revell,586.0,,F,57.0,3.0,0.0,2.0,0.0,1.0,6057.81,0.0
15753719.0,Rickards,547.0,Germany,F,30.0,9.0,72392.41,,1.0,0.0,77077.14,0.0
15803689.0,Begum,647.0,Germany,F,51.0,1.0,119741.77,2.0,,0.0,54954.51,1.0
15718057.0,Onyinyechukwuka,760.0,France,F,nan,2.0,100946.71,1.0,0.0,0.0,179614.8,1.0
,Zuyev,621.0,Spain,M,53.0,9.0,170491.84,1.0,1.0,0.0,35588.07,1.0
15680998.0,Nwankwo,725.0,France,M,44.0,5.0,0.0,1.0,1.0,1.0,117356.14,0.0
15614782.0,Hao,526.0,France,M,36.0,,0.0,1.0,1.0,0.0,160696.72,0.0
15591047.0,Ma,519.0,Spain,F,47.0,6.0,157296.02,2.0,0.0,0.0,147278.43,1.0
15788291.0,Okwuadigbo,,Germany,,38.0,7.0,144606.22,1.0,1.0,1.0,56594.36,1.0
15604044.0,Mitchell,700.0,France,M,38.0,8.0,134811.3,1.0,1.0,0.0,1299.75,0.0
15679587.0,,666.0,France,,34.0,9.0,115897.12,1.0,1.0,1.0,25095.03,0.0
15775153.0,Buchi,630.0,Spain,M,150,4.0,82034.0,1.0,0.0,0.0,146326.45,
15603925.0,,779.0,Spain,,26.0,4.0,174318.13,2.0,0.0,1.0,38296.21,0.0
15680970.0,Lombardi,611.0,Germany,F,41.0,2.0,114206.84,1.0,1.0,0.0,,0.0
15697183.0,Uchenna,685.0,Spain,M,150,9.0,0.0,2.0,1.0,0.0,107811.28,0.0
15567446.0,Coffman,646.0,Germany,M,39.0,9.0,111574.41,1.0,1.0,1.0,30838.51,
,Alexandrova,683.0,Germany,F,57.0,5.0,162448.69,1.0,0.0,0.0,9221.78,1.0
15714939.0,Fallaci,,Germany,F,34.0,4.0,148249.54,1.0,0.0,1.0,33738.27,
15683503.0,Hudson,601.0,France,F,43.0,8.0,nan,3.0,0.0,1.0,110916.15,1.0
,Mai,762.0,Spain,F,26.0,7.0,123709.46,2.0,1.0,1.0,169654.57,0.0
15782569.0,Stout,687.0,France,F,72.0,9.0,0.0,1.0,0.0,1.0,69829.4,
15592387.0,Burke,566.0,France,M,30.0,5.0,0.0,,1.0,0.0,54926.51,1.0
15609286.0,Chadwick,702.0,France,M,37.0,10.0,150525.8,1.0,1.0,1.0,94728.49,0.0
,Lawrence,601.0,France,M,29.0,9.0,0.0,1.0,1.0,,80393.27,0.0
15661249.0,Bellucci,699.0,France,M,53.0,4.0,nan,2.0,0.0,,111307.98,0.0
15629117.0,Harper,584.0,France,M,28.0,10.0,nan,2.0,1.0,0.0,19834.32,0.0
15607170.0,Boyle,699.0,France,M,35.0,5.0,0.0,2.0,,1.0,78397.24,
15586585.0,Duncan,698.0,Germany,F,51.0,2.0,nan,1.0,1.0,0.0,86410.28,0.0
15686611.0,Moss,495.0,France,M,30.0,10.0,nan,1.0,0.0,0.0,172749.65,0.0
15603203.0,Avdeyeva,650.0,France,F,27.0,6.0,0.0,2.0,1.0,0.0,1002.39,0.0
15619857.0,Crawford,605.0,France,F,64.0,2.0,nan,1.0,,1.0,13601.79,0.0
15805062.0,Lynton,667.0,Spain,M,38.0,1.0,87202.38,1.0,1.0,1.0,77866.91,0.0
15660271.0,Duncan,688.0,Germany,M,nan,8.0,146133.39,1.0,,1.0,,0.0
15745295.0,,727.0,Spain,,31.0,0.0,-99999,1.0,1.0,0.0,121751.04,1.0
15719352.0,Davidson,754.0,Spain,M,39.0,,170184.99,2.0,1.0,0.0,89593.26,0.0
15766575.0,Larionova,612.0,Germany,F,62.0,8.0,140745.33,1.0,1.0,0.0,193437.89,1.0
15594594.0,Loggia,546.0,Spain,M,nan,7.0,-99999,1.0,1.0,1.0,86945.0,0.0
15646161.0,Steinhoff,673.0,,F,37.0,8.0,0.0,,1.0,1.0,183318.79,
15682585.0,Guerra,593.0,France,,35.0,9.0,114193.24,1.0,,0.0,71154.1,0.0
15603134.0,Pai,656.0,Spain,F,40.0,10.0,167878.5,1.0,0.0,1.0,151887.16,0.0
15636444.0,Craig,535.0,Germany,F,53.0,5.0,141616.55,2.0,1.0,1.0,75888.65,
15773456.0,Lazareva,678.0,Germany,M,36.0,3.0,145747.67,2.0,0.0,1.0,89566.74,0.0
15745307.0,Ch'iu,477.0,Spain,,nan,2.0,129120.64,1.0,0.0,1.0,26475.79,0.0
15604119.0,Alderete,850.0,Spain,M,35.0,7.0,110349.82,,0.0,0.0,126355.8,0.0
15626900.0,Kung,427.0,France,M,150,1.0,141325.56,1.0,1.0,1.0,93839.3,
15605447.0,Palermo,752.0,France,M,150,2.0,78653.84,1.0,1.0,0.0,7698.6,0.0
15589030.0,Ts'ai,649.0,France,M,nan,1.0,nan,2.0,1.0,,145593.85,0.0
15692463.0,Rahman,799.0,Spain,F,150,,142253.65,1.0,1.0,0.0,45042.56,0.0
15712403.0,McMillan,,France,F,61.0,1.0,0.0,,1.0,0.0,61108.56,
15811762.0,Pickering,583.0,Germany,F,54.0,6.0,115988.86,1.0,1.0,0.0,57553.98,1.0
15718673.0,Mirams,839.0,Spain,,33.0,10.0,75592.43,1.0,1.0,0.0,62674.42,0.0
,Tsao,540.0,Germany,M,44.0,3.0,164113.04,2.0,1.0,1.0,12120.79,0.0
15738181.0,Douglas,850.0,France,M,nan,6.0,67996.23,2.0,0.0,0.0,,1.0
15633648.0,Jideofor,696.0,Spain,F,nan,5.0,0.0,2.0,1.0,0.0,55022.43,0.0
15603323.0,,660.0,Spain,F,33.0,1.0,0.0,2.0,0.0,0.0,117834.91,
15583725.0,Mairinger,682.0,France,M,48.0,1.0,138778.15,1.0,0.0,1.0,168840.23,0.0
15588350.0,McIntyre,744.0,France,F,43.0,10.0,147832.15,1.0,0.0,,,0.0
15798398.0,Pagnotto,785.0,France,F,36.0,4.0,nan,1.0,0.0,0.0,190627.01,0.0
15784844.0,K'ung,752.0,Spain,M,48.0,5.0,-99999,1.0,1.0,0.0,156618.38,1.0
15580684.0,Feng,706.0,France,,29.0,5.0,112564.62,1.0,,0.0,42334.38,0.0
15809663.0,Donaldson,583.0,France,F,27.0,1.0,125406.58,1.0,1.0,1.0,,0.0
15640078.0,,,Germany,F,nan,5.0,135134.99,1.0,,0.0,173683.0,
15698786.0,Marcelo,819.0,France,F,39.0,9.0,133102.92,,,0.0,27046.46,1.0
15569807.0,Ejimofor,673.0,France,,34.0,8.0,nan,1.0,1.0,0.0,20598.59,1.0
,Dale,,France,F,30.0,3.0,-99999,,1.0,1.0,104991.28,
15805112.0,Pokrovsky,578.0,France,M,38.0,7.0,82259.29,1.0,1.0,0.0,,
15633064.0,Stonebraker,438.0,France,F,36.0,4.0,0.0,2.0,1.0,0.0,64420.5,0.0
,Liang,652.0,France,M,38.0,6.0,0.0,2.0,1.0,1.0,145700.22,0.0
15730447.0,Anderson,629.0,France,F,49.0,4.0,nan,2.0,,1.0,196335.48,0.0
15813850.0,Christian,720.0,France,M,52.0,7.0,0.0,,1.0,1.0,14781.12,
15711889.0,Mao,668.0,France,M,42.0,3.0,150461.07,1.0,1.0,,108139.23,0.0
15664610.0,Campbell,459.0,Germany,M,48.0,4.0,-99999,1.0,1.0,1.0,19287.06,1.0
15751710.0,Ginikanwa,729.0,Spain,M,31.0,8.0,164870.81,2.0,1.0,,9567.39,0.0
15692926.0,Toscani,498.0,Germany,M,25.0,8.0,121702.73,1.0,1.0,1.0,132210.49,0.0
15813741.0,Nnachetam,549.0,Spain,M,25.0,6.0,193858.2,1.0,0.0,,21600.11,0.0
15698474.0,,601.0,Germany,F,54.0,1.0,-99999,2.0,1.0,,199661.5,0.0
15568595.0,Fleming,544.0,France,M,150,9.0,113829.45,1.0,1.0,1.0,124341.49,0.0
15603065.0,Grubb,751.0,France,F,30.0,6.0,0.0,2.0,1.0,0.0,15766.1,
15592937.0,Napolitani,632.0,Germany,F,41.0,3.0,81877.38,1.0,1.0,1.0,33642.21,0.0
15699637.0,Anenechi,694.0,Spain,M,57.0,8.0,116326.07,1.0,1.0,1.0,117704.65,0.0
15667215.0,Chandler,,France,M,31.0,2.0,0.0,2.0,1.0,,58803.28,0.0
15788659.0,Howells,695.0,France,M,46.0,4.0,0.0,2.0,1.0,,137537.22,0.0
,Akeroyd,661.0,France,F,41.0,1.0,0.0,2.0,0.0,1.0,131300.68,0.0
15645772.0,Onwumelu,661.0,France,M,33.0,9.0,0.0,2.0,1.0,1.0,84174.81,0.0
15725511.0,Wallace,559.0,France,F,31.0,3.0,127070.73,1.0,0.0,1.0,160941.78,0.0
15575024.0,Uwaezuoke,503.0,France,M,29.0,3.0,0.0,2.0,1.0,1.0,143954.99,0.0
15640825.0,Loyau,,Spain,M,46.0,3.0,122549.64,1.0,1.0,1.0,56297.85,0.0
15662397.0,Small,640.0,France,F,42.0,5.0,176099.13,1.0,1.0,1.0,8404.73,0.0
15576368.0,Bledsoe,624.0,Germany,F,48.0,3.0,122388.38,2.0,0.0,0.0,30020.09,0.0
15674991.0,Kao,667.0,,M,42.0,9.0,0.0,,0.0,1.0,,0.0
15721024.0,Wickens,642.0,France,M,26.0,0.0,0.0,,0.0,,47472.68,0.0
15745621.0,Wertheim,640.0,Spain,F,nan,6.0,118879.35,2.0,1.0,1.0,19131.71,0.0
15642394.0,He,529.0,Spain,M,35.0,5.0,0.0,2.0,1.0,1.0,187288.5,
15754605.0,Jarvis,563.0,France,F,39.0,5.0,-99999,2.0,1.0,1.0,17603.81,0.0
15607040.0,P'an,593.0,Spain,F,38.0,,88736.44,2.0,1.0,,,0.0
15715142.0,Repina,739.0,Germany,M,nan,7.0,-99999,1.0,0.0,1.0,147802.94,
15810978.0,Pugliesi,,Spain,,70.0,1.0,0.0,2.0,1.0,1.0,41610.62,0.0
15668886.0,,684.0,Spain,F,38.0,3.0,0.0,2.0,1.0,0.0,44255.65,
15780804.0,Nucci,482.0,France,M,55.0,5.0,nan,1.0,0.0,1.0,78416.14,0.0
15613880.0,Higinbotham,591.0,Spain,M,58.0,5.0,128468.69,1.0,0.0,1.0,137254.55,0.0
15775238.0,Achebe,651.0,Germany,F,nan,4.0,133432.59,1.0,0.0,1.0,151303.48,0.0
15786905.0,Russo,749.0,Germany,F,40.0,,141782.57,2.0,0.0,,86333.63,0.0
15747867.0,Trevisani,583.0,,M,24.0,9.0,135125.28,1.0,0.0,0.0,89801.9,
15600337.0,Dobie,,Spain,M,42.0,2.0,178820.91,1.0,0.0,0.0,29358.57,
,Maccallum,715.0,France,F,31.0,2.0,112212.14,,1.0,1.0,181600.72,0.0
15579334.0,Watkins,769.0,Germany,F,45.0,5.0,126674.81,1.0,1.0,0.0,124118.71,1.0
15802741.0,Mitchel,625.0,France,F,51.0,7.0,136294.97,1.0,1.0,0.0,38867.46,1.0
15720649.0,Ferdinand,641.0,France,F,36.0,5.0,66392.64,,1.0,0.0,,0.0
15589493.0,Otitodilinna,716.0,Germany,M,27.0,1.0,122552.34,2.0,1.0,0.0,67611.36,0.0
15688251.0,Mamelu,767.0,France,M,43.0,1.0,76408.85,2.0,1.0,0.0,77837.63,0.0
,Beneventi,,Germany,M,36.0,8.0,145071.24,1.0,0.0,0.0,6078.46,
15740900.0,Perrodin,589.0,France,M,34.0,6.0,0.0,2.0,1.0,1.0,177896.92,0.0
15681068.0,Chinagorom,796.0,France,,45.0,2.0,109730.22,1.0,1.0,1.0,123882.73,0.0
15748625.0,Napolitano,664.0,France,M,57.0,6.0,0.0,2.0,1.0,1.0,15304.08,0.0
15727299.0,Edgar,445.0,,M,62.0,1.0,64119.38,1.0,1.0,1.0,76569.64,1.0
15620204.0,Walker,543.0,Germany,F,57.0,1.0,106138.33,2.0,,,120657.32,1.0
15669516.0,Steele,746.0,Spain,M,36.0,2.0,0.0,2.0,1.0,,16436.56,0.0
15736534.0,Elkins,742.0,Germany,,33.0,0.0,181656.51,1.0,,1.0,107667.91,0.0
,Hao,750.0,France,,32.0,5.0,0.0,2.0,1.0,0.0,95611.47,
15659098.0,Toscano,669.0,France,M,30.0,7.0,95128.86,1.0,0.0,0.0,19799.26,0.0
15603436.0,Savage,,Spain,F,49.0,2.0,126615.94,2.0,0.0,1.0,123214.74,0.0
15566292.0,,574.0,Spain,,36.0,1.0,0.0,,0.0,,,0.0
15808621.0,Mordvinova,659.0,Germany,M,36.0,2.0,76190.48,2.0,1.0,1.0,,0.0
15580148.0,Welch,750.0,Germany,M,40.0,5.0,168286.81,3.0,1.0,0.0,20451.99,
15776231.0,Kent,626.0,Germany,M,35.0,4.0,88109.81,1.0,1.0,,32825.5,0.0
15773809.0,Campbell,620.0,France,M,42.0,4.0,0.0,2.0,1.0,0.0,6232.31,0.0
15649423.0,Cooper,580.0,France,F,nan,,0.0,2.0,0.0,1.0,,0.0
,Mazzi,686.0,France,F,34.0,3.0,123971.51,2.0,1.0,0.0,147794.63,0.0
15722548.0,Fisher,540.0,France,,48.0,0.0,148116.48,1.0,,0.0,116973.48,0.0
15650288.0,Summers,634.0,Germany,M,35.0,6.0,116269.01,1.0,,0.0,129964.94,0.0
15629448.0,Brady,632.0,Spain,M,38.0,1.0,120599.21,1.0,1.0,,92816.86,0.0
15716164.0,Nicholls,501.0,,F,41.0,3.0,144260.5,1.0,1.0,0.0,172114.67,0.0
15807609.0,Yuan,650.0,Spain,F,25.0,3.0,86605.5,3.0,1.0,0.0,16649.31,1.0
15578977.0,Robinson,786.0,,M,150,9.0,0.0,2.0,1.0,0.0,144517.19,
15677369.0,Golubov,554.0,Germany,F,37.0,4.0,58629.97,1.0,0.0,,182038.6,0.0
15804072.0,Chen,701.0,Spain,F,42.0,5.0,0.0,2.0,,0.0,,0.0
15696859.0,Oldham,474.0,France,M,45.0,10.0,0.0,2.0,0.0,0.0,172175.9,0.0
15653780.0,Kambinachi,621.0,France,F,43.0,5.0,0.0,1.0,,1.0,47578.45,0.0
15721658.0,Fleming,672.0,Spain,F,56.0,2.0,209767.31,2.0,1.0,1.0,,1.0
15578761.0,Cunningham,459.0,Spain,F,42.0,6.0,129634.25,2.0,1.0,1.0,177683.02,1.0
15736879.0,,669.0,France,M,150,1.0,nan,2.0,0.0,0.0,66088.83,0.0
15571973.0,Chinwemma,776.0,France,F,150,2.0,169824.46,,1.0,0.0,169291.7,0.0
15626742.0,Carpenter,694.0,France,,36.0,3.0,nan,1.0,1.0,1.0,,0.0
15672692.0,Yin,787.0,France,F,42.0,10.0,145988.65,2.0,1.0,1.0,79510.37,0.0
15673570.0,Olsen,580.0,France,M,37.0,9.0,0.0,2.0,0.0,1.0,77108.66,0.0
15767432.0,Ts'ai,,France,F,25.0,,0.0,3.0,1.0,1.0,9679.28,0.0
15654238.0,Jen,673.0,France,F,40.0,5.0,137494.28,1.0,,0.0,,0.0
15612525.0,Preston,499.0,France,F,nan,1.0,0.0,1.0,0.0,0.0,131372.38,
15812750.0,Ozioma,591.0,France,M,24.0,6.0,147360.0,1.0,1.0,1.0,25310.82,0.0
15790757.0,Cody,769.0,France,F,25.0,10.0,-99999,2.0,0.0,0.0,187925.75,0.0
15723873.0,,657.0,Spain,M,31.0,3.0,nan,1.0,0.0,0.0,98820.39,0.0
15744607.0,Martin,738.0,Germany,M,43.0,,121152.05,2.0,1.0,,64166.7,1.0
,Milani,545.0,Germany,F,60.0,7.0,128981.07,1.0,0.0,1.0,176924.21,
15784209.0,Tang,497.0,France,M,47.0,6.0,0.0,1.0,1.0,1.0,90055.08,
15794278.0,Romani,816.0,Spain,M,67.0,6.0,nan,,1.0,1.0,72814.31,0.0
15766741.0,McIntyre,525.0,France,M,36.0,2.0,114628.4,1.0,0.0,1.0,168290.06,0.0
,Davis,725.0,France,M,46.0,,0.0,2.0,1.0,0.0,161767.38,0.0
15705639.0,Onyemauchechukwu,692.0,France,F,28.0,8.0,95059.02,2.0,1.0,,44420.18,0.0
15637414.0,Gell,618.0,France,F,24.0,7.0,128736.39,1.0,0.0,1.0,37147.61,
15716835.0,Rossi,546.0,France,M,24.0,8.0,156325.38,,1.0,1.0,125381.02,0.0
15696231.0,Chiwetelu,635.0,France,M,29.0,7.0,105405.97,1.0,,1.0,149853.89,0.0
,Kirillova,611.0,France,F,49.0,2.0,88915.37,3.0,0.0,0.0,161435.02,1.0
15670755.0,,650.0,France,M,60.0,,0.0,2.0,1.0,1.0,102925.76,0.0
,Smith,606.0,France,M,nan,5.0,0.0,2.0,1.0,1.0,70899.27,0.0
15787619.0,Hsieh,844.0,France,M,150,2.0,160980.03,1.0,0.0,0.0,145936.28,0.0
15587535.0,Onyemauchechukwu,450.0,Spain,F,46.0,5.0,177619.71,1.0,1.0,0.0,54227.06,0.0
15813034.0,Martin,727.0,Spain,M,38.0,2.0,62276.99,1.0,1.0,,59280.79,0.0
15698839.0,Okwudilichukwu,460.0,Germany,M,46.0,4.0,127559.97,2.0,1.0,1.0,126952.5,0.0
,Onuoha,649.0,France,M,41.0,0.0,0.0,2.0,0.0,1.0,,0.0
15634245.0,Muecke,758.0,Germany,F,47.0,9.0,95523.16,1.0,,0.0,73294.48,0.0
,Hsieh,490.0,France,F,35.0,7.0,107749.03,1.0,1.0,1.0,3937.37,0.0
15661526.0,Anderson,815.0,Germany,M,37.0,2.0,110777.26,2.0,1.0,0.0,,0.0
15685997.0,Azubuike,838.0,Spain,F,39.0,5.0,166733.92,2.0,1.0,0.0,14279.44,0.0
15660101.0,Nnonso,803.0,France,M,31.0,9.0,157120.86,2.0,1.0,0.0,141300.53,0.0
15637979.0,Fuller,664.0,Germany,F,36.0,2.0,127160.78,2.0,1.0,0.0,78140.75,0.0
15815364.0,Ashley,736.0,Spain,F,28.0,2.0,0.0,2.0,1.0,1.0,117431.1,0.0
15647099.0,Ts'ui,,France,F,nan,9.0,156091.97,1.0,1.0,0.0,72008.61,0.0
15625944.0,Buccho,664.0,France,M,nan,5.0,98668.18,,1.0,1.0,,0.0
,,600.0,France,F,43.0,5.0,134022.06,1.0,1.0,0.0,194764.83,0.0
15582741.0,Maclean,693.0,France,F,35.0,5.0,124151.09,1.0,1.0,0.0,88705.14,1.0
15637876.0,Burns,663.0,,F,36.0,6.0,77253.5,1.0,0.0,0.0,35817.97,
15622750.0,,742.0,Germany,F,21.0,1.0,114292.48,1.0,1.0,0.0,31520.4,0.0
,Kenenna,710.0,Germany,M,43.0,2.0,nan,3.0,1.0,1.0,157908.19,1.0
15812351.0,,710.0,Spain,F,27.0,2.0,-99999,1.0,1.0,0.0,142200.15,0.0
15810864.0,Williamson,700.0,France,,82.0,,0.0,2.0,0.0,1.0,182055.36,0.0
15677921.0,Bobrov,720.0,Germany,M,60.0,9.0,115920.62,2.0,0.0,0.0,,1.0
15724296.0,,684.0,Spain,M,41.0,2.0,119782.72,2.0,0.0,0.0,120284.67,
15685329.0,McKenzie,531.0,France,,63.0,1.0,114715.71,1.0,0.0,1.0,,1.0
15584091.0,Pitts,742.0,Germany,F,nan,2.0,129748.54,2.0,,0.0,47271.61,1.0
15640442.0,Standish,717.0,France,M,31.0,4.0,nan,1.0,0.0,0.0,41176.6,0.0
15639314.0,Cartwright,589.0,France,M,32.0,2.0,0.0,,0.0,1.0,9468.64,0.0
15685320.0,Johnstone,767.0,France,M,36.0,3.0,139180.2,1.0,0.0,0.0,123880.19,0.0
15789158.0,Nikitina,636.0,Germany,M,49.0,6.0,-99999,,1.0,,158887.09,1.0
15752137.0,McElroy,648.0,France,,33.0,7.0,134944.0,1.0,1.0,1.0,117036.38,0.0
15712551.0,Shen,622.0,Germany,F,58.0,7.0,-99999,1.0,1.0,0.0,120415.61,1.0
15628936.0,Archer,692.0,Spain,M,28.0,9.0,118945.09,1.0,0.0,0.0,16064.25,1.0
15797227.0,Otutodilinna,754.0,France,M,150,8.0,0.0,2.0,,1.0,52615.62,0.0
15769974.0,Shih,679.0,Spain,F,35.0,8.0,119182.73,1.0,0.0,0.0,121210.09,0.0
15737051.0,Denisov,639.0,France,M,150,8.0,nan,2.0,,0.0,192247.35,
15585595.0,Owens,,France,F,nan,1.0,71264.02,2.0,0.0,1.0,68759.57,0.0
15654060.0,P'eng,517.0,France,M,41.0,2.0,0.0,2.0,0.0,,75937.47,0.0
15745196.0,Verco,571.0,France,F,nan,8.0,0.0,2.0,0.0,0.0,,
15571221.0,Bergamaschi,747.0,Germany,M,nan,7.0,116313.57,1.0,1.0,1.0,190696.35,
15660155.0,Lorenzo,792.0,Spain,M,36.0,,92140.15,1.0,,1.0,67468.67,0.0
15605284.0,Outtrim,688.0,France,M,26.0,1.0,nan,2.0,1.0,1.0,104435.94,0.0
,Hou,714.0,Germany,M,42.0,2.0,177640.09,1.0,0.0,1.0,47166.55,
15600739.0,Galkin,562.0,Spain,,35.0,0.0,0.0,2.0,1.0,0.0,119899.52,0.0
15653253.0,Pagnotto,704.0,Spain,M,48.0,8.0,167997.6,1.0,1.0,1.0,173498.45,0.0
15763431.0,Echezonachukwu,698.0,France,M,36.0,2.0,82275.35,2.0,1.0,1.0,93249.26,
15643696.0,Young,611.0,France,M,49.0,3.0,0.0,2.0,1.0,1.0,142917.54,0.0
15707473.0,,850.0,Germany,F,48.0,6.0,111962.99,1.0,,0.0,111755.8,0.0
15769504.0,Munro,,,F,34.0,,131736.88,1.0,1.0,1.0,108543.21,0.0
15776807.0,Brennan,654.0,France,M,29.0,1.0,0.0,1.0,1.0,0.0,180345.44,0.0
15686870.0,Ball,761.0,Germany,,36.0,8.0,108239.11,2.0,0.0,0.0,,0.0
15668747.0,Virgo,702.0,France,F,46.0,9.0,nan,1.0,0.0,1.0,109563.28,0.0
,Trevisani,488.0,Germany,M,32.0,3.0,114540.38,1.0,1.0,0.0,92568.07,0.0
15570134.0,Padovano,683.0,France,F,35.0,6.0,187530.66,2.0,1.0,1.0,37976.36,0.0
15567367.0,Tao,,Germany,F,42.0,9.0,133636.16,1.0,0.0,1.0,103315.74,0.0
15747542.0,,605.0,France,M,52.0,7.0,0.0,2.0,1.0,1.0,173952.5,0.0
15762238.0,Fraser,671.0,Germany,F,nan,0.0,84745.03,2.0,0.0,1.0,34673.98,0.0
15681554.0,,,Germany,F,31.0,7.0,120599.38,2.0,,1.0,46163.44,0.0
15712825.0,,511.0,Spain,F,29.0,,0.0,2.0,0.0,1.0,140676.98,0.0
15640280.0,Cameron,,France,M,39.0,4.0,127771.35,,0.0,1.0,151738.54,0.0
15756026.0,Hooper,790.0,Spain,F,46.0,9.0,0.0,1.0,0.0,0.0,14679.81,
15613319.0,Rice,,France,F,nan,0.0,0.0,1.0,0.0,0.0,175544.02,0.0
15798906.0,Cox,628.0,France,M,69.0,5.0,0.0,,1.0,1.0,181964.6,0.0
15708917.0,Martin,598.0,Germany,M,53.0,10.0,167772.96,1.0,1.0,1.0,136886.86,0.0
15778463.0,Ikenna,657.0,France,F,37.0,6.0,95845.6,1.0,1.0,0.0,122218.23,0.0
15699430.0,Davide,618.0,France,F,35.0,10.0,nan,2.0,1.0,,180439.75,0.0
15649992.0,Alexander,681.0,Spain,,nan,,134714.7,2.0,,1.0,190419.81,
15578980.0,Piazza,516.0,Spain,F,150,,nan,2.0,1.0,1.0,58685.59,
,,421.0,Germany,,28.0,8.0,122384.22,3.0,1.0,1.0,89017.38,
15641655.0,Black,700.0,France,F,26.0,2.0,0.0,2.0,0.0,0.0,50051.42,0.0
15619708.0,Harker,745.0,,M,nan,5.0,157993.15,2.0,1.0,,146041.45,0.0
15734565.0,Hughes,696.0,France,M,29.0,,0.0,2.0,1.0,0.0,191166.09,
15806438.0,Chiabuotu,580.0,Germany,F,nan,2.0,123331.36,1.0,0.0,0.0,103516.08,1.0
15591969.0,Kuo,497.0,Spain,M,27.0,9.0,75263.16,1.0,1.0,1.0,164825.04,0.0
15747807.0,,720.0,France,F,43.0,6.0,137824.03,,1.0,0.0,172557.77,0.0
15596939.0,Calabresi,659.0,Germany,M,36.0,4.0,132578.92,2.0,1.0,0.0,84320.94,
15716155.0,Shaw,841.0,France,F,36.0,5.0,156021.31,1.0,0.0,0.0,122662.98,
15765311.0,,642.0,Spain,M,34.0,8.0,0.0,1.0,1.0,0.0,72085.1,0.0
15757811.0,Lloyd,732.0,Spain,,69.0,9.0,137453.43,1.0,,1.0,110932.24,1.0
,Palmer,600.0,Spain,M,nan,,nan,2.0,1.0,0.0,143635.36,0.0
15660602.0,Ch'eng,464.0,Germany,M,33.0,8.0,164284.72,2.0,1.0,1.0,,0.0
15660535.0,Avent,680.0,France,F,47.0,5.0,0.0,2.0,1.0,1.0,179843.33,0.0
15666633.0,Huang,758.0,Spain,M,56.0,1.0,0.0,,1.0,1.0,10643.38,0.0
,Shaw,630.0,Germany,F,31.0,2.0,112373.49,2.0,,1.0,131167.98,0.0
15639788.0,Yuan,577.0,France,F,39.0,10.0,0.0,2.0,1.0,,10553.31,
15695846.0,,684.0,France,F,150,,0.0,2.0,1.0,1.0,130928.22,0.0
15726234.0,Trentini,708.0,Spain,F,nan,5.0,0.0,1.0,0.0,,157003.99,0.0
,Cameron,732.0,Germany,F,29.0,1.0,154333.82,1.0,1.0,1.0,138527.56,0.0
,Koehler,634.0,Germany,M,37.0,3.0,111432.77,2.0,1.0,1.0,167032.49,
15780628.0,Wu,,France,,30.0,6.0,0.0,2.0,0.0,0.0,41642.29,0.0
15575883.0,Manna,559.0,France,M,34.0,2.0,137390.11,2.0,1.0,0.0,9677.0,0.0
,,694.0,Spain,,37.0,3.0,0.0,2.0,1.0,,147012.22,0.0
15589488.0,,,Germany,F,56.0,5.0,111642.08,1.0,1.0,1.0,80553.87,0.0
15585888.0,Nwokezuike,,Spain,F,48.0,3.0,0.0,,0.0,1.0,30730.95,1.0
15727915.0,Artemiev,507.0,France,M,36.0,4.0,83543.37,1.0,0.0,0.0,140134.43,0.0
15707567.0,Esposito,732.0,Germany,M,50.0,6.0,145338.76,1.0,0.0,0.0,91936.1,1.0
,Abbie,818.0,France,F,31.0,1.0,186796.37,1.0,0.0,0.0,178252.63,0.0
,Fanucci,660.0,Germany,M,nan,8.0,58641.43,1.0,0.0,1.0,,0.0
15672012.0,Jen,773.0,Spain,F,41.0,5.0,0.0,1.0,1.0,0.0,,1.0
15806983.0,Moss,640.0,France,M,44.0,3.0,137148.68,1.0,1.0,0.0,,0.0
15592222.0,Lo,,France,M,49.0,7.0,80001.23,1.0,0.0,0.0,135180.11,0.0
15608968.0,Averyanov,714.0,Germany,,21.0,6.0,86402.52,2.0,0.0,0.0,27330.59,0.0
15586959.0,Unaipon,468.0,France,F,42.0,5.0,0.0,2.0,,0.0,125305.34,0.0
15646558.0,,611.0,,M,51.0,1.0,122874.74,1.0,1.0,1.0,149648.45,0.0
15725811.0,Lim,705.0,France,M,25.0,0.0,-99999,1.0,0.0,1.0,,0.0
15572265.0,,646.0,Germany,M,46.0,1.0,170826.55,2.0,1.0,0.0,45041.32,0.0
15794048.0,Wan,667.0,Germany,F,48.0,1.0,97133.92,2.0,0.0,0.0,113316.77,1.0
15677610.0,,511.0,,F,41.0,8.0,nan,1.0,1.0,1.0,39087.42,0.0
15745012.0,Pettit,653.0,France,F,43.0,6.0,0.0,2.0,1.0,1.0,7330.59,0.0
15601589.0,Baresi,675.0,France,F,57.0,8.0,0.0,2.0,0.0,1.0,95463.29,0.0
15686436.0,Newbery,523.0,Spain,M,nan,4.0,0.0,2.0,1.0,0.0,,0.0
15693864.0,Iheanacho,567.0,,F,49.0,5.0,134956.02,1.0,1.0,0.0,93953.84,1.0
15760550.0,Duncan,741.0,Spain,M,39.0,7.0,143637.58,2.0,,1.0,174227.66,0.0
15686137.0,Barry,456.0,Spain,M,32.0,9.0,147506.25,1.0,1.0,1.0,135399.21,0.0
15809087.0,Landry,598.0,France,,64.0,1.0,0.0,2.0,1.0,0.0,195635.3,1.0
15807663.0,McGregor,667.0,France,M,43.0,8.0,190227.46,1.0,1.0,0.0,97508.04,1.0
15809100.0,Nucci,548.0,France,F,32.0,2.0,172448.77,1.0,1.0,0.0,188083.77,1.0
15794916.0,Pirogov,,France,M,nan,7.0,113980.21,1.0,1.0,1.0,116704.25,0.0
15614215.0,Oguejiofor,,,M,nan,6.0,nan,2.0,0.0,1.0,97614.87,0.0
15805449.0,Ugochukwu,594.0,France,M,nan,,-99999,2.0,0.0,0.0,186884.04,
15686983.0,Rohu,678.0,,F,25.0,10.0,76968.12,2.0,0.0,,131501.72,0.0
15808017.0,Cary,,France,M,38.0,,88293.13,2.0,1.0,1.0,,0.0
15756804.0,,636.0,France,,48.0,1.0,170833.46,,1.0,0.0,110510.28,1.0
15646810.0,Quinn,603.0,Germany,M,44.0,6.0,108122.39,2.0,1.0,0.0,,1.0
,Page,435.0,France,,36.0,4.0,0.0,1.0,1.0,1.0,197015.2,0.0
15799422.0,Evans,,France,F,40.0,8.0,0.0,1.0,1.0,1.0,27689.77,0.0
15692750.0,McGregor,629.0,Germany,F,45.0,7.0,129818.39,3.0,,0.0,,1.0
15794549.0,,722.0,France,F,35.0,2.0,163943.89,,1.0,1.0,15068.18,0.0
15803764.0,,561.0,France,M,28.0,7.0,0.0,2.0,1.0,0.0,,0.0
15674840.0,Chiazagomekpere,645.0,France,F,38.0,5.0,101430.3,2.0,0.0,1.0,4400.32,0.0
15653762.0,Chidiebele,501.0,,F,39.0,9.0,nan,1.0,,0.0,,0.0
15581229.0,Gregory,502.0,Germany,F,32.0,1.0,173340.83,1.0,0.0,1.0,122763.95,0.0
15800228.0,Bednall,652.0,Spain,F,42.0,4.0,0.0,2.0,1.0,1.0,38152.01,0.0
15656333.0,Jen,574.0,France,,33.0,3.0,134348.57,1.0,1.0,0.0,,0.0
15697497.0,She,518.0,France,F,45.0,,105525.65,,1.0,1.0,73418.29,0.0
15585362.0,Simmons,,France,F,60.0,6.0,0.0,1.0,1.0,0.0,17978.68,1.0
15571928.0,Fraser,679.0,France,F,43.0,4.0,0.0,3.0,1.0,0.0,115136.51,
15785519.0,May,565.0,France,M,36.0,6.0,106192.1,1.0,1.0,0.0,149575.59,0.0
15743007.0,Seabrook,643.0,France,F,nan,4.0,-99999,1.0,1.0,0.0,60917.24,1.0
15777211.0,,,France,M,65.0,7.0,92113.61,1.0,1.0,1.0,142548.33,0.0
15721935.0,Kincaid,521.0,France,,25.0,7.0,0.0,2.0,1.0,1.0,157878.67,0.0
15591711.0,Sleeman,739.0,Spain,M,nan,0.0,128366.44,1.0,1.0,0.0,12796.43,0.0
15625021.0,Hung,585.0,France,M,42.0,2.0,0.0,2.0,1.0,1.0,,0.0
15702968.0,Artemieva,733.0,Germany,M,nan,3.0,106545.53,1.0,1.0,1.0,134589.58,0.0
15600462.0,Barwell,542.0,France,F,43.0,8.0,145618.37,1.0,0.0,1.0,10350.74,0.0
15768104.0,Wright,788.0,Spain,M,37.0,8.0,141541.25,1.0,0.0,0.0,66013.27,0.0
15780140.0,Bellucci,,,M,32.0,2.0,57017.06,2.0,,1.0,5907.11,0.0
,Moore,577.0,France,M,42.0,,0.0,1.0,1.0,0.0,74077.91,0.0
15772781.0,Ball,703.0,France,F,nan,3.0,0.0,,1.0,1.0,77294.56,1.0
15669987.0,Sung,728.0,Germany,F,nan,8.0,125884.95,2.0,1.0,0.0,54359.02,1.0
15697000.0,Mello,728.0,Germany,M,32.0,5.0,61825.5,1.0,1.0,1.0,,0.0
15733119.0,Mistry,718.0,France,M,35.0,8.0,0.0,2.0,1.0,0.0,94820.85,0.0
15782390.0,T'ien,621.0,France,F,40.0,6.0,0.0,1.0,1.0,0.0,155155.25,0.0
15654700.0,Fallaci,523.0,France,F,40.0,2.0,102967.41,1.0,1.0,,128702.1,1.0
15632210.0,Hill,657.0,Germany,,25.0,2.0,171770.55,1.0,1.0,0.0,22745.5,0.0
15642041.0,Burns,727.0,Germany,M,40.0,1.0,93051.64,2.0,1.0,0.0,71865.31,1.0
15709737.0,Hunter,643.0,France,M,36.0,7.0,nan,2.0,0.0,1.0,84294.82,0.0
,Li,645.0,France,F,48.0,7.0,90612.34,1.0,1.0,1.0,,0.0
15786014.0,Ku,568.0,France,,28.0,5.0,145105.64,2.0,1.0,0.0,185489.11,0.0
15794580.0,Ch'en,599.0,France,M,58.0,4.0,nan,1.0,0.0,0.0,,1.0
15675964.0,Chukwukadibia,672.0,France,F,45.0,9.0,0.0,1.0,1.0,1.0,,1.0
15814275.0,Zikoranachidimma,685.0,France,M,33.0,6.0,174912.72,1.0,1.0,1.0,43932.54,0.0
15724848.0,Oluchukwu,516.0,France,F,150,1.0,104947.72,1.0,1.0,0.0,115789.25,1.0
15754713.0,Rivera,685.0,Spain,M,31.0,10.0,nan,1.0,1.0,1.0,125777.28,0.0
15693814.0,Niu,806.0,Spain,M,25.0,7.0,0.0,2.0,1.0,0.0,18461.9,0.0
,Bennett,604.0,France,M,36.0,6.0,116229.85,2.0,1.0,1.0,79633.38,0.0
15746490.0,,648.0,Spain,F,53.0,6.0,111201.41,1.0,1.0,1.0,121542.29,0.0
15566091.0,Thomsen,545.0,Spain,F,32.0,4.0,0.0,,1.0,0.0,94739.2,0.0
15655961.0,Palermo,756.0,Germany,M,nan,,131899.0,,1.0,,93302.29,0.0
15710404.0,,569.0,France,M,35.0,10.0,-99999,1.0,1.0,1.0,193793.78,0.0
15775625.0,McKenzie,596.0,France,M,47.0,6.0,0.0,1.0,1.0,0.0,74835.65,
15792328.0,James,475.0,France,M,39.0,6.0,0.0,,1.0,1.0,56999.9,1.0
15719856.0,Lamb,646.0,France,F,45.0,3.0,47134.75,1.0,1.0,1.0,57236.44,0.0
15593773.0,Olejuru,784.0,Spain,M,35.0,3.0,0.0,2.0,,0.0,,0.0
15733114.0,,,Spain,M,45.0,9.0,0.0,2.0,1.0,0.0,26752.56,
15797748.0,Lu,729.0,France,M,44.0,5.0,0.0,2.0,0.0,1.0,9200.54,0.0
15743411.0,Chiawuotu,609.0,Spain,M,61.0,1.0,nan,1.0,1.0,0.0,22447.85,1.0
15753337.0,Yeates,555.0,France,M,51.0,5.0,0.0,3.0,1.0,0.0,189122.89,1.0
15601026.0,Gallagher,572.0,Germany,,19.0,1.0,138657.08,1.0,1.0,1.0,16161.82,0.0
15658485.0,Heath,785.0,France,F,34.0,9.0,70302.48,1.0,,1.0,68600.36,0.0
15636731.0,Ts'ai,714.0,Germany,F,36.0,1.0,101609.01,2.0,1.0,1.0,447.73,0.0
15628303.0,Thurgood,,,,35.0,3.0,0.0,,1.0,1.0,15650.73,0.0
15633461.0,Pai,639.0,Germany,M,nan,5.0,130170.82,,1.0,,149599.62,0.0
15677135.0,Lorenzo,520.0,Germany,M,61.0,8.0,133802.29,2.0,1.0,,90304.01,
15590876.0,Knupp,,France,F,24.0,7.0,nan,1.0,0.0,0.0,115676.38,0.0
15790782.0,Baryshnikov,661.0,Spain,M,39.0,6.0,132628.98,1.0,0.0,0.0,38812.67,0.0
,Azubuike,564.0,Germany,M,41.0,9.0,103522.75,,1.0,1.0,34338.21,0.0
15634141.0,Shephard,708.0,Germany,,nan,8.0,192390.52,2.0,1.0,0.0,,0.0
15737795.0,,512.0,Spain,,36.0,1.0,0.0,1.0,0.0,1.0,135482.26,1.0
,Williamson,592.0,Spain,M,37.0,,0.0,3.0,1.0,,10656.89,0.0
15675316.0,Avdeeva,619.0,France,F,38.0,3.0,0.0,2.0,0.0,1.0,116467.35,0.0
,Tang,775.0,France,M,52.0,8.0,109922.61,1.0,1.0,1.0,,1.0
15662100.0,Hsu,,Germany,,44.0,5.0,128605.32,,0.0,1.0,171096.2,0.0
15668032.0,Buchanan,577.0,France,F,37.0,4.0,0.0,1.0,1.0,1.0,,0.0
,,724.0,France,F,37.0,,68598.56,1.0,1.0,0.0,,0.0
15754084.0,Palazzi,710.0,Spain,M,35.0,1.0,106518.52,1.0,1.0,1.0,127951.81,0.0
15676521.0,Y?an,696.0,France,F,31.0,8.0,0.0,2.0,0.0,0.0,191074.11,0.0
15804586.0,Lin,376.0,France,F,46.0,6.0,0.0,1.0,1.0,0.0,157333.69,1.0
15781465.0,Schofield,,Germany,F,150,,121326.42,1.0,1.0,0.0,133457.52,0.0
15729362.0,,745.0,France,M,36.0,8.0,67226.37,1.0,1.0,0.0,130789.6,0.0
,Wall,697.0,Spain,,25.0,5.0,82931.85,2.0,,1.0,128373.88,
15745324.0,Milani,599.0,Spain,F,39.0,4.0,0.0,,1.0,0.0,194273.2,1.0
15741336.0,Ejimofor,715.0,France,F,38.0,5.0,118590.41,1.0,1.0,1.0,5684.17,1.0
,Blackburn,659.0,France,M,67.0,4.0,145981.87,,1.0,1.0,131043.2,0.0
15620981.0,Wickham,684.0,France,F,nan,3.0,-99999,1.0,0.0,0.0,21228.34,1.0
15630328.0,Bird,635.0,France,F,nan,8.0,130796.33,2.0,1.0,1.0,43250.3,0.0
15785899.0,Ch'en,789.0,Germany,M,33.0,8.0,151607.56,1.0,1.0,0.0,4389.4,0.0
15606149.0,Wood,,Germany,F,66.0,,111577.01,1.0,0.0,1.0,189271.9,0.0
15671139.0,Brizendine,694.0,Spain,M,39.0,0.0,nan,1.0,1.0,1.0,102284.2,0.0
,Ch'in,665.0,Spain,F,42.0,2.0,156371.61,2.0,0.0,1.0,156774.94,1.0
15571002.0,Yusupov,706.0,France,F,44.0,4.0,129605.99,1.0,0.0,0.0,69865.49,
15631681.0,Jibunoh,807.0,Spain,,150,0.0,0.0,2.0,0.0,,85523.24,0.0
,Ts'ui,771.0,Spain,F,67.0,8.0,0.0,2.0,1.0,1.0,51219.8,0.0
15619529.0,Ndukaku,531.0,Spain,M,27.0,8.0,132576.25,1.0,0.0,0.0,7222.92,0.0
15628034.0,Wilder,,France,F,37.0,,129101.3,1.0,1.0,1.0,23971.33,
15686164.0,Maclean,850.0,Germany,F,31.0,1.0,108822.4,1.0,1.0,1.0,132173.31,0.0
15582797.0,,,Spain,M,150,4.0,137948.51,1.0,1.0,0.0,,0.0
,Cox,642.0,Spain,M,32.0,,100433.8,1.0,1.0,1.0,39768.59,0.0
15731815.0,Nepean,529.0,Spain,M,63.0,4.0,96134.11,3.0,1.0,,108732.96,1.0
15580956.0,McNess,683.0,Germany,F,43.0,4.0,115888.04,,1.0,1.0,117349.19,1.0
15602084.0,Coles,663.0,France,F,42.0,5.0,nan,1.0,1.0,1.0,78004.5,0.0
15589805.0,Benson,563.0,France,F,34.0,6.0,139810.34,1.0,1.0,1.0,152417.79,
15720893.0,Gilbert,637.0,Spain,F,34.0,,0.0,,0.0,,26057.08,
15641009.0,,544.0,,M,37.0,3.0,84496.71,1.0,0.0,0.0,79972.09,0.0
15605926.0,Sinclair,,Germany,M,70.0,9.0,nan,2.0,0.0,1.0,107125.79,0.0
15805955.0,L?,,France,F,48.0,10.0,138333.03,1.0,1.0,1.0,47679.14,
15801488.0,,723.0,France,M,25.0,3.0,0.0,2.0,1.0,1.0,134509.47,0.0
15605918.0,Padovesi,635.0,Germany,,43.0,5.0,78992.75,2.0,0.0,0.0,,0.0
15779711.0,,750.0,Spain,F,38.0,7.0,97257.41,2.0,0.0,1.0,179883.04,0.0
15705620.0,Lu,730.0,France,M,34.0,,122453.37,2.0,1.0,0.0,138882.98,0.0
15685357.0,Wright,,Spain,F,150,8.0,nan,1.0,0.0,1.0,9855.81,
15570060.0,Palerma,586.0,France,F,43.0,8.0,132558.26,1.0,1.0,0.0,67046.83,1.0
15582616.0,Y?an,520.0,France,F,150,4.0,0.0,2.0,,0.0,56388.63,0.0
15799515.0,Wei,,,F,48.0,8.0,133297.24,1.0,1.0,0.0,77764.37,0.0
15642937.0,Padovesi,550.0,France,F,46.0,7.0,0.0,2.0,1.0,0.0,130590.35,0.0
15624729.0,Tsao,594.0,France,M,27.0,0.0,197041.8,1.0,0.0,0.0,151912.49,0.0
15566156.0,Franklin,749.0,Germany,F,44.0,0.0,71497.79,2.0,0.0,0.0,151083.8,0.0
,Clark,668.0,France,M,32.0,7.0,0.0,2.0,1.0,1.0,777.37,0.0
15807008.0,McGregor,,Germany,F,35.0,6.0,nan,1.0,0.0,0.0,69454.24,1.0
15704770.0,Pan,773.0,France,M,25.0,1.0,124532.78,2.0,0.0,1.0,11723.57,0.0
15756475.0,Kenniff,,Germany,M,31.0,9.0,-99999,2.0,1.0,1.0,91565.25,0.0
15655339.0,Spencer,566.0,France,M,36.0,1.0,nan,1.0,1.0,0.0,79616.37,0.0
,Lees,569.0,Spain,M,34.0,0.0,151839.26,,1.0,0.0,102299.81,1.0
15664521.0,David,659.0,Spain,M,31.0,7.0,149620.88,2.0,1.0,1.0,104533.51,0.0
15681206.0,Hsing,722.0,France,F,49.0,3.0,168197.66,1.0,1.0,0.0,140765.57,1.0
15745527.0,Burke,,France,M,37.0,5.0,nan,,1.0,0.0,66214.13,0.0
15806926.0,Watson,615.0,France,F,35.0,2.0,97440.02,,1.0,1.0,139816.1,0.0
15724563.0,Hawkins,752.0,Germany,F,42.0,3.0,65046.08,2.0,0.0,1.0,140139.28,0.0
15782899.0,Ginn,661.0,Spain,F,28.0,7.0,95357.49,1.0,0.0,0.0,102297.15,0.0
15623521.0,Sozonov,838.0,Spain,M,43.0,9.0,123105.88,2.0,1.0,0.0,145765.83,0.0
15810218.0,Sun,610.0,Spain,M,29.0,9.0,-99999,3.0,0.0,1.0,,0.0
15645621.0,,811.0,Spain,,44.0,3.0,0.0,2.0,0.0,,78439.73,0.0
15608114.0,Manfrin,587.0,Spain,M,62.0,7.0,-99999,1.0,0.0,1.0,,0.0
15659557.0,Artamonova,811.0,Germany,F,28.0,4.0,167738.82,2.0,1.0,1.0,9903.42,0.0
15787772.0,Hansen,759.0,France,F,38.0,1.0,104091.29,1.0,0.0,0.0,91561.91,0.0
15691111.0,Pai,648.0,Germany,F,42.0,8.0,121980.56,2.0,1.0,0.0,4027.02,0.0
15592089.0,,788.0,France,F,43.0,10.0,0.0,2.0,1.0,1.0,116111.51,0.0
15633897.0,,725.0,Germany,M,39.0,1.0,50880.98,2.0,1.0,,184023.54,0.0
15701301.0,Murphy,646.0,France,F,42.0,3.0,175159.9,2.0,0.0,0.0,67124.48,1.0
15723685.0,Ekechukwu,601.0,Germany,F,26.0,7.0,105514.69,,1.0,0.0,50070.59,0.0
15701602.0,Ayers,521.0,Germany,M,52.0,5.0,116497.31,3.0,0.0,0.0,53793.1,1.0
15739189.0,Johnson,561.0,Spain,F,33.0,6.0,nan,2.0,,0.0,,0.0
15573086.0,Millar,564.0,,M,42.0,,99824.45,1.0,1.0,1.0,,0.0
15569050.0,Farrell,444.0,France,M,nan,6.0,0.0,,1.0,0.0,130009.85,1.0
15750765.0,Sanders,,Spain,M,nan,0.0,0.0,1.0,1.0,,175380.77,0.0
15799811.0,,724.0,France,M,40.0,10.0,0.0,1.0,1.0,0.0,127847.25,1.0
15698442.0,Eberechukwu,719.0,Spain,M,35.0,3.0,122964.88,1.0,1.0,1.0,138231.7,0.0
15655274.0,Bardin,548.0,France,F,29.0,4.0,0.0,2.0,0.0,,,0.0
15603594.0,Nwankwo,635.0,Spain,M,nan,4.0,-99999,2.0,,1.0,70668.77,0.0
15585961.0,Talbot,496.0,Spain,F,43.0,3.0,0.0,2.0,0.0,1.0,199505.53,0.0
15686936.0,McGregor,676.0,France,F,37.0,5.0,89634.69,,1.0,1.0,169583.18,1.0
15770424.0,Onyeorulu,541.0,Germany,M,40.0,7.0,nan,2.0,1.0,0.0,49063.42,0.0
15587451.0,,,Germany,M,41.0,7.0,139706.31,1.0,1.0,0.0,63337.19,0.0
15602010.0,Zikoranaudodimma,850.0,Germany,F,150,,-99999,1.0,1.0,0.0,60083.11,1.0
15600583.0,Garner,633.0,France,M,31.0,1.0,0.0,1.0,1.0,0.0,,0.0
15654673.0,Onyinyechukwuka,625.0,France,M,49.0,6.0,173434.9,1.0,1.0,0.0,165580.93,1.0
,Genovese,485.0,Spain,,32.0,6.0,-99999,2.0,1.0,1.0,194010.12,0.0
15765014.0,,547.0,France,F,48.0,1.0,179380.74,2.0,,1.0,69263.1,0.0
15682639.0,Marshall,,France,M,32.0,3.0,0.0,2.0,1.0,1.0,88698.83,
15729279.0,Naylor,718.0,France,F,150,,108691.95,1.0,1.0,0.0,63030.97,0.0
15759805.0,Pinto,582.0,France,F,32.0,4.0,0.0,2.0,1.0,0.0,59668.81,0.0
15767864.0,Fulton,628.0,France,M,33.0,,0.0,2.0,0.0,0.0,184230.23,0.0
15769948.0,,737.0,Germany,M,35.0,0.0,133377.8,1.0,0.0,1.0,64050.19,0.0
15686345.0,McCaffrey,828.0,Spain,,34.0,9.0,0.0,2.0,1.0,1.0,81853.98,0.0
15688071.0,Collins,609.0,Spain,M,53.0,10.0,nan,1.0,1.0,1.0,154642.91,0.0
,Zuev,730.0,France,,39.0,1.0,116537.6,1.0,0.0,0.0,145679.6,0.0
15667521.0,Crawford,631.0,,F,150,3.0,0.0,2.0,0.0,0.0,30781.77,0.0
15750243.0,Genovese,830.0,Spain,M,150,4.0,0.0,2.0,0.0,1.0,81622.52,0.0
15695475.0,Maclean,645.0,France,,150,1.0,nan,2.0,0.0,1.0,,0.0
15689176.0,Fabro,663.0,France,M,150,3.0,0.0,2.0,0.0,1.0,176276.1,0.0
15652955.0,Price,678.0,Spain,M,nan,0.0,0.0,1.0,1.0,0.0,35113.08,0.0
15668958.0,Chatfield,521.0,France,M,30.0,2.0,-99999,1.0,1.0,0.0,64299.82,0.0
15631054.0,Volkova,625.0,France,F,24.0,1.0,0.0,2.0,1.0,1.0,180969.55,0.0
15581479.0,Archer,523.0,France,M,30.0,1.0,83181.29,1.0,1.0,1.0,138176.78,0.0
15577478.0,Ch'iu,714.0,France,F,72.0,3.0,0.0,1.0,,1.0,86733.61,0.0
,McKay,580.0,,M,67.0,,153946.14,1.0,,1.0,7418.92,0.0
15692317.0,Craig,722.0,France,M,30.0,5.0,0.0,2.0,1.0,0.0,166376.54,0.0
15593969.0,Abramovich,630.0,Spain,F,39.0,7.0,-99999,1.0,1.0,0.0,,1.0
15570417.0,Chien,579.0,France,M,35.0,,0.0,2.0,1.0,0.0,4460.2,
15779059.0,Timms,670.0,,F,38.0,4.0,119624.54,2.0,1.0,1.0,110472.12,0.0
,Williford,588.0,Spain,M,34.0,6.0,121132.26,2.0,1.0,,86460.28,0.0
15644200.0,Hamilton,807.0,Spain,F,42.0,1.0,0.0,1.0,1.0,0.0,16500.66,1.0
15793949.0,Cheng,726.0,France,F,48.0,4.0,0.0,,1.0,0.0,114020.06,1.0
15645103.0,Su,812.0,Germany,M,25.0,5.0,54817.55,1.0,1.0,0.0,131660.31,0.0
15705860.0,McKenzie,631.0,Germany,M,40.0,3.0,107949.45,,1.0,0.0,52449.62,1.0
15623828.0,Akobundu,682.0,France,M,150,4.0,0.0,1.0,0.0,1.0,161465.31,0.0
15715003.0,Ko,625.0,Spain,,49.0,2.0,-99999,1.0,1.0,,20018.79,0.0
15623471.0,Marcelo,607.0,Germany,M,38.0,3.0,98205.77,1.0,1.0,0.0,176318.27,0.0
,Chukwuebuka,600.0,Spain,F,50.0,6.0,94684.27,1.0,1.0,1.0,50488.91,0.0
15743016.0,,602.0,Spain,F,22.0,7.0,141604.76,1.0,1.0,0.0,30379.6,0.0
15769499.0,Lampungmeiua,545.0,,F,74.0,3.0,0.0,2.0,1.0,1.0,161326.73,0.0
15798521.0,Tai,675.0,Spain,M,33.0,3.0,0.0,2.0,1.0,0.0,45348.08,0.0
15706534.0,Enyinnaya,581.0,France,F,47.0,,nan,1.0,0.0,0.0,180251.68,1.0
15706186.0,,640.0,Germany,M,33.0,8.0,81677.22,2.0,0.0,0.0,34925.56,0.0
15812197.0,Kline,850.0,France,M,38.0,7.0,80293.98,1.0,0.0,0.0,126555.74,
15650933.0,Ma,490.0,Spain,F,48.0,,nan,1.0,1.0,0.0,187921.3,0.0
15692991.0,,710.0,Spain,F,38.0,4.0,0.0,2.0,1.0,1.0,136390.88,0.0
15631189.0,Riggs,613.0,Germany,,38.0,9.0,67111.65,1.0,1.0,,78566.64,1.0
15762198.0,Capon,812.0,France,M,nan,,103818.43,,1.0,1.0,166038.27,0.0
15699598.0,Smith,723.0,France,F,20.0,4.0,0.0,2.0,1.0,,140385.33,0.0
,Davison,512.0,France,M,36.0,4.0,152169.12,2.0,0.0,0.0,38629.3,
15688963.0,Ingram,731.0,France,F,52.0,10.0,0.0,1.0,1.0,1.0,24998.75,1.0
15599131.0,Dilke,650.0,Germany,M,26.0,4.0,214346.96,2.0,1.0,0.0,128815.33,0.0
15680303.0,Gibson,594.0,France,M,57.0,6.0,0.0,1.0,1.0,0.0,19376.56,1.0
15628674.0,,844.0,France,M,40.0,7.0,113348.14,1.0,,0.0,31904.31,1.0
15648075.0,Hebert,686.0,Germany,F,47.0,5.0,170935.94,,1.0,,173179.79,1.0
15586970.0,Pinto,695.0,Germany,M,nan,8.0,103023.26,1.0,1.0,1.0,22485.64,0.0
15625698.0,Dumetochukwu,624.0,Spain,,23.0,6.0,0.0,2.0,0.0,1.0,196668.51,0.0
15790497.0,Ross,503.0,Spain,M,37.0,6.0,0.0,2.0,0.0,0.0,,0.0
15682618.0,Jamieson,535.0,France,F,31.0,7.0,111855.04,2.0,1.0,1.0,36278.89,0.0
15762937.0,Chiganu,743.0,Germany,F,32.0,6.0,-99999,2.0,1.0,1.0,163254.39,0.0
15750929.0,Burgess,702.0,Spain,,39.0,8.0,0.0,2.0,,0.0,99654.13,0.0
15729832.0,Cheng,658.0,France,M,nan,,145512.84,1.0,1.0,0.0,20207.02,0.0
15633650.0,,677.0,Germany,F,41.0,8.0,146720.98,2.0,1.0,1.0,4195.84,0.0
15748856.0,,664.0,France,M,32.0,10.0,107209.73,1.0,1.0,1.0,,0.0
15589195.0,Bluett,766.0,Germany,F,38.0,,130933.74,1.0,0.0,1.0,,0.0
15699911.0,Chapman,461.0,Spain,,35.0,,0.0,1.0,1.0,0.0,132295.95,0.0
15663438.0,Andrejew,688.0,Spain,M,36.0,0.0,nan,,1.0,0.0,177383.68,1.0
15692583.0,Udobata,678.0,,F,32.0,5.0,0.0,2.0,1.0,0.0,90284.47,0.0
,,796.0,,M,24.0,8.0,0.0,2.0,1.0,0.0,61349.37,0.0
15646513.0,,803.0,France,,42.0,5.0,0.0,1.0,1.0,0.0,196466.83,1.0
15708063.0,Walker,712.0,France,M,nan,2.0,100749.5,3.0,0.0,0.0,70758.37,1.0
15696098.0,Palermo,498.0,France,F,31.0,10.0,nan,2.0,1.0,0.0,13892.57,0.0
15645517.0,Philip,850.0,Spain,,nan,2.0,0.0,2.0,1.0,1.0,9684.52,0.0
15649744.0,Fallaci,628.0,France,F,150,3.0,123981.31,,1.0,1.0,40546.15,0.0
15604304.0,Perry,539.0,Germany,F,34.0,4.0,91622.42,1.0,1.0,1.0,136603.42,0.0
15784092.0,Henderson,732.0,France,M,36.0,7.0,126195.81,,1.0,1.0,133172.48,0.0
15585198.0,Bergamaschi,715.0,France,M,41.0,4.0,94267.9,1.0,0.0,1.0,152821.12,1.0
15624347.0,Fokine,,France,M,40.0,4.0,0.0,2.0,1.0,1.0,,
15621687.0,Mackay,813.0,France,M,34.0,0.0,0.0,2.0,1.0,,43169.15,0.0
15689081.0,Wu,692.0,France,M,150,4.0,-99999,1.0,1.0,0.0,76755.99,1.0
15813168.0,Maslova,756.0,Germany,F,39.0,3.0,100717.85,3.0,1.0,1.0,73406.04,1.0
15604295.0,Wei,543.0,France,M,36.0,6.0,0.0,2.0,1.0,0.0,176728.28,0.0
15724127.0,McLean,,France,F,26.0,4.0,141581.71,2.0,0.0,0.0,98309.27,0.0
15673055.0,Sung,,Spain,M,38.0,7.0,-99999,2.0,1.0,1.0,6203.66,0.0
15768201.0,Paterson,,France,F,39.0,2.0,148586.64,1.0,,1.0,176791.27,0.0
15782219.0,Fanucci,703.0,Spain,,29.0,9.0,-99999,2.0,1.0,0.0,,
15746410.0,Thompson,,,M,nan,7.0,0.0,2.0,1.0,,150580.88,0.0
15780144.0,Tisdall,512.0,Germany,F,32.0,2.0,123403.85,2.0,1.0,0.0,80120.19,0.0
15590476.0,Onochie,589.0,France,M,28.0,7.0,0.0,2.0,,,151645.96,0.0
15624293.0,Mironova,514.0,France,F,46.0,3.0,106511.85,1.0,,0.0,55072.32,0.0
15618182.0,Ndubueze,678.0,France,F,38.0,,0.0,2.0,0.0,,115068.99,0.0
,Stephenson,420.0,Germany,F,34.0,1.0,135549.9,1.0,0.0,0.0,149471.13,1.0
15678886.0,Golubev,679.0,,M,38.0,7.0,110555.37,2.0,1.0,0.0,46522.68,0.0
15616330.0,,595.0,France,M,31.0,,0.0,2.0,1.0,0.0,189995.86,0.0
15592229.0,Mullan,713.0,France,F,52.0,0.0,185891.54,1.0,1.0,,46369.57,1.0
,,833.0,Germany,M,59.0,1.0,nan,1.0,1.0,1.0,30722.52,1.0
15714750.0,Northey,690.0,France,F,42.0,,92578.14,2.0,,0.0,70810.6,0.0
15648800.0,Paterson,731.0,Germany,,21.0,8.0,132312.06,1.0,1.0,0.0,106663.46,1.0
15626147.0,Maclean,608.0,France,F,62.0,8.0,144976.5,1.0,0.0,0.0,175836.03,1.0
15626608.0,Howarde,479.0,Spain,M,48.0,5.0,87070.23,1.0,0.0,1.0,85646.41,0.0
15723250.0,,519.0,France,M,42.0,8.0,0.0,2.0,1.0,1.0,101485.72,0.0
15592583.0,Colman,731.0,France,,47.0,1.0,115414.19,3.0,0.0,0.0,191734.67,1.0
15759381.0,Johnson,617.0,Spain,M,61.0,7.0,91070.43,1.0,1.0,1.0,101839.77,0.0
,Butcher,756.0,Spain,M,29.0,,117412.19,2.0,1.0,0.0,4888.91,0.0
15589358.0,,848.0,Germany,M,31.0,,90018.45,2.0,1.0,0.0,193132.98,0.0
15672704.0,Jackson,809.0,France,F,24.0,4.0,0.0,2.0,1.0,0.0,193518.76,0.0
15789955.0,Hu,,Germany,M,56.0,1.0,112414.81,2.0,0.0,0.0,93982.02,1.0
15596800.0,Hill,779.0,Germany,M,33.0,1.0,158456.76,1.0,1.0,1.0,197000.92,1.0
15627305.0,Pan,606.0,Spain,M,nan,7.0,0.0,1.0,1.0,0.0,106837.06,1.0
15645316.0,Han,612.0,Germany,F,58.0,1.0,149641.53,1.0,1.0,1.0,115161.28,
,Wilkie,663.0,Spain,F,150,8.0,122528.18,1.0,1.0,0.0,,0.0
15647301.0,,549.0,Germany,F,45.0,3.0,nan,2.0,,1.0,96404.38,0.0
15750258.0,Ann,675.0,France,F,32.0,2.0,-99999,1.0,1.0,0.0,97658.66,0.0
15685309.0,Souter,669.0,France,F,35.0,7.0,0.0,1.0,1.0,1.0,49108.23,1.0
15628205.0,Greco,571.0,Germany,,34.0,1.0,101736.66,,0.0,1.0,,0.0
15733974.0,Mao,500.0,Spain,M,37.0,9.0,125822.21,,1.0,0.0,111698.0,0.0
15762110.0,,628.0,France,M,37.0,,0.0,2.0,1.0,1.0,171707.93,0.0
15706899.0,Ma,559.0,France,M,34.0,4.0,0.0,,1.0,1.0,66721.98,
15732660.0,,769.0,France,F,27.0,2.0,-99999,1.0,1.0,1.0,57876.05,0.0
15656121.0,Medvedeva,733.0,Germany,M,31.0,6.0,157791.07,2.0,0.0,0.0,177994.81,0.0
15614220.0,Benson,750.0,France,M,22.0,5.0,0.0,2.0,0.0,,105125.65,0.0
,Duncan,583.0,France,F,42.0,4.0,0.0,2.0,1.0,0.0,17439.66,0.0
15698510.0,Onwudiwe,468.0,Germany,M,42.0,9.0,181627.14,2.0,1.0,0.0,172668.39,0.0
15569247.0,Mitchell,727.0,Spain,F,57.0,1.0,109679.72,1.0,0.0,1.0,753.37,0.0
15566251.0,Ferrari,618.0,France,F,37.0,,96652.86,1.0,1.0,0.0,98686.4,1.0
15716134.0,Russo,617.0,France,M,40.0,5.0,190008.32,2.0,1.0,1.0,107047.92,0.0
15763625.0,Hazon,793.0,,M,41.0,9.0,-99999,2.0,1.0,0.0,152153.74,0.0
,Henderson,630.0,,M,nan,9.0,0.0,2.0,1.0,1.0,34338.04,0.0
,Hardy,765.0,Germany,M,43.0,4.0,148962.76,1.0,,,173878.87,1.0
,,546.0,France,M,28.0,8.0,0.0,1.0,1.0,0.0,159254.29,0.0
15575581.0,Dickson,614.0,Germany,F,30.0,3.0,nan,2.0,,0.0,54776.64,0.0
15671209.0,Holden,,Germany,F,29.0,5.0,101713.84,3.0,1.0,0.0,134594.99,0.0
,Hsieh,613.0,Spain,M,34.0,3.0,0.0,1.0,1.0,1.0,41724.72,0.0
,Doherty,655.0,France,M,38.0,4.0,nan,2.0,0.0,,110527.71,0.0
15722993.0,Page,700.0,France,,27.0,,137963.07,1.0,0.0,0.0,8996.79,0.0
15752463.0,Samuel,826.0,Spain,F,29.0,4.0,129938.07,1.0,0.0,1.0,190200.53,0.0
15589754.0,,652.0,Germany,M,45.0,2.0,-99999,1.0,0.0,1.0,115333.43,0.0
15669899.0,Fitts,755.0,Germany,F,150,7.0,135643.0,1.0,0.0,0.0,143619.52,1.0
15766887.0,Iadanza,538.0,Spain,M,39.0,2.0,122773.5,2.0,1.0,1.0,58467.08,0.0
15768006.0,Wu,729.0,France,M,34.0,3.0,152303.8,1.0,1.0,0.0,12128.69,0.0
15741295.0,Yefimova,615.0,France,,49.0,3.0,0.0,2.0,1.0,1.0,49872.33,0.0
15811327.0,Pan,700.0,Spain,M,150,1.0,79415.67,,0.0,,139735.54,0.0
15690007.0,Ts'ui,434.0,Germany,F,58.0,9.0,125801.03,2.0,1.0,0.0,60891.8,1.0
15690664.0,,729.0,Spain,M,37.0,10.0,0.0,2.0,1.0,0.0,100862.54,0.0
15719348.0,Tsao,513.0,,M,35.0,8.0,0.0,1.0,1.0,0.0,76640.29,
15781802.0,Abramov,755.0,France,,41.0,6.0,104817.41,1.0,1.0,0.0,126013.58,1.0
15752731.0,,,France,F,30.0,9.0,0.0,1.0,1.0,0.0,87347.82,0.0
,Demuth,747.0,Germany,F,32.0,5.0,67495.04,2.0,0.0,1.0,,0.0
15750776.0,Genovese,850.0,France,F,36.0,,164850.54,1.0,1.0,1.0,62722.44,0.0
15723907.0,Lawless,712.0,Germany,F,49.0,5.0,154776.42,2.0,0.0,0.0,196257.68,0.0
15633419.0,Brooks,622.0,Germany,,28.0,1.0,143124.63,2.0,1.0,0.0,,0.0
15702430.0,,548.0,France,F,35.0,10.0,0.0,1.0,1.0,1.0,31299.71,
15710456.0,,607.0,France,F,27.0,2.0,0.0,2.0,1.0,,63495.86,0.0
15650351.0,Millar,653.0,France,F,38.0,8.0,102133.38,1.0,1.0,,166520.96,0.0
15590820.0,Ecuyer,699.0,Spain,M,26.0,6.0,79932.41,1.0,,0.0,150242.44,0.0
15640454.0,Parkhill,693.0,Germany,M,40.0,0.0,120711.73,1.0,0.0,0.0,27345.18,1.0
,Li Fonti,647.0,,F,43.0,3.0,122717.53,,,1.0,87000.39,0.0
15808182.0,Beneventi,478.0,Spain,F,36.0,3.0,92363.3,2.0,1.0,0.0,44912.7,0.0
15588670.0,Despeissis,705.0,Spain,F,150,5.0,203715.15,1.0,,0.0,,1.0
15721292.0,,719.0,Spain,M,150,5.0,nan,2.0,1.0,0.0,145759.7,0.0
15604217.0,,726.0,,M,150,9.0,0.0,,0.0,0.0,14121.61,0.0
15651369.0,,626.0,France,,21.0,1.0,nan,2.0,1.0,,,0.0
15782454.0,Hancock,552.0,France,M,49.0,4.0,0.0,1.0,1.0,1.0,190296.76,1.0
15814032.0,Hsieh,807.0,Germany,F,31.0,1.0,-99999,2.0,0.0,0.0,172782.69,0.0
,,621.0,France,M,34.0,,0.0,2.0,1.0,1.0,99128.13,0.0
15624428.0,Longo,651.0,Germany,F,nan,7.0,40224.7,,1.0,,178341.33,0.0
15755638.0,,673.0,France,F,43.0,5.0,168069.73,1.0,1.0,1.0,146992.24,1.0
15600992.0,Madukaego,652.0,France,M,nan,1.0,0.0,2.0,1.0,1.0,151314.98,0.0
15755649.0,Winter-Irving,584.0,Germany,M,47.0,7.0,130538.77,,1.0,0.0,92915.84,0.0
15795228.0,Stewart,756.0,France,,37.0,3.0,132623.6,,1.0,1.0,58974.0,0.0
15589257.0,,670.0,France,F,35.0,3.0,103465.02,2.0,1.0,1.0,174627.06,0.0
,Brennan,765.0,,F,50.0,9.0,126547.8,1.0,1.0,1.0,79579.94,1.0
15639882.0,She,528.0,,M,30.0,2.0,128262.72,2.0,1.0,0.0,50771.16,0.0
15791279.0,Murray,701.0,France,M,40.0,5.0,169742.64,1.0,1.0,1.0,153537.55,1.0
15636935.0,Rischbieth,797.0,France,F,29.0,1.0,0.0,2.0,1.0,1.0,132975.39,0.0
15686909.0,Lung,639.0,Germany,M,27.0,3.0,150795.81,,0.0,1.0,85208.93,0.0
15589572.0,Otutodilichukwu,785.0,Spain,F,61.0,,129855.72,2.0,1.0,0.0,170214.82,1.0
15779947.0,Thomas,363.0,Spain,,28.0,6.0,146098.43,3.0,1.0,0.0,100615.14,1.0
,Fiorentini,764.0,France,F,nan,7.0,0.0,2.0,1.0,,186105.99,0.0
15578866.0,Hughes,676.0,France,F,nan,2.0,0.0,1.0,1.0,1.0,55119.53,
15739131.0,Whitworth,718.0,Germany,M,nan,4.0,-99999,1.0,1.0,0.0,28760.99,0.0
15813444.0,McIntosh,590.0,Spain,F,34.0,6.0,0.0,2.0,1.0,0.0,171021.44,0.0
15678058.0,Ayers,584.0,France,M,nan,9.0,104584.16,1.0,1.0,0.0,176678.72,0.0
15769169.0,Trentino,645.0,France,,41.0,7.0,0.0,1.0,0.0,1.0,,
15804602.0,Boyd,,Germany,M,30.0,6.0,nan,2.0,0.0,0.0,197238.03,0.0
15651052.0,McMasters,399.0,Germany,M,46.0,2.0,127655.22,1.0,1.0,,,1.0
15724334.0,Alekseyeva,529.0,France,M,22.0,5.0,0.0,1.0,1.0,0.0,151169.83,0.0
15569451.0,Miller,463.0,France,M,35.0,2.0,101257.16,1.0,1.0,,118113.64,0.0
15650098.0,Baranova,630.0,France,,40.0,7.0,0.0,2.0,,1.0,34453.17,0.0
15724307.0,Mitchell,780.0,France,M,76.0,10.0,121313.88,1.0,0.0,1.0,64872.33,0.0
15599268.0,Yobachi,584.0,Spain,,32.0,5.0,0.0,2.0,1.0,,10956.82,0.0
15594864.0,Huang,752.0,Germany,M,30.0,4.0,81523.38,1.0,1.0,1.0,36885.85,0.0
15616451.0,Genovese,697.0,France,F,47.0,6.0,nan,1.0,1.0,,168053.4,0.0
15715667.0,Sorokina,850.0,France,F,32.0,7.0,0.0,,0.0,0.0,155227.0,0.0
,Gray,711.0,,M,51.0,7.0,0.0,3.0,1.0,0.0,38409.79,1.0
15738174.0,Ervin,452.0,France,F,32.0,5.0,0.0,2.0,0.0,1.0,75279.39,0.0
15813590.0,Vance,610.0,Spain,M,42.0,6.0,0.0,2.0,1.0,0.0,158302.59,1.0
,Noble,694.0,France,F,22.0,4.0,0.0,2.0,1.0,1.0,11525.72,0.0
15674148.0,Milanesi,579.0,Spain,M,33.0,6.0,0.0,1.0,1.0,0.0,94993.04,1.0
15625080.0,Parkin,745.0,Spain,F,54.0,8.0,0.0,1.0,1.0,0.0,173912.29,1.0
15682528.0,Cremonesi,,France,M,33.0,5.0,0.0,1.0,0.0,1.0,41139.05,0.0
15696900.0,Burns,505.0,Germany,M,29.0,,nan,2.0,,1.0,58019.95,0.0
15730038.0,Docherty,706.0,,F,23.0,,0.0,1.0,0.0,0.0,164128.41,1.0
,Ugonna,693.0,Germany,M,nan,5.0,124601.58,2.0,1.0,1.0,46998.13,1.0
15654654.0,L?,725.0,,F,33.0,7.0,115182.84,2.0,1.0,1.0,177279.41,0.0
15697625.0,,791.0,France,M,37.0,2.0,nan,2.0,1.0,0.0,75832.53,0.0
15616280.0,Hsia,536.0,France,M,46.0,1.0,65733.41,1.0,,0.0,61094.53,
15654229.0,O'Neill,699.0,Spain,M,47.0,1.0,0.0,2.0,0.0,1.0,30117.44,0.0
15628298.0,,500.0,Spain,F,47.0,8.0,128486.11,1.0,1.0,0.0,179227.12,0.0
15733387.0,,,,F,53.0,6.0,nan,1.0,1.0,1.0,52110.45,0.0
15775572.0,Bergamaschi,531.0,Germany,F,42.0,,88324.31,2.0,1.0,0.0,75248.75,0.0
15613844.0,Murphy,557.0,France,F,28.0,,146445.24,2.0,1.0,0.0,184317.74,0.0
15578515.0,,659.0,France,F,38.0,3.0,0.0,2.0,1.0,0.0,158553.1,0.0
15607598.0,Muravyov,575.0,Spain,F,150,6.0,0.0,,1.0,1.0,95686.42,0.0
15742480.0,Igwebuike,775.0,Germany,,36.0,2.0,109949.05,2.0,0.0,1.0,71682.54,0.0
15749482.0,Zack,772.0,Spain,M,30.0,,nan,1.0,1.0,0.0,1790.48,0.0
,Crawford,587.0,Germany,M,150,9.0,107850.82,,1.0,0.0,139431.0,1.0
15575410.0,Chidiegwu,667.0,Germany,F,39.0,4.0,83765.35,2.0,1.0,0.0,118358.54,0.0
15684865.0,Lucchesi,,France,F,nan,7.0,143773.07,1.0,1.0,1.0,130827.88,0.0
15600700.0,Pan,523.0,Germany,M,63.0,6.0,116227.27,1.0,1.0,1.0,119404.63,0.0
15774155.0,Trevisani,,Germany,,33.0,0.0,103471.52,1.0,,1.0,162703.0,0.0
15634267.0,Yudin,717.0,France,M,42.0,5.0,0.0,2.0,1.0,0.0,172665.21,0.0
15619626.0,Wade,746.0,France,M,24.0,3.0,137492.35,2.0,0.0,,170142.09,0.0
15660422.0,,569.0,France,M,28.0,7.0,-99999,2.0,1.0,0.0,73977.23,0.0
15617934.0,Septimus,579.0,France,M,36.0,9.0,129829.59,1.0,1.0,1.0,60906.12,0.0
15760774.0,Hargraves,519.0,France,F,21.0,1.0,146329.57,2.0,1.0,1.0,194867.27,0.0
15813132.0,Chukwukadibia,696.0,Germany,,30.0,4.0,114027.7,,1.0,1.0,193716.56,0.0
15593331.0,Sidorov,,Germany,M,25.0,,146580.69,1.0,0.0,1.0,14633.35,
15616709.0,Bunton,587.0,Germany,F,38.0,0.0,132122.42,2.0,0.0,0.0,31730.32,0.0
15658052.0,Cameron,626.0,France,F,44.0,10.0,81553.93,1.0,1.0,0.0,20063.63,
15721189.0,Kung,666.0,France,F,66.0,7.0,0.0,2.0,1.0,1.0,99792.82,0.0
,,,France,M,150,6.0,0.0,2.0,1.0,0.0,,0.0
15770030.0,Conti,689.0,Spain,F,28.0,3.0,-99999,2.0,1.0,1.0,192449.02,0.0
,,803.0,France,F,26.0,4.0,0.0,,1.0,,181208.47,0.0
15702789.0,Carter,548.0,Germany,,32.0,5.0,-99999,1.0,1.0,1.0,155165.61,0.0
15814930.0,McGregor,588.0,Germany,,150,10.0,125534.51,1.0,1.0,0.0,121504.18,1.0
15658306.0,Lo,693.0,France,M,68.0,4.0,nan,1.0,1.0,1.0,61569.07,0.0
15699523.0,Chu,499.0,Germany,F,55.0,4.0,126817.65,2.0,1.0,0.0,123269.71,0.0
15610383.0,Dumetolisa,,France,F,46.0,1.0,46870.43,4.0,1.0,0.0,31272.14,1.0
15615032.0,Peng,624.0,Spain,M,46.0,3.0,0.0,2.0,1.0,1.0,62825.03,0.0
15781989.0,Drake-Brockman,733.0,,M,42.0,9.0,120094.93,1.0,1.0,,184056.45,0.0
15647402.0,Wan,628.0,France,F,38.0,3.0,0.0,2.0,1.0,1.0,48924.73,0.0
15740494.0,Cameron,633.0,,F,33.0,3.0,0.0,2.0,1.0,0.0,191111.02,0.0
15701265.0,,559.0,Germany,F,nan,,104356.94,2.0,0.0,1.0,54184.06,0.0
15743532.0,Ball,704.0,Germany,M,27.0,5.0,147004.34,1.0,1.0,0.0,64381.33,1.0
15794870.0,Sal,744.0,Germany,M,38.0,6.0,73023.17,2.0,1.0,0.0,78770.86,0.0
15747591.0,Chung,665.0,Spain,F,40.0,1.0,173432.55,1.0,0.0,1.0,116766.79,0.0
,Lai,638.0,France,F,42.0,7.0,165679.92,1.0,0.0,0.0,32916.29,0.0
15732199.0,Gether,,Spain,M,31.0,9.0,104678.62,1.0,0.0,,50972.6,0.0
15662291.0,Davidson,534.0,France,,55.0,,116973.26,3.0,,0.0,,1.0
15749050.0,,548.0,France,F,36.0,3.0,0.0,1.0,1.0,0.0,65996.9,
15781586.0,Osonduagwuike,,,M,38.0,2.0,126732.85,1.0,1.0,1.0,79577.38,0.0
15617078.0,,658.0,France,F,44.0,,nan,1.0,1.0,0.0,130529.13,0.0
15723339.0,Chin,554.0,France,F,38.0,4.0,-99999,2.0,1.0,1.0,172629.67,0.0
15671322.0,Chiang,724.0,,M,30.0,7.0,nan,1.0,1.0,0.0,15216.53,0.0
15793854.0,Ahmed,723.0,France,M,nan,2.0,99095.73,1.0,,1.0,17512.53,0.0
15756539.0,Marshall,585.0,Germany,F,39.0,7.0,165610.41,2.0,0.0,0.0,131852.01,0.0
15612064.0,Tsou,474.0,France,M,33.0,5.0,nan,2.0,1.0,,181945.52,1.0
15625916.0,Chien,562.0,Spain,,nan,6.0,161628.66,1.0,1.0,0.0,91482.5,0.0
15683195.0,Ubanwa,,France,M,nan,9.0,146605.27,,1.0,1.0,77119.45,0.0
15690182.0,Kapustin,635.0,Germany,M,37.0,5.0,113488.68,1.0,1.0,0.0,95611.74,1.0
15721719.0,Calabresi,743.0,France,M,42.0,7.0,77002.2,2.0,1.0,1.0,,0.0
15641690.0,Hsiao,681.0,Spain,M,67.0,7.0,0.0,2.0,0.0,1.0,163714.92,0.0
15634896.0,Grant,521.0,France,F,39.0,6.0,0.0,2.0,0.0,1.0,27375.15,0.0
15671590.0,H?,741.0,Spain,M,25.0,4.0,0.0,2.0,1.0,1.0,73873.65,0.0
15779182.0,Chia,790.0,Spain,M,46.0,8.0,nan,1.0,0.0,0.0,139266.48,
15778287.0,Ugoji,622.0,France,M,35.0,8.0,0.0,2.0,1.0,,131772.51,0.0
,Gregory,669.0,France,M,nan,7.0,149364.58,1.0,,,173454.07,
15742229.0,Mackay,583.0,France,M,59.0,7.0,127450.14,1.0,0.0,,67552.71,0.0
15658532.0,Nnamutaezinwa,520.0,Spain,F,63.0,5.0,162278.32,,1.0,1.0,34765.33,0.0
15590993.0,Findlay,579.0,Spain,M,37.0,5.0,152212.88,2.0,0.0,0.0,120219.14,0.0
15565701.0,Ferri,698.0,Spain,F,39.0,9.0,161993.89,1.0,0.0,0.0,90212.38,0.0
15597239.0,,548.0,Spain,M,39.0,7.0,-99999,1.0,1.0,0.0,,0.0
15688880.0,Amechi,672.0,Germany,,40.0,10.0,102980.44,1.0,1.0,0.0,1285.81,1.0
,Kirk,,Germany,M,31.0,9.0,nan,1.0,1.0,0.0,83679.46,0.0
15679611.0,Andrews,734.0,Spain,F,37.0,2.0,130404.92,1.0,0.0,0.0,34548.74,0.0
15636589.0,,794.0,France,F,41.0,7.0,0.0,2.0,1.0,1.0,74275.08,0.0
15687752.0,Griffin,641.0,France,M,30.0,2.0,87505.47,2.0,0.0,1.0,7278.57,0.0
15584363.0,Longstaff,824.0,France,M,30.0,0.0,133634.02,1.0,1.0,1.0,162053.92,0.0
15737748.0,McWilliam,534.0,Spain,F,33.0,3.0,151233.62,1.0,,0.0,199336.63,0.0
15803365.0,Coffee,653.0,Spain,,55.0,2.0,70263.83,1.0,0.0,1.0,,0.0
15793247.0,Hancock,498.0,France,M,150,5.0,0.0,2.0,1.0,1.0,91711.66,0.0
15572360.0,Clark,683.0,France,M,30.0,,-99999,1.0,0.0,0.0,79240.9,0.0
15795166.0,Creswell,618.0,Germany,M,42.0,8.0,153572.31,2.0,1.0,1.0,76679.6,0.0
15724620.0,Dodds,538.0,France,M,37.0,1.0,nan,1.0,1.0,0.0,162511.55,0.0
,,643.0,Spain,M,34.0,3.0,83132.09,1.0,1.0,1.0,21360.88,
15671097.0,Carter,428.0,,F,31.0,2.0,0.0,2.0,1.0,0.0,54487.43,0.0
15683930.0,Ch'iu,593.0,,F,32.0,9.0,134096.53,2.0,1.0,0.0,53931.05,1.0
,Tsao,718.0,France,F,31.0,0.0,118100.59,,1.0,0.0,103165.15,0.0
,Burgess,811.0,Germany,M,52.0,10.0,76915.4,1.0,0.0,0.0,146359.81,
15709117.0,Fanucci,,Spain,F,46.0,3.0,81576.75,1.0,1.0,1.0,28370.95,1.0
15638806.0,Blackburn,645.0,Spain,M,49.0,2.0,0.0,2.0,0.0,0.0,10023.15,0.0
,Bennett,710.0,France,M,nan,10.0,118327.17,2.0,,1.0,192928.82,0.0
15690079.0,Boniwell,591.0,Spain,M,30.0,8.0,124857.69,2.0,0.0,0.0,50485.7,0.0
15759317.0,Vasilieva,748.0,Germany,F,27.0,2.0,90971.85,1.0,,1.0,131662.47,0.0
15750497.0,Longo,850.0,France,F,37.0,7.0,153147.75,1.0,1.0,1.0,152235.3,0.0
15596181.0,Kwemto,542.0,France,M,38.0,8.0,65942.26,,1.0,1.0,,1.0
15576602.0,Lawrence,,France,,38.0,3.0,0.0,2.0,1.0,1.0,80061.31,0.0
15644833.0,Duncan,675.0,France,M,54.0,2.0,nan,1.0,1.0,0.0,149583.67,1.0
15734634.0,Bocharova,607.0,Spain,,27.0,5.0,100912.19,1.0,0.0,0.0,7631.27,0.0
15808689.0,,850.0,France,F,31.0,4.0,0.0,2.0,1.0,1.0,33082.81,0.0
15720702.0,Shih,789.0,,M,37.0,3.0,0.0,1.0,1.0,0.0,121883.87,1.0
15665077.0,,598.0,France,F,43.0,5.0,nan,3.0,1.0,1.0,100722.72,1.0
15763612.0,T'an,756.0,,M,41.0,2.0,124439.49,2.0,0.0,1.0,47093.11,0.0
,Wisdom,,France,F,nan,7.0,0.0,2.0,1.0,1.0,177624.01,0.0
15704483.0,Lorenzo,724.0,France,M,40.0,6.0,0.0,2.0,0.0,0.0,106149.48,0.0
15598846.0,Shahan,700.0,France,F,44.0,2.0,58781.76,1.0,1.0,0.0,16874.92,0.0
15629244.0,Bryant,,Spain,M,50.0,7.0,159453.64,2.0,0.0,0.0,54560.79,1.0
15765537.0,Liang,687.0,Germany,,26.0,2.0,142721.52,1.0,1.0,1.0,153605.75,0.0
,Chidozie,613.0,France,F,46.0,8.0,167795.6,,0.0,1.0,44390.38,0.0
15682773.0,Hayward,781.0,France,F,38.0,3.0,128345.69,2.0,,0.0,,
,Liu,703.0,Spain,M,20.0,3.0,-99999,1.0,1.0,1.0,41626.78,0.0
15574331.0,,593.0,Germany,,62.0,3.0,118233.81,1.0,0.0,1.0,24765.53,1.0
15645572.0,Calabresi,743.0,France,F,40.0,6.0,0.0,1.0,,0.0,28280.8,1.0
15742854.0,Lettiere,640.0,Spain,F,46.0,8.0,0.0,2.0,1.0,0.0,89043.19,0.0
15575417.0,Chou,849.0,Germany,M,37.0,7.0,-99999,2.0,1.0,,17294.12,0.0
15796721.0,Nnamutaezinwa,,France,M,38.0,3.0,145018.49,2.0,1.0,1.0,126702.41,0.0
15734942.0,Nnamutaezinwa,539.0,Germany,F,38.0,8.0,nan,1.0,1.0,0.0,13123.41,0.0
15664772.0,Greece,489.0,Germany,M,28.0,1.0,79460.98,2.0,1.0,1.0,,0.0
15576683.0,Yin,568.0,Spain,F,43.0,9.0,0.0,1.0,1.0,0.0,125870.79,1.0
15682563.0,Larionova,618.0,Spain,M,150,5.0,126473.99,1.0,1.0,0.0,91972.49,
15650889.0,Golubev,710.0,Germany,F,30.0,,133537.1,2.0,1.0,0.0,,0.0
15612108.0,Norman,625.0,France,M,52.0,5.0,164978.01,,1.0,1.0,67788.49,0.0
15761132.0,Capon,,Spain,M,150,7.0,128029.72,1.0,1.0,1.0,62615.35,0.0
15645511.0,,727.0,Spain,M,43.0,2.0,97403.18,1.0,,1.0,107415.02,1.0
15609824.0,Fedorov,794.0,France,F,nan,7.0,176845.41,3.0,1.0,0.0,166526.26,
15640268.0,Avdeeva,652.0,,M,150,4.0,0.0,1.0,1.0,1.0,120107.1,0.0
15645778.0,Reid,670.0,Spain,M,42.0,3.0,81589.04,1.0,1.0,0.0,188227.8,0.0
,Kennedy,460.0,Germany,F,150,6.0,119507.58,2.0,1.0,0.0,91560.63,1.0
15714567.0,Chan,568.0,,F,26.0,6.0,0.0,2.0,0.0,0.0,166495.2,0.0
15777826.0,Wofford,643.0,France,M,30.0,,-99999,1.0,1.0,1.0,165614.4,0.0
15668445.0,,,France,M,37.0,2.0,-99999,2.0,1.0,1.0,86372.24,0.0
,King,615.0,France,M,nan,7.0,92199.84,1.0,1.0,1.0,2755.53,
15778135.0,,575.0,Spain,M,43.0,3.0,0.0,1.0,1.0,0.0,83594.51,0.0
15613141.0,Hsu,717.0,France,,nan,3.0,135756.96,1.0,1.0,1.0,103706.41,0.0
15635435.0,White,,France,F,54.0,9.0,120633.42,1.0,0.0,0.0,5924.38,1.0
15596552.0,,535.0,Germany,M,48.0,5.0,134542.73,1.0,1.0,1.0,58203.67,1.0
15623644.0,Frolov,626.0,Spain,M,29.0,7.0,0.0,2.0,1.0,0.0,,0.0
,Lombardi,611.0,Spain,M,52.0,7.0,0.0,1.0,0.0,1.0,73585.18,1.0
15615029.0,Munro,734.0,Spain,M,39.0,6.0,0.0,1.0,1.0,1.0,95135.27,0.0
15769005.0,Hayward,709.0,France,M,49.0,4.0,154344.49,2.0,1.0,1.0,38794.57,0.0
15746326.0,Fields,591.0,France,M,43.0,3.0,0.0,2.0,0.0,1.0,198926.36,0.0
15722364.0,Onwumelu,664.0,France,M,43.0,9.0,189026.53,,,1.0,56099.86,0.0
15704954.0,,431.0,France,,37.0,0.0,120764.08,1.0,1.0,1.0,117023.08,0.0
15694409.0,Tsao,647.0,Germany,F,22.0,3.0,nan,2.0,0.0,1.0,62083.0,0.0
15754068.0,Judd,578.0,France,M,32.0,4.0,0.0,2.0,1.0,1.0,141822.8,0.0
15683841.0,Hamilton,555.0,Germany,M,41.0,10.0,113270.2,,1.0,,185387.14,0.0
,T'ang,775.0,Spain,M,30.0,4.0,0.0,2.0,0.0,1.0,57461.13,0.0
15719958.0,Degtyarev,850.0,Germany,M,39.0,3.0,nan,2.0,1.0,1.0,120380.12,0.0
15689514.0,Kang,625.0,France,M,43.0,8.0,201696.07,,1.0,,133020.9,1.0
,Hudson,645.0,Spain,F,nan,7.0,0.0,2.0,1.0,0.0,13589.93,0.0
15627232.0,Jibunoh,608.0,Germany,M,44.0,7.0,114203.47,1.0,1.0,1.0,77830.36,1.0
15745843.0,Kinlaw,689.0,Spain,F,150,4.0,0.0,,1.0,1.0,,0.0
15722902.0,Chizuoke,652.0,Germany,M,50.0,8.0,125437.64,1.0,1.0,1.0,17160.94,1.0
,Lucciano,769.0,,F,26.0,7.0,0.0,2.0,1.0,,176843.53,0.0
15792722.0,Omeokachie,611.0,France,F,43.0,,64897.75,1.0,1.0,0.0,114996.33,0.0
15723006.0,Gorbunova,489.0,France,M,nan,8.0,0.0,2.0,0.0,,196990.79,0.0
15771942.0,Tikhonov,528.0,Germany,F,46.0,9.0,135555.66,,,0.0,133146.03,1.0
15774738.0,Campa,632.0,France,M,44.0,3.0,107764.75,1.0,,,185667.72,0.0
,Mancini,429.0,France,F,27.0,6.0,-99999,2.0,1.0,1.0,24020.49,0.0
,,457.0,France,M,41.0,8.0,73700.12,3.0,1.0,1.0,185750.02,1.0
15808228.0,Tuan,768.0,Spain,F,44.0,6.0,60603.4,,1.0,1.0,178045.97,0.0
15682834.0,Johnstone,715.0,Spain,F,35.0,4.0,40169.88,2.0,1.0,1.0,199857.47,0.0
15571752.0,,668.0,Germany,F,32.0,10.0,92041.87,1.0,1.0,,43595.9,0.0
15743067.0,Fuller,625.0,Germany,M,26.0,3.0,130483.95,1.0,,,122810.53,0.0
15714466.0,Baxter,846.0,France,F,41.0,5.0,0.0,3.0,1.0,0.0,3440.47,1.0
15617982.0,Pirozzi,661.0,Spain,F,42.0,3.0,0.0,2.0,1.0,0.0,35989.41,0.0
15696637.0,Sung,571.0,France,F,23.0,10.0,151097.28,1.0,0.0,1.0,17163.75,0.0
,Rogers,582.0,Spain,F,46.0,8.0,67563.31,1.0,1.0,0.0,,1.0
,Mills,716.0,France,F,35.0,8.0,nan,1.0,0.0,,17848.3,0.0
15704586.0,Osonduagwuike,758.0,France,F,42.0,7.0,0.0,2.0,0.0,1.0,76209.56,0.0
15674526.0,Byrne,725.0,France,M,66.0,4.0,86459.8,1.0,1.0,,141476.56,0.0
15775295.0,McIntyre,630.0,France,F,40.0,0.0,118633.08,1.0,0.0,1.0,60032.46,1.0
,Aitken,627.0,France,F,55.0,2.0,159441.27,1.0,1.0,0.0,100686.11,1.0
15727281.0,Macintyre,653.0,France,F,27.0,9.0,0.0,2.0,1.0,,96429.29,0.0
15787835.0,Simpson,775.0,,F,38.0,4.0,125212.65,2.0,1.0,1.0,15795.88,1.0
15730540.0,Simpson,794.0,Spain,M,nan,8.0,88656.37,2.0,1.0,0.0,116547.31,
15646276.0,Metcalfe,831.0,France,F,32.0,2.0,146033.62,1.0,1.0,,191260.74,
15582180.0,Lees,561.0,France,M,29.0,9.0,120268.13,1.0,1.0,1.0,,0.0
15697095.0,Zetticci,705.0,Spain,,46.0,7.0,0.0,2.0,1.0,0.0,117273.35,0.0
15748797.0,Dale,,Spain,F,33.0,0.0,0.0,1.0,1.0,0.0,92277.47,1.0
15754796.0,Byrne,487.0,Germany,F,46.0,4.0,135070.58,2.0,1.0,1.0,44244.49,1.0
15628947.0,Praed,693.0,France,F,38.0,3.0,0.0,2.0,0.0,,78133.48,1.0
15775546.0,Laurens,517.0,Spain,F,29.0,,0.0,2.0,,0.0,,0.0
15670481.0,Woods,684.0,France,F,nan,9.0,122550.05,,0.0,1.0,137835.82,0.0
15619029.0,Bykov,,Spain,F,43.0,2.0,-99999,2.0,1.0,0.0,,0.0
15613282.0,,757.0,France,M,29.0,8.0,130306.49,1.0,1.0,0.0,77469.38,
15721487.0,Pirogova,739.0,France,F,27.0,6.0,0.0,1.0,1.0,1.0,57572.38,0.0
15797276.0,Sturt,662.0,Spain,F,41.0,4.0,-99999,,1.0,0.0,75884.65,1.0
15612494.0,Panicucci,359.0,,F,44.0,6.0,128747.69,1.0,1.0,0.0,146955.71,
15629617.0,,572.0,Spain,M,23.0,2.0,126873.52,1.0,0.0,1.0,67040.12,
15600821.0,Hardy,721.0,France,M,69.0,2.0,nan,1.0,1.0,1.0,178418.35,0.0
15579062.0,,707.0,France,M,150,9.0,0.0,2.0,0.0,0.0,30807.02,0.0
15814268.0,Franklin,444.0,France,F,40.0,5.0,84350.07,1.0,,0.0,143835.76,0.0
15710164.0,P'eng,523.0,France,F,73.0,7.0,0.0,,0.0,0.0,130883.9,1.0
15693904.0,Chiang,685.0,Germany,F,30.0,4.0,84958.6,2.0,0.0,1.0,194343.72,0.0
15588986.0,Grant,673.0,Germany,F,29.0,4.0,nan,1.0,1.0,1.0,9796.69,0.0
15797733.0,Udobata,,Germany,,30.0,10.0,136622.55,2.0,,0.0,47310.24,0.0
15620507.0,Siciliani,485.0,Germany,F,30.0,5.0,-99999,1.0,1.0,1.0,,
15685150.0,Evans,799.0,Germany,M,28.0,7.0,nan,2.0,1.0,1.0,,0.0
15667651.0,Young,585.0,,F,150,8.0,0.0,2.0,1.0,0.0,114182.07,0.0
15774166.0,,607.0,,F,nan,2.0,109483.54,2.0,0.0,1.0,127560.77,0.0
,Lucchese,521.0,Germany,F,40.0,9.0,134504.78,1.0,1.0,0.0,,
15705657.0,Hewitt,535.0,France,F,44.0,,114427.86,1.0,1.0,1.0,,0.0
15753969.0,K'ung,724.0,,M,45.0,5.0,83888.54,1.0,0.0,1.0,34121.81,0.0
15742378.0,Swaim,520.0,Germany,M,32.0,5.0,110029.77,,1.0,,56246.69,0.0
15794874.0,,696.0,Spain,M,41.0,9.0,127523.75,1.0,0.0,1.0,191417.42,0.0
15589221.0,Kennedy,,Germany,M,30.0,1.0,139762.13,,1.0,1.0,23317.88,0.0
15596671.0,Endrizzi,603.0,Spain,F,42.0,8.0,-99999,1.0,0.0,0.0,144675.3,1.0
15583668.0,Ludowici,726.0,France,F,42.0,2.0,109471.79,1.0,0.0,1.0,175161.05,0.0
15710206.0,Larson,591.0,France,F,nan,4.0,150500.64,1.0,1.0,0.0,14928.8,0.0
15799966.0,Chigolum,792.0,Germany,F,59.0,9.0,101609.77,,0.0,0.0,161479.19,1.0
15794560.0,Maclean,550.0,France,M,57.0,5.0,0.0,1.0,1.0,1.0,133501.94,
15626485.0,Lu,601.0,France,F,26.0,,78892.23,1.0,1.0,1.0,23703.52,0.0
15703143.0,Tuan,820.0,France,F,29.0,,82344.84,1.0,0.0,1.0,,0.0
15809772.0,Glover,667.0,France,M,48.0,2.0,0.0,1.0,1.0,0.0,43229.2,
15687959.0,Landman,573.0,Spain,F,nan,,0.0,,1.0,1.0,94862.93,0.0
,Trevisano,755.0,France,M,62.0,1.0,127706.33,2.0,0.0,1.0,142377.69,0.0
15714993.0,Longo,552.0,France,F,nan,9.0,124349.34,1.0,1.0,0.0,135635.25,0.0
15596021.0,K?,598.0,Spain,M,44.0,8.0,0.0,2.0,,0.0,148487.9,0.0
15646615.0,Muir,576.0,Germany,M,28.0,1.0,119336.29,2.0,,1.0,58976.85,0.0
15742632.0,Alexeyeva,670.0,France,F,31.0,9.0,0.0,1.0,0.0,1.0,76254.83,0.0
15574068.0,Norman,,,M,56.0,9.0,nan,1.0,0.0,0.0,,1.0
15806967.0,Simmons,778.0,France,,65.0,7.0,0.0,1.0,1.0,1.0,77867.23,0.0
15796334.0,Chukwualuka,558.0,Germany,M,39.0,10.0,nan,1.0,,,22878.16,1.0
15688713.0,McCall,627.0,Spain,M,44.0,6.0,0.0,,1.0,1.0,114469.55,0.0
15796179.0,Moore,683.0,France,,43.0,8.0,0.0,1.0,1.0,0.0,96754.8,0.0
15598751.0,Ingram,556.0,France,F,43.0,6.0,0.0,,0.0,0.0,125154.57,1.0
15703019.0,Okeke,583.0,France,F,38.0,10.0,0.0,2.0,0.0,1.0,113597.64,0.0
15646302.0,Shao,705.0,France,,24.0,7.0,100169.51,1.0,1.0,0.0,121408.55,0.0
,Iloabuchi,637.0,France,M,33.0,2.0,145731.83,1.0,0.0,1.0,109219.43,0.0
15697311.0,,697.0,,M,56.0,5.0,110802.03,1.0,1.0,,50230.31,1.0
15585367.0,Diribe,,Germany,F,46.0,4.0,120392.99,1.0,1.0,0.0,177719.88,1.0
15726556.0,Macgroarty,594.0,Germany,F,26.0,6.0,135067.52,2.0,0.0,0.0,131211.86,0.0
15676242.0,Artemova,632.0,Spain,M,31.0,3.0,136556.44,1.0,1.0,,82152.83,1.0
15684198.0,McDonald,551.0,France,F,38.0,10.0,0.0,2.0,1.0,1.0,,0.0
,Mazzanti,687.0,,F,35.0,3.0,nan,1.0,1.0,1.0,,1.0
15714227.0,,672.0,France,F,53.0,7.0,0.0,1.0,1.0,1.0,136910.18,
15608653.0,Davison,521.0,Spain,F,34.0,7.0,70731.07,,1.0,1.0,20243.97,1.0
,Reilly,686.0,Germany,M,35.0,2.0,109342.82,2.0,0.0,1.0,86043.27,0.0
,Ojiofor,639.0,Spain,M,28.0,8.0,0.0,2.0,1.0,0.0,126561.07,0.0
15590320.0,Shelton,850.0,France,M,66.0,4.0,0.0,2.0,0.0,1.0,64350.8,0.0
15678385.0,Lange,465.0,France,M,nan,2.0,78247.31,2.0,1.0,1.0,10472.31,0.0
15571778.0,Trentini,817.0,France,F,nan,10.0,117561.49,1.0,1.0,0.0,95941.55,
15657085.0,Gardiner,578.0,,,150,,nan,1.0,1.0,1.0,,0.0
15640627.0,Wan,611.0,,M,150,4.0,0.0,2.0,,0.0,170950.58,0.0
15566211.0,Hsu,,Germany,F,41.0,1.0,103560.57,1.0,1.0,0.0,236.45,
15669293.0,Hovell,,,M,37.0,5.0,nan,1.0,0.0,1.0,31517.16,0.0
15595067.0,Zhirov,637.0,Spain,F,40.0,6.0,0.0,2.0,1.0,1.0,181610.6,0.0
15753566.0,Espinosa,806.0,,F,32.0,3.0,63763.49,1.0,1.0,0.0,156593.09,0.0
15650391.0,Wallace,,France,F,29.0,7.0,169988.35,1.0,1.0,0.0,4272.0,0.0
,Barbour,624.0,Germany,F,35.0,0.0,180303.24,2.0,,0.0,163587.9,0.0
15814846.0,Ozerova,691.0,France,M,52.0,3.0,0.0,1.0,1.0,0.0,175843.68,1.0
15670374.0,Wright,819.0,Germany,F,49.0,1.0,120656.86,4.0,0.0,0.0,166164.3,1.0
15762332.0,,,Germany,F,nan,1.0,61592.14,2.0,1.0,1.0,61796.64,0.0
15700223.0,Steiner,806.0,France,M,150,4.0,nan,1.0,1.0,1.0,21439.49,0.0
15729956.0,Akabueze,726.0,,F,26.0,1.0,80780.16,1.0,1.0,1.0,19225.85,0.0
,Aleksandrova,552.0,France,M,36.0,8.0,0.0,2.0,,0.0,132547.02,0.0
15598782.0,Pinto,755.0,Germany,F,30.0,6.0,154221.37,2.0,0.0,1.0,62688.55,0.0
15745080.0,Griffiths,,France,M,26.0,8.0,0.0,1.0,1.0,0.0,21760.96,0.0
15703399.0,McNeil,,France,F,26.0,5.0,101641.14,2.0,0.0,1.0,154460.68,0.0
15732175.0,Bruno,,France,M,37.0,2.0,0.0,1.0,0.0,,,0.0
15630725.0,,649.0,,F,45.0,5.0,92786.66,,1.0,0.0,173365.9,1.0
15640260.0,Okorie,595.0,Germany,M,32.0,8.0,131081.66,2.0,1.0,1.0,69428.79,0.0
15716822.0,Moen,646.0,France,M,30.0,5.0,98014.74,1.0,1.0,1.0,12757.14,0.0
15583748.0,McGuigan,592.0,Spain,M,38.0,8.0,0.0,2.0,1.0,0.0,,0.0
15605968.0,Fancher,574.0,France,M,26.0,8.0,97460.1,1.0,1.0,1.0,43093.67,0.0
15790683.0,Matthews,850.0,France,M,36.0,1.0,104077.19,2.0,0.0,,68594.0,
15607713.0,Kaeppel,,Spain,F,29.0,1.0,0.0,2.0,,1.0,,0.0
15700212.0,Shih,475.0,France,F,46.0,10.0,0.0,2.0,0.0,0.0,122953.0,1.0
15626710.0,Yudina,642.0,France,F,39.0,4.0,nan,,1.0,,76821.24,0.0
15716491.0,Akabueze,710.0,Spain,F,nan,4.0,nan,1.0,0.0,1.0,141400.51,1.0
15625824.0,Kornilova,596.0,Spain,M,30.0,6.0,121345.88,4.0,1.0,0.0,41921.75,1.0
15617705.0,Ozioma,609.0,France,,39.0,8.0,nan,1.0,0.0,,175664.25,0.0
15761976.0,Su,797.0,Spain,F,31.0,8.0,0.0,2.0,,0.0,,0.0
15634891.0,Jamison,504.0,Germany,,43.0,7.0,102365.49,,1.0,0.0,194690.77,1.0
15744517.0,Esposito,,Spain,M,50.0,,-99999,1.0,0.0,,166677.35,1.0
15686963.0,Hardiman,680.0,Spain,F,30.0,,-99999,1.0,1.0,0.0,160131.58,0.0
15808189.0,Woodard,449.0,France,M,52.0,6.0,0.0,2.0,,1.0,,0.0
15580845.0,Chienezie,685.0,Germany,M,57.0,7.0,101868.51,1.0,0.0,1.0,,0.0
15799156.0,Okwuadigbo,569.0,Spain,M,38.0,8.0,0.0,,0.0,0.0,,
15694296.0,Chineze,631.0,France,,150,9.0,112392.45,2.0,1.0,,24472.23,0.0
15677049.0,O'Brien,595.0,Germany,F,nan,7.0,106570.34,2.0,0.0,1.0,177025.79,0.0
15583595.0,Tao,461.0,France,,nan,8.0,0.0,1.0,1.0,1.0,103349.74,0.0
,Mao,630.0,France,M,50.0,1.0,81947.76,1.0,0.0,1.0,63606.22,1.0
15801548.0,Buckland,661.0,France,F,31.0,7.0,144162.3,2.0,1.0,1.0,14490.79,0.0
15660833.0,Flannery,796.0,Germany,M,39.0,5.0,86350.87,2.0,0.0,0.0,105080.53,0.0
15762277.0,Jamieson,710.0,France,M,47.0,5.0,158623.14,1.0,0.0,0.0,83499.89,1.0
,Swift,741.0,France,M,nan,8.0,-99999,2.0,1.0,0.0,143598.7,0.0
15798975.0,Doherty,606.0,,M,nan,4.0,132403.56,1.0,0.0,0.0,,1.0
15599956.0,Payne,,France,M,27.0,10.0,0.0,2.0,0.0,,,
,Genovese,549.0,Germany,F,43.0,3.0,134985.66,1.0,1.0,0.0,6101.41,0.0
15701200.0,,576.0,France,M,36.0,6.0,0.0,2.0,1.0,1.0,48314.0,0.0
15638149.0,Rowley,528.0,France,,37.0,6.0,103772.45,1.0,1.0,0.0,197111.99,0.0
15786199.0,,535.0,France,M,33.0,2.0,133040.32,,,1.0,110299.78,
15701765.0,Vincent,575.0,,F,37.0,0.0,0.0,2.0,0.0,,30114.32,0.0
15586974.0,Pearce,,France,M,nan,10.0,0.0,,1.0,1.0,98894.64,0.0
15729040.0,Lamb,440.0,France,M,42.0,2.0,0.0,,,0.0,49826.68,0.0
15788676.0,,539.0,Spain,,38.0,8.0,71460.67,2.0,,1.0,10074.05,0.0
15602497.0,Honore,850.0,Spain,M,39.0,6.0,133214.13,1.0,0.0,1.0,20769.88,0.0
,Blackburn,646.0,France,F,37.0,7.0,96558.66,1.0,0.0,0.0,163427.18,0.0
15812071.0,Endrizzi,744.0,France,M,54.0,,93806.31,2.0,0.0,1.0,140068.77,0.0
15634375.0,Duncan,710.0,Spain,F,36.0,8.0,nan,2.0,0.0,0.0,83206.19,
15738267.0,Macarthur,,France,F,64.0,,nan,1.0,,1.0,111402.97,1.0
15786800.0,Gould,723.0,Germany,M,52.0,5.0,131694.97,1.0,,1.0,92873.5,
15591130.0,Medvedev,507.0,,F,29.0,6.0,0.0,2.0,0.0,1.0,94780.9,0.0
15720662.0,Sholes,787.0,,F,150,1.0,106266.8,1.0,1.0,1.0,16607.15,0.0
,Shaw,598.0,,M,41.0,8.0,0.0,,1.0,,161954.43,0.0
,Ts'ai,796.0,France,M,51.0,6.0,0.0,2.0,0.0,1.0,194733.28,0.0
15568360.0,Rolon,569.0,Spain,F,41.0,4.0,-99999,1.0,,,163524.7,
15781210.0,Reid,711.0,France,M,34.0,8.0,0.0,2.0,0.0,0.0,48260.19,0.0
15668058.0,Chinwendu,661.0,Germany,M,35.0,8.0,124098.54,1.0,1.0,0.0,86678.48,0.0
15597131.0,Fu,415.0,,M,32.0,5.0,145807.59,1.0,1.0,1.0,3064.65,0.0
15697283.0,Mackenzie,578.0,Spain,M,23.0,8.0,0.0,2.0,1.0,0.0,112124.98,0.0
15640953.0,Bligh,611.0,France,F,150,2.0,107508.93,,1.0,1.0,120801.65,0.0
15715031.0,Davidson,600.0,France,F,28.0,6.0,0.0,2.0,0.0,1.0,52193.23,0.0
15589660.0,Lamble,661.0,Germany,F,32.0,1.0,145980.23,1.0,0.0,1.0,56636.28,0.0
,Moore,850.0,France,F,37.0,3.0,212778.2,1.0,0.0,1.0,69372.88,0.0
15782736.0,Jose,573.0,,F,47.0,4.0,152522.47,1.0,0.0,1.0,164038.07,1.0
15614818.0,Trevisani,764.0,Spain,,33.0,9.0,168964.77,1.0,0.0,,118982.51,0.0
15794014.0,Schofield,,France,,34.0,8.0,0.0,2.0,1.0,0.0,27472.07,0.0
15732448.0,Stewart,821.0,France,F,28.0,8.0,0.0,1.0,1.0,,36754.13,0.0
15723411.0,Jamieson,607.0,Spain,F,36.0,4.0,98266.3,1.0,1.0,1.0,46416.36,0.0
15797686.0,Howard,558.0,France,M,nan,8.0,113000.92,1.0,1.0,1.0,152872.39,
15605950.0,Onwuamaeze,530.0,Germany,M,23.0,1.0,137060.88,2.0,,1.0,165227.23,
15812497.0,D'Albertis,654.0,Germany,M,37.0,5.0,112146.12,1.0,1.0,0.0,75927.35,0.0
15690678.0,Brooks,530.0,,F,33.0,4.0,129307.32,1.0,1.0,1.0,172930.28,0.0
15747677.0,Gordon,656.0,Spain,M,69.0,,nan,1.0,1.0,1.0,36108.5,0.0
,Nwachukwu,520.0,Spain,,150,7.0,0.0,2.0,1.0,,36202.74,0.0
15673908.0,,602.0,Germany,F,42.0,6.0,158414.85,1.0,1.0,1.0,131886.46,0.0
,Simpkinson,701.0,Germany,F,48.0,1.0,92072.68,1.0,1.0,1.0,133992.36,0.0
,Walker,653.0,Spain,F,30.0,2.0,88243.29,2.0,1.0,1.0,96658.26,0.0
15618581.0,Diribe,668.0,Spain,M,25.0,8.0,nan,2.0,,1.0,135112.09,0.0
15584364.0,Trentini,652.0,France,M,48.0,4.0,59486.31,1.0,1.0,0.0,163944.18,1.0
15599552.0,Conway,639.0,Spain,F,54.0,2.0,nan,2.0,1.0,1.0,53843.71,0.0
15749177.0,Maslow,730.0,Spain,F,52.0,7.0,0.0,2.0,0.0,1.0,122398.84,0.0
15718779.0,Clark,,France,M,34.0,1.0,0.0,1.0,1.0,1.0,64804.04,0.0
15568106.0,L?,592.0,France,F,38.0,8.0,119278.01,2.0,0.0,1.0,19370.73,0.0
15779481.0,Swadling,628.0,France,M,34.0,4.0,158741.43,2.0,1.0,1.0,126192.54,0.0
15709994.0,Gallo,658.0,France,F,40.0,7.0,140596.95,1.0,0.0,1.0,,1.0
,Onyemachukwu,,Spain,,29.0,10.0,0.0,2.0,1.0,1.0,94815.04,0.0
15706815.0,Samoylova,515.0,,M,37.0,2.0,90432.92,1.0,1.0,1.0,188366.04,
15618018.0,Dickson,571.0,,F,35.0,1.0,104783.81,2.0,0.0,1.0,,0.0
15671032.0,He,,Germany,M,42.0,0.0,77992.97,2.0,,1.0,97906.38,
15634281.0,P'an,,Germany,F,43.0,10.0,110822.9,1.0,,0.0,72861.94,0.0
15766374.0,Leak,632.0,Germany,M,42.0,4.0,119624.6,2.0,1.0,1.0,195978.86,0.0
15600991.0,Artemieva,694.0,Germany,,31.0,6.0,109052.59,2.0,1.0,1.0,19448.93,1.0
15777576.0,Frost,559.0,Spain,F,40.0,5.0,nan,1.0,0.0,1.0,32635.54,
15742613.0,,773.0,Germany,F,42.0,8.0,152324.66,2.0,1.0,0.0,,0.0
15649523.0,Kennedy,581.0,France,M,38.0,1.0,0.0,2.0,1.0,0.0,46176.22,
15651063.0,Ifeatu,,Germany,F,37.0,9.0,-99999,2.0,1.0,0.0,179634.69,0.0
15683124.0,Evans,713.0,France,M,150,6.0,115029.4,1.0,0.0,0.0,191521.32,1.0
15618314.0,Chu,676.0,France,M,40.0,8.0,114005.78,1.0,1.0,1.0,67998.45,
15670823.0,Hsueh,651.0,Germany,F,42.0,1.0,-99999,1.0,,,44731.8,1.0
,Shih,717.0,Spain,,49.0,1.0,110864.38,2.0,1.0,1.0,124532.9,
15615012.0,Fan,594.0,France,,23.0,5.0,156267.59,1.0,1.0,0.0,160968.44,0.0
15725141.0,Whiddon,716.0,France,F,44.0,3.0,109528.28,1.0,1.0,,27341.63,
15623560.0,Onyekachukwu,668.0,France,F,35.0,6.0,102482.76,,1.0,1.0,,0.0
15693018.0,,678.0,Germany,M,23.0,,115563.71,1.0,1.0,1.0,91633.53,0.0
15636756.0,Marino,545.0,France,M,23.0,2.0,0.0,,1.0,0.0,189613.12,
15647474.0,Niu,613.0,France,F,40.0,9.0,95624.36,2.0,1.0,,60706.33,0.0
15576714.0,Manna,687.0,Spain,F,21.0,8.0,0.0,2.0,1.0,1.0,,0.0
15585047.0,Onyemere,715.0,France,M,28.0,7.0,160376.61,1.0,0.0,,196853.11,0.0
15743976.0,Archer,618.0,Germany,M,41.0,8.0,37702.79,,1.0,1.0,195775.48,0.0
15793881.0,Mitchell,721.0,France,F,35.0,6.0,nan,1.0,0.0,1.0,3086.89,0.0
,Everingham,445.0,Germany,F,34.0,7.0,131082.17,2.0,1.0,1.0,,0.0
15631072.0,Huie,690.0,France,M,38.0,1.0,94456.0,2.0,0.0,1.0,55034.02,0.0
15730394.0,Crowther,709.0,France,F,43.0,8.0,0.0,2.0,0.0,0.0,168035.62,1.0
15631460.0,Swift,671.0,Spain,F,42.0,,nan,,,1.0,128449.33,
15692002.0,Skelton,538.0,France,M,33.0,6.0,93791.38,1.0,1.0,1.0,199249.29,0.0
15595282.0,White,735.0,France,F,33.0,4.0,nan,2.0,1.0,0.0,149474.69,0.0
15789548.0,Giordano,,France,F,nan,7.0,-99999,2.0,1.0,1.0,126726.33,0.0
15758035.0,Bateson,747.0,France,M,61.0,7.0,155973.13,,0.0,1.0,147554.26,0.0
15617518.0,Hu,675.0,Germany,M,36.0,7.0,89409.95,1.0,1.0,1.0,149399.7,0.0
15651802.0,Day,632.0,,F,39.0,5.0,97854.37,2.0,1.0,0.0,93536.38,0.0
,Beneventi,621.0,France,M,39.0,6.0,0.0,2.0,1.0,1.0,,0.0
15729668.0,Elizabeth,521.0,Spain,M,29.0,3.0,nan,1.0,1.0,0.0,154271.41,0.0
15741728.0,Atkins,,Spain,M,36.0,7.0,nan,1.0,,1.0,122022.89,0.0
15576676.0,Serrano,706.0,,F,nan,6.0,124923.35,2.0,1.0,1.0,50299.14,0.0
15711378.0,Willis,677.0,France,M,38.0,4.0,0.0,2.0,1.0,0.0,187800.63,0.0
,Stevenson,769.0,Germany,M,27.0,7.0,188614.07,1.0,,0.0,171344.09,
15656726.0,Ch'ien,771.0,France,M,32.0,5.0,62321.62,1.0,1.0,1.0,40920.59,0.0
,Cunningham,601.0,Germany,F,48.0,8.0,120782.7,1.0,1.0,0.0,63940.68,1.0
15719309.0,Stephens,670.0,France,F,42.0,1.0,115961.58,2.0,0.0,1.0,29483.87,
15748718.0,,,,M,28.0,2.0,nan,1.0,1.0,0.0,179056.23,0.0
15594404.0,Bevan,834.0,France,F,49.0,8.0,160602.25,2.0,1.0,0.0,129273.94,0.0
15751158.0,Mashman,571.0,France,F,42.0,4.0,108825.34,3.0,1.0,0.0,55558.51,
15593470.0,,576.0,Germany,F,nan,8.0,-99999,1.0,1.0,1.0,23305.85,0.0
15695129.0,,718.0,France,F,31.0,1.0,152663.77,1.0,0.0,,17128.64,
15640865.0,Romano,636.0,Germany,F,31.0,9.0,80844.69,2.0,1.0,1.0,74641.9,0.0
15714080.0,Goliwe,566.0,Germany,F,40.0,2.0,97001.36,2.0,1.0,0.0,154486.01,0.0
15648721.0,Hsueh,,France,M,64.0,4.0,0.0,2.0,1.0,1.0,3185.67,0.0
,Gray,574.0,France,F,39.0,2.0,122524.61,2.0,1.0,0.0,88463.63,0.0
15750248.0,Wright,619.0,France,F,nan,8.0,132292.63,1.0,1.0,0.0,65682.93,0.0
,Chiemeka,588.0,France,F,24.0,0.0,nan,2.0,1.0,1.0,,0.0
15781553.0,Chung,760.0,Germany,F,49.0,9.0,91502.99,1.0,1.0,0.0,,1.0
15649121.0,Pinto,,France,,52.0,3.0,nan,1.0,1.0,,116137.01,
,Kellway,739.0,Germany,M,29.0,,59385.98,2.0,1.0,1.0,105533.96,0.0
15646037.0,Sopuluchi,641.0,,M,77.0,9.0,0.0,3.0,1.0,,81514.06,
15722578.0,Spitzer,685.0,,F,21.0,6.0,97956.5,1.0,1.0,1.0,,0.0
15665695.0,Potter,594.0,France,F,49.0,4.0,0.0,2.0,1.0,1.0,23631.55,0.0
15801062.0,Matthews,557.0,,F,40.0,4.0,0.0,2.0,0.0,1.0,105433.53,0.0
15662955.0,Nicholls,697.0,France,M,27.0,8.0,141223.68,2.0,1.0,0.0,,
15770309.0,McDonald,656.0,,M,18.0,10.0,151762.74,1.0,0.0,1.0,127014.32,0.0
15657386.0,Fiorentini,712.0,Germany,M,43.0,1.0,141749.74,2.0,0.0,,90905.26,0.0
15777797.0,Kovalyova,689.0,Spain,M,38.0,5.0,75075.14,1.0,1.0,1.0,,1.0
15783955.0,,697.0,France,F,150,4.0,165686.11,2.0,1.0,0.0,15467.98,0.0
15804516.0,Builder,589.0,France,M,38.0,2.0,0.0,1.0,1.0,0.0,79915.28,0.0
15681758.0,Baddeley,525.0,Spain,F,25.0,10.0,0.0,2.0,1.0,0.0,69361.95,0.0
15630321.0,Hu,680.0,France,M,44.0,3.0,0.0,2.0,1.0,0.0,86935.08,0.0
15588248.0,Hs?,617.0,France,F,nan,0.0,0.0,2.0,1.0,1.0,7597.83,1.0
15591932.0,Ford,680.0,France,M,32.0,,nan,1.0,1.0,0.0,116957.6,0.0
15810347.0,Todd,662.0,Spain,F,30.0,9.0,-99999,2.0,0.0,,157884.83,0.0
15595303.0,Johnston,736.0,Germany,M,150,5.0,130812.91,1.0,1.0,1.0,77981.54,1.0
15634950.0,,657.0,Germany,M,57.0,8.0,107174.58,1.0,1.0,1.0,126369.55,1.0
15685372.0,Azubuike,350.0,Spain,M,54.0,,152677.48,,1.0,1.0,191973.49,1.0
15745827.0,Padovesi,617.0,France,M,150,3.0,132005.77,1.0,1.0,0.0,142940.39,0.0
15755868.0,Farmer,562.0,France,M,35.0,7.0,0.0,1.0,0.0,0.0,48869.67,0.0
15735222.0,,705.0,Spain,F,23.0,5.0,0.0,2.0,1.0,1.0,73131.73,0.0
15604804.0,,516.0,France,F,33.0,,127305.5,1.0,1.0,,120037.36,0.0
15718944.0,Artemiev,573.0,France,F,37.0,6.0,0.0,2.0,1.0,0.0,193995.37,
15678626.0,Okonkwo,538.0,Spain,F,31.0,0.0,0.0,2.0,,0.0,179453.66,0.0
15571550.0,Dore,699.0,France,M,150,9.0,0.0,1.0,1.0,0.0,80963.92,0.0
15723053.0,T'ang,504.0,Germany,M,32.0,8.0,170291.22,2.0,,1.0,15658.99,0.0
15661528.0,Ashbolt,583.0,Spain,M,47.0,5.0,102562.23,1.0,1.0,0.0,92708.1,0.0
15754177.0,Bazarova,712.0,Spain,M,53.0,2.0,-99999,2.0,0.0,0.0,26542.17,0.0
15683544.0,Buccho,626.0,Spain,,62.0,3.0,0.0,1.0,1.0,1.0,65010.74,0.0
15708048.0,,631.0,France,F,34.0,4.0,124379.14,1.0,1.0,0.0,106892.91,0.0
15701109.0,Andreyev,663.0,France,F,37.0,7.0,0.0,1.0,,1.0,185210.63,0.0
15600110.0,Endrizzi,506.0,Germany,F,41.0,3.0,57745.76,,1.0,0.0,4035.46,0.0
15651533.0,Brown,570.0,Germany,F,50.0,5.0,129293.74,1.0,1.0,,177805.44,1.0
15777904.0,Nock,703.0,France,F,45.0,7.0,0.0,2.0,1.0,1.0,68831.72,0.0
15655574.0,Okeke,698.0,Germany,F,40.0,8.0,nan,1.0,1.0,0.0,114732.62,
15569423.0,,731.0,Spain,M,41.0,4.0,nan,2.0,1.0,0.0,22299.27,0.0
15718106.0,Kelley,625.0,France,,34.0,6.0,0.0,2.0,0.0,0.0,197283.2,0.0
15585067.0,Wilson,634.0,Spain,M,31.0,9.0,108632.48,1.0,1.0,1.0,,1.0
15675501.0,Woods,616.0,France,M,59.0,5.0,153861.1,1.0,1.0,1.0,17699.48,
15633233.0,McFarland,500.0,France,,56.0,1.0,nan,1.0,1.0,0.0,118490.8,
15667134.0,Cisneros,446.0,France,,32.0,8.0,0.0,2.0,0.0,0.0,133292.94,
15659105.0,Borchgrevink,669.0,France,F,nan,,61196.54,,1.0,0.0,58170.24,0.0
15575409.0,Rozhkova,581.0,Germany,,31.0,6.0,116891.72,1.0,1.0,0.0,107137.3,0.0
15752342.0,Bradley,704.0,Germany,F,150,6.0,133656.91,3.0,1.0,0.0,145071.33,1.0
15654851.0,Obialo,748.0,France,,44.0,2.0,92911.52,1.0,0.0,1.0,85495.24,0.0
15741429.0,Hudson,680.0,Spain,F,31.0,9.0,119825.75,,1.0,1.0,101139.3,0.0
15682356.0,Veltri,655.0,France,F,nan,7.0,-99999,2.0,1.0,0.0,10511.13,0.0
15806447.0,Mazzanti,690.0,Germany,,32.0,0.0,-99999,,1.0,1.0,137916.49,0.0
15800229.0,Thorpe,695.0,Germany,M,nan,7.0,139022.24,1.0,,1.0,193383.13,0.0
15663441.0,Golibe,,Germany,F,40.0,4.0,148571.07,1.0,1.0,0.0,,1.0
15791991.0,Udinesi,773.0,France,M,52.0,4.0,0.0,1.0,0.0,1.0,144113.42,0.0
,Stewart,749.0,France,M,42.0,1.0,129776.72,2.0,0.0,1.0,143538.51,0.0
15579706.0,Curtis,611.0,,F,46.0,,0.0,1.0,1.0,,77677.14,1.0
15718247.0,Hayden,,Spain,F,46.0,8.0,0.0,2.0,1.0,1.0,183717.94,0.0
,H?,554.0,France,M,24.0,10.0,0.0,1.0,0.0,0.0,92180.62,0.0
15582259.0,Campbell,567.0,France,F,37.0,,0.0,2.0,1.0,,28690.9,
15716994.0,Green,559.0,Spain,M,24.0,3.0,114739.92,1.0,1.0,0.0,85891.02,1.0
15586880.0,P'eng,594.0,Germany,M,41.0,,122545.65,2.0,1.0,1.0,42050.24,0.0
15713854.0,Cremonesi,513.0,France,F,37.0,6.0,0.0,,1.0,,,0.0
15780835.0,,652.0,Germany,F,26.0,1.0,131908.35,1.0,1.0,1.0,179269.79,0.0
15675896.0,Gough,680.0,Germany,F,42.0,7.0,105722.69,1.0,1.0,1.0,90558.24,1.0
15658459.0,,784.0,Spain,M,nan,,0.0,2.0,1.0,0.0,162022.47,0.0
15658057.0,,812.0,Spain,F,44.0,8.0,0.0,3.0,1.0,0.0,66926.83,1.0
15801767.0,Yin,784.0,,F,40.0,8.0,0.0,2.0,1.0,0.0,108891.3,0.0
15569178.0,Kharlamov,570.0,,F,18.0,4.0,82767.42,1.0,1.0,0.0,71811.9,0.0
,Nicholls,712.0,France,,42.0,1.0,87842.98,1.0,0.0,0.0,92223.59,0.0
15811236.0,Burns,705.0,Spain,M,nan,,133261.13,,1.0,1.0,78065.9,0.0
15746749.0,Fleming,681.0,Spain,F,32.0,3.0,-99999,2.0,1.0,1.0,59679.9,0.0
,Watson,620.0,France,M,nan,0.0,97925.11,1.0,1.0,0.0,85000.32,0.0
15709387.0,Obiajulu,711.0,France,M,52.0,5.0,nan,1.0,1.0,1.0,159808.95,0.0
15572093.0,Han,613.0,,,24.0,,140453.91,1.0,1.0,0.0,129001.3,
15713826.0,Ferguson,613.0,Germany,F,20.0,0.0,nan,1.0,0.0,0.0,113557.7,1.0
15570205.0,Tao,682.0,Spain,M,36.0,5.0,0.0,2.0,1.0,1.0,147758.51,0.0
15589348.0,Le Grand,850.0,Spain,M,37.0,4.0,137204.77,1.0,1.0,1.0,28865.59,
15804610.0,Valdez,,France,F,41.0,1.0,-99999,2.0,0.0,1.0,160607.06,0.0
15700854.0,Cunningham,595.0,,M,35.0,8.0,nan,,1.0,0.0,100015.79,1.0
15758836.0,Godfrey,675.0,Spain,M,36.0,3.0,54098.18,2.0,0.0,1.0,54478.52,0.0
15772933.0,Mai,591.0,Spain,,31.0,8.0,0.0,1.0,1.0,1.0,141677.33,0.0
15809006.0,Walker,602.0,,M,23.0,7.0,113758.48,2.0,0.0,0.0,84077.6,0.0
15689612.0,Pirozzi,554.0,Spain,F,34.0,8.0,0.0,1.0,0.0,1.0,106981.03,0.0
15744614.0,Feng,541.0,France,M,37.0,9.0,118636.92,1.0,1.0,1.0,73551.44,0.0
15704250.0,Akabueze,506.0,France,M,34.0,7.0,nan,2.0,0.0,0.0,115842.1,0.0
,,814.0,Germany,M,44.0,8.0,95488.82,2.0,0.0,0.0,107013.59,0.0
15669410.0,Yevdokimova,,France,M,30.0,8.0,110829.52,2.0,0.0,0.0,24938.84,0.0
15807595.0,Ijendu,485.0,Germany,M,51.0,7.0,144244.59,2.0,1.0,0.0,51113.14,0.0
15664523.0,Colombo,696.0,,F,31.0,8.0,122021.92,2.0,1.0,0.0,33828.64,0.0
15642833.0,Akubundu,,France,,30.0,8.0,0.0,2.0,1.0,0.0,128875.86,0.0
15605279.0,Francis,792.0,France,M,50.0,9.0,0.0,4.0,1.0,1.0,194700.81,1.0
15713644.0,Marshall,686.0,Spain,M,22.0,5.0,0.0,2.0,1.0,0.0,158974.45,
15750466.0,Rhodes,,Germany,M,42.0,1.0,85839.62,1.0,1.0,0.0,198182.73,0.0
15739054.0,Y?,654.0,France,F,29.0,4.0,96974.97,1.0,0.0,1.0,141404.07,0.0
15612771.0,Bell,452.0,France,M,35.0,4.0,148172.44,1.0,1.0,1.0,,0.0
,Kerr,,Spain,M,nan,,0.0,1.0,1.0,0.0,126876.47,0.0
15732832.0,Jideofor,707.0,France,F,150,5.0,0.0,2.0,1.0,0.0,41052.82,0.0
15772892.0,Robertson,699.0,France,F,49.0,2.0,0.0,,0.0,0.0,105760.01,0.0
15713843.0,Kao,850.0,Spain,M,30.0,2.0,nan,2.0,,1.0,27937.12,
15567993.0,Palmer,828.0,Spain,M,28.0,8.0,134766.85,,1.0,0.0,79355.87,0.0
15617603.0,Mackay,850.0,,M,30.0,,123210.56,2.0,,1.0,102180.27,0.0
15744983.0,Burgmann,712.0,Spain,M,47.0,1.0,139887.01,1.0,1.0,1.0,95719.73,0.0
15630419.0,Davis,634.0,France,M,44.0,9.0,149961.11,1.0,1.0,,57121.51,0.0
15738828.0,Milano,730.0,,M,nan,6.0,152880.97,1.0,0.0,0.0,162478.11,0.0
15778025.0,Dellucci,685.0,Germany,M,nan,9.0,108589.47,2.0,0.0,1.0,194808.51,0.0
15799479.0,Coles,809.0,Spain,M,33.0,9.0,0.0,1.0,1.0,1.0,124045.65,0.0
15684269.0,Gray,707.0,Spain,F,35.0,3.0,56674.48,1.0,1.0,0.0,17987.4,1.0
15762745.0,Macvitie,648.0,Spain,M,32.0,8.0,0.0,1.0,1.0,,,0.0
15746970.0,Townsend,760.0,,,57.0,1.0,0.0,2.0,1.0,1.0,25101.17,0.0
,Pope,805.0,Germany,F,nan,3.0,105663.56,2.0,0.0,1.0,33330.89,0.0
15592116.0,Jensen,585.0,France,F,39.0,7.0,0.0,2.0,1.0,0.0,2401.26,0.0
15624391.0,Thomson,595.0,Spain,F,30.0,5.0,100683.54,1.0,1.0,1.0,178361.04,0.0
15567422.0,Chiazagomekpele,630.0,France,M,42.0,6.0,0.0,2.0,1.0,,162697.93,0.0
15612627.0,Ozuluonye,627.0,Germany,,29.0,5.0,139541.58,2.0,1.0,0.0,80607.33,
15574879.0,Wright,631.0,Germany,F,37.0,2.0,121801.72,2.0,0.0,1.0,23146.62,0.0
15745107.0,Lung,776.0,Germany,M,38.0,5.0,112281.7,1.0,,1.0,89893.6,0.0
15734491.0,Lombardo,676.0,Spain,F,36.0,,0.0,2.0,1.0,1.0,3173.31,0.0
15675320.0,Leonard,758.0,Spain,F,40.0,5.0,93499.82,2.0,0.0,0.0,123218.81,0.0
15643824.0,Johnston,637.0,,M,33.0,0.0,132255.99,2.0,0.0,1.0,74588.41,0.0
,P'eng,850.0,France,M,20.0,,0.0,2.0,1.0,0.0,31288.77,0.0
15721730.0,Amechi,601.0,Spain,,44.0,4.0,0.0,2.0,1.0,,58561.31,
15680727.0,Fang,735.0,France,M,49.0,5.0,121973.28,1.0,,0.0,148804.36,
15752508.0,Docherty,614.0,Germany,M,150,,99462.8,2.0,1.0,1.0,51117.06,0.0
15808846.0,Horton,672.0,,F,21.0,3.0,nan,2.0,1.0,1.0,,0.0
15727251.0,Vincent,642.0,France,M,150,,117494.27,1.0,0.0,0.0,61977.82,
15663489.0,Onio,633.0,Germany,F,nan,,138577.34,,1.0,0.0,,
15683677.0,,769.0,Spain,,nan,9.0,0.0,1.0,,1.0,,
15596414.0,Chandler,796.0,Spain,M,41.0,8.0,107525.07,1.0,1.0,0.0,18510.41,0.0
15730639.0,Fiorentino,715.0,France,M,nan,7.0,139224.92,2.0,1.0,0.0,65057.71,0.0
15672132.0,Butusov,695.0,France,F,42.0,7.0,121453.63,1.0,0.0,0.0,46374.64,0.0
15742638.0,Wang,,France,F,150,4.0,0.0,2.0,0.0,1.0,42039.67,0.0
15578603.0,Alexeieva,584.0,Germany,F,150,,77354.37,1.0,0.0,0.0,138192.98,1.0
15726088.0,Vinogradova,,France,M,40.0,6.0,0.0,1.0,1.0,,22735.45,0.0
15682533.0,Hughes,850.0,,,39.0,7.0,-99999,1.0,0.0,1.0,186910.74,0.0
,Ts'ao,529.0,France,M,150,2.0,116295.29,1.0,1.0,0.0,,0.0
,Bage,584.0,Spain,F,59.0,1.0,0.0,1.0,0.0,1.0,130260.11,1.0
15659486.0,Yudina,,Germany,M,34.0,9.0,74309.81,1.0,1.0,0.0,15034.93,
15568963.0,Naquin,674.0,,M,34.0,2.0,152797.9,1.0,1.0,0.0,175709.4,
15703820.0,Endrizzi,552.0,France,M,42.0,9.0,133701.07,2.0,1.0,0.0,101069.71,1.0
15569410.0,Tang,,Germany,F,33.0,7.0,114430.18,2.0,1.0,1.0,153012.13,0.0
15632256.0,Schroeder,541.0,,,29.0,7.0,127504.57,1.0,0.0,0.0,86173.92,0.0
15724466.0,Swearingen,744.0,Germany,F,41.0,2.0,84113.41,1.0,1.0,0.0,197548.63,0.0
15777639.0,McGregor,595.0,Spain,F,23.0,10.0,101126.66,2.0,0.0,0.0,37042.8,0.0
15802501.0,Onyeorulu,724.0,Germany,,33.0,5.0,103564.83,2.0,1.0,0.0,121085.72,0.0
15778410.0,Clarke,533.0,Spain,F,52.0,7.0,0.0,,0.0,1.0,,1.0
15670702.0,Smith,618.0,France,M,37.0,2.0,168178.21,2.0,0.0,1.0,,0.0
15704763.0,Kozlova,,Germany,F,39.0,1.0,143903.11,1.0,,1.0,118711.75,
15645544.0,Nekrasov,642.0,Germany,F,30.0,5.0,129753.69,1.0,1.0,0.0,582.53,
15757646.0,Olague,584.0,France,M,35.0,9.0,0.0,2.0,1.0,0.0,192381.21,0.0
15701121.0,Holt,521.0,France,M,38.0,5.0,110641.18,1.0,0.0,1.0,136507.69,1.0
,Olsen,662.0,France,F,36.0,4.0,166909.2,2.0,1.0,,138871.12,1.0
15815660.0,Mazzi,758.0,France,F,34.0,1.0,154139.45,,1.0,1.0,60728.89,0.0
15602844.0,Niu,717.0,France,M,38.0,7.0,nan,1.0,0.0,0.0,189175.71,0.0
15636238.0,,611.0,France,M,40.0,1.0,0.0,2.0,1.0,1.0,,0.0
15770101.0,Millar,766.0,Germany,M,43.0,6.0,112088.04,2.0,1.0,1.0,36706.56,0.0
15645543.0,Bell,636.0,France,F,34.0,3.0,-99999,,1.0,1.0,44756.25,0.0
15596397.0,Kelly,814.0,France,F,48.0,7.0,0.0,2.0,1.0,1.0,132870.15,0.0
15770525.0,T'an,760.0,Spain,M,nan,1.0,141038.57,2.0,0.0,0.0,16287.38,0.0
,Davila,607.0,Germany,M,nan,,84468.67,2.0,1.0,1.0,121945.42,
15689980.0,Willis,,Spain,F,36.0,4.0,118520.26,1.0,0.0,0.0,,1.0
15633260.0,Dumetochukwu,600.0,,M,37.0,1.0,142663.46,1.0,0.0,1.0,88669.89,0.0
15756471.0,Giles,656.0,Germany,M,27.0,4.0,118627.16,2.0,1.0,1.0,160835.3,0.0
15721303.0,O'Meara,640.0,Spain,M,34.0,1.0,nan,1.0,0.0,0.0,24761.36,0.0
15802256.0,Yao,439.0,France,M,28.0,7.0,110976.23,2.0,,0.0,138526.96,0.0
15725664.0,,549.0,France,F,38.0,8.0,107283.4,1.0,,0.0,157442.75,0.0
15674851.0,T'ien,622.0,France,M,38.0,5.0,0.0,2.0,0.0,0.0,105295.77,0.0
15701946.0,Ndubueze,715.0,,M,34.0,4.0,124314.45,1.0,0.0,0.0,97782.92,0.0
15748947.0,Chukwuraenye,657.0,France,F,41.0,5.0,95858.37,,1.0,1.0,68255.88,0.0
15673342.0,,703.0,France,M,36.0,2.0,-99999,2.0,1.0,0.0,108790.95,
15601008.0,Stevenson,802.0,France,M,33.0,8.0,0.0,,1.0,0.0,143706.18,0.0
15771636.0,Marshall,,Spain,F,36.0,,0.0,1.0,0.0,0.0,148993.47,0.0
15642002.0,Hayward,,France,F,35.0,6.0,117707.18,2.0,0.0,0.0,95277.15,1.0
15693381.0,,533.0,Spain,M,38.0,1.0,135289.33,2.0,0.0,1.0,152956.33,
15607691.0,Gibson,658.0,France,M,36.0,8.0,174060.46,1.0,1.0,1.0,94925.62,0.0
15589380.0,Fraser,713.0,Germany,M,40.0,3.0,114446.84,,1.0,1.0,87308.18,0.0
15603846.0,Fang,711.0,Spain,M,37.0,2.0,0.0,2.0,1.0,0.0,83978.86,1.0
15753549.0,Dubinina,669.0,France,M,25.0,1.0,157848.53,1.0,0.0,0.0,37543.93,1.0
,Morey,439.0,France,F,43.0,8.0,nan,1.0,0.0,1.0,104889.3,0.0
15773017.0,,763.0,,F,37.0,6.0,nan,2.0,1.0,1.0,149705.25,0.0
15625641.0,Forbes,697.0,Germany,F,74.0,,108071.36,2.0,1.0,1.0,16445.79,0.0
15776467.0,De Salis,702.0,Spain,F,35.0,8.0,14262.8,2.0,1.0,0.0,54689.16,0.0
15746451.0,Barry,686.0,,M,41.0,7.0,102749.72,1.0,0.0,1.0,194913.86,0.0
15777922.0,Afamefuna,629.0,Spain,M,36.0,1.0,161757.87,2.0,,1.0,146371.72,0.0
15606841.0,,823.0,France,M,38.0,1.0,nan,2.0,1.0,0.0,156603.7,0.0
15757648.0,Marshall,683.0,Germany,F,35.0,5.0,95698.79,1.0,0.0,1.0,182566.76,
15677173.0,Law,555.0,France,M,37.0,9.0,124969.13,1.0,1.0,0.0,,0.0
15764170.0,Pinto,647.0,Germany,M,44.0,4.0,93960.35,,1.0,0.0,36579.53,1.0
15610446.0,Chinedum,714.0,France,F,nan,4.0,88308.87,3.0,0.0,0.0,5862.53,1.0
15612776.0,McKay,,Spain,F,39.0,10.0,0.0,2.0,1.0,1.0,143030.09,0.0
15794122.0,Otutodilinna,713.0,France,F,59.0,3.0,0.0,,1.0,,62700.08,0.0
15774931.0,She,452.0,France,M,30.0,7.0,nan,1.0,1.0,1.0,99017.34,0.0
15779247.0,Pai,683.0,Spain,,24.0,8.0,98567.1,1.0,1.0,0.0,187987.01,0.0
15707078.0,Kruglov,,France,F,26.0,1.0,180530.51,1.0,0.0,0.0,123454.62,0.0
15605263.0,,552.0,France,M,33.0,,140931.57,,0.0,1.0,10921.5,0.0
15607381.0,King,769.0,Germany,F,31.0,7.0,148913.72,2.0,1.0,0.0,53817.23,0.0
15683471.0,Hansen,691.0,France,M,38.0,7.0,0.0,2.0,0.0,0.0,81617.4,0.0
15605037.0,Ting,818.0,France,F,49.0,2.0,0.0,,0.0,1.0,192298.84,1.0
15576085.0,,739.0,France,M,41.0,5.0,0.0,2.0,0.0,0.0,143882.25,0.0
15770435.0,McLean,639.0,France,F,50.0,6.0,115335.32,2.0,1.0,1.0,53130.41,0.0
15592994.0,,651.0,France,F,nan,0.0,0.0,2.0,1.0,1.0,190454.04,0.0
15624068.0,Fu,779.0,France,F,26.0,0.0,0.0,2.0,0.0,1.0,,0.0
15595221.0,Trevisano,850.0,Germany,F,33.0,7.0,nan,1.0,1.0,0.0,113177.95,0.0
15637131.0,Fallaci,829.0,France,M,38.0,9.0,nan,2.0,1.0,0.0,30529.88,0.0
15613471.0,Wiley,579.0,Germany,M,31.0,2.0,90547.48,2.0,1.0,,18800.13,0.0
15583499.0,Chiagoziem,510.0,France,M,32.0,,nan,1.0,,1.0,46127.7,0.0
15752816.0,Murray,531.0,France,M,29.0,3.0,nan,1.0,,0.0,75585.48,0.0
15804075.0,Chuang,628.0,Germany,F,36.0,3.0,91286.51,1.0,,0.0,,0.0
15800517.0,Huang,633.0,Spain,M,32.0,5.0,163340.12,2.0,1.0,,74415.2,0.0
15712319.0,Chukwukere,714.0,Spain,M,150,8.0,150900.29,,0.0,1.0,,0.0
15797389.0,Hsia,604.0,Spain,M,23.0,9.0,124577.33,1.0,1.0,1.0,7267.25,0.0
15621432.0,Lee,630.0,Spain,M,35.0,1.0,0.0,2.0,0.0,,186826.22,0.0
15779390.0,Theus,850.0,Spain,F,31.0,4.0,91292.7,,1.0,1.0,162149.07,0.0
,Jennings,788.0,Germany,F,57.0,8.0,93716.72,1.0,1.0,1.0,180150.49,1.0
15770498.0,Parker,798.0,France,,nan,4.0,nan,1.0,1.0,1.0,83478.12,0.0
15678727.0,Tan,770.0,Germany,M,45.0,4.0,110765.68,1.0,1.0,0.0,26163.74,1.0
15573893.0,Barry,569.0,Germany,M,nan,9.0,173459.45,2.0,1.0,1.0,44381.06,0.0
15740104.0,Tuan,,Spain,F,22.0,7.0,169649.73,2.0,,1.0,136365.0,1.0
15792649.0,Patterson,547.0,Spain,F,31.0,9.0,0.0,2.0,0.0,0.0,99294.22,0.0
15605275.0,,725.0,Germany,M,45.0,,116917.07,1.0,,0.0,,1.0
15572467.0,Chandler,506.0,France,M,37.0,5.0,0.0,,1.0,1.0,127543.81,0.0
15738219.0,Nash,632.0,,F,36.0,7.0,nan,2.0,,1.0,52526.65,0.0
15600710.0,Atkinson,620.0,France,,150,0.0,0.0,1.0,1.0,,32589.45,0.0
15804394.0,Brenan,663.0,Germany,M,32.0,8.0,130627.66,,1.0,0.0,47161.25,1.0
15694188.0,Obidimkpa,700.0,Spain,F,46.0,5.0,56580.95,2.0,0.0,1.0,45424.13,0.0
15583718.0,Terry,696.0,Germany,M,nan,6.0,142316.14,1.0,,1.0,8018.49,0.0
15802478.0,Spring,767.0,,M,31.0,6.0,0.0,2.0,1.0,1.0,195668.0,
15619343.0,Mahmood,561.0,France,M,56.0,,152759.0,2.0,1.0,0.0,133167.11,1.0
,Campbell,350.0,Germany,M,39.0,0.0,109733.2,2.0,0.0,0.0,123602.11,1.0
15761374.0,Bellucci,706.0,,M,54.0,9.0,117444.51,1.0,1.0,1.0,186238.85,
15569209.0,Amaechi,,Spain,F,34.0,5.0,76001.57,1.0,1.0,1.0,158668.87,
15788539.0,Foxall,501.0,France,F,34.0,3.0,107747.57,1.0,1.0,0.0,9249.36,0.0
15747222.0,Bentley,745.0,Spain,,35.0,8.0,0.0,,1.0,,116581.1,
15769346.0,,587.0,France,F,36.0,1.0,134997.49,2.0,1.0,0.0,44688.08,
,Howard,667.0,France,F,nan,2.0,0.0,2.0,1.0,1.0,148608.39,0.0
15589076.0,Henry,737.0,France,M,36.0,9.0,0.0,1.0,0.0,1.0,188670.9,1.0
15812338.0,Sopuluchukwu,485.0,,F,30.0,7.0,0.0,,1.0,0.0,107067.37,0.0
15758845.0,Rocher,590.0,Spain,F,37.0,0.0,64345.21,1.0,0.0,1.0,61759.33,
15685844.0,,518.0,Germany,F,35.0,8.0,141665.63,1.0,0.0,1.0,192776.64,0.0
15583090.0,,,Spain,F,nan,8.0,0.0,2.0,1.0,0.0,46735.19,0.0
15587581.0,Russo,785.0,Germany,,33.0,5.0,136624.6,2.0,1.0,1.0,169117.74,
15633640.0,Loewenthal,,France,F,52.0,4.0,161209.66,1.0,1.0,1.0,89081.41,0.0
15573741.0,Aliyeva,,Spain,M,38.0,10.0,95010.92,1.0,1.0,1.0,105227.86,0.0
15633574.0,Montes,730.0,,F,41.0,4.0,167545.32,1.0,,0.0,128246.81,0.0
15711455.0,Kuo,740.0,Germany,F,36.0,4.0,109044.6,1.0,0.0,0.0,94554.74,1.0
15570601.0,Cheng,785.0,France,F,47.0,,122031.55,1.0,,1.0,33823.5,1.0
15690925.0,McIntosh,527.0,Spain,F,29.0,2.0,nan,1.0,1.0,0.0,,1.0
,T'ao,544.0,France,F,29.0,1.0,118560.55,1.0,1.0,1.0,164137.36,0.0
15780746.0,Tyndall,,France,M,61.0,4.0,0.0,2.0,1.0,,191313.7,0.0
15681956.0,Bailey,684.0,France,M,34.0,9.0,0.0,2.0,1.0,,65257.57,0.0
15778190.0,Onyekaozulu,639.0,,F,28.0,8.0,nan,1.0,1.0,1.0,178222.77,0.0
15786852.0,,565.0,Germany,F,38.0,2.0,158651.29,2.0,1.0,1.0,179445.28,0.0
15726494.0,Romani,481.0,France,M,44.0,9.0,nan,1.0,1.0,0.0,,1.0
15641183.0,Chin,731.0,,M,25.0,8.0,96950.21,1.0,1.0,0.0,97877.92,0.0
15805312.0,Bellucci,607.0,France,M,45.0,7.0,123859.6,1.0,0.0,1.0,113051.57,0.0
15636572.0,Christmas,760.0,France,F,32.0,7.0,0.0,2.0,1.0,1.0,105969.05,0.0
,Moore,559.0,France,F,70.0,9.0,0.0,1.0,1.0,1.0,122996.76,0.0
15740164.0,Genovesi,,France,,33.0,3.0,nan,1.0,1.0,1.0,68087.15,0.0
15574947.0,Cartwright,656.0,France,,36.0,8.0,97786.08,2.0,0.0,1.0,21478.36,0.0
15597909.0,Johnstone,652.0,Germany,M,33.0,7.0,128135.99,1.0,1.0,0.0,158437.73,0.0
15782574.0,,624.0,Spain,M,33.0,6.0,0.0,2.0,0.0,0.0,76551.7,0.0
15734999.0,Stephenson,,Spain,M,36.0,2.0,85996.19,,1.0,0.0,15887.68,
15706593.0,Ellis,850.0,,F,50.0,10.0,0.0,2.0,1.0,1.0,33741.84,0.0
15766686.0,Nebechi,659.0,,F,150,1.0,104502.11,1.0,1.0,0.0,20652.69,0.0
15590268.0,Chu,529.0,,M,35.0,5.0,-99999,1.0,1.0,1.0,112781.5,0.0
15763055.0,Onuchukwu,572.0,Spain,M,31.0,5.0,98108.79,1.0,0.0,1.0,119996.95,0.0
15664754.0,Steele,640.0,Germany,M,39.0,9.0,131607.28,4.0,0.0,1.0,6981.43,1.0
15643630.0,Quaife,770.0,Spain,M,55.0,,nan,2.0,1.0,0.0,185211.28,1.0
15641043.0,Scott,648.0,Spain,M,nan,,0.0,2.0,1.0,1.0,78436.36,0.0
15768095.0,,579.0,France,M,31.0,9.0,0.0,1.0,,1.0,139048.0,0.0
,Y?,589.0,,F,150,9.0,140355.56,2.0,1.0,0.0,136329.96,0.0
15669922.0,Conti,530.0,Spain,F,36.0,,0.0,2.0,1.0,1.0,14721.8,0.0
15707114.0,Holder,831.0,France,M,30.0,2.0,0.0,2.0,0.0,1.0,3430.38,0.0
15670602.0,Burgess,790.0,Germany,M,24.0,7.0,107418.27,1.0,0.0,1.0,160450.21,0.0
15713479.0,Ozuluonye,656.0,France,M,35.0,6.0,0.0,2.0,1.0,0.0,1485.27,0.0
15663830.0,De Luca,563.0,Spain,M,32.0,,0.0,2.0,1.0,1.0,19720.08,0.0
15566958.0,Li Fonti,667.0,Spain,M,39.0,7.0,167557.12,1.0,1.0,1.0,41183.02,0.0
15680918.0,Freeman,613.0,Spain,M,34.0,8.0,117300.02,1.0,1.0,0.0,139410.08,0.0
15663921.0,Pisani,,France,M,60.0,7.0,0.0,,1.0,1.0,163691.48,0.0
15716324.0,Ignatieff,665.0,France,F,23.0,9.0,143672.9,1.0,1.0,1.0,,0.0
15796969.0,Lahti,,France,M,33.0,,0.0,2.0,1.0,1.0,74945.11,0.0
15574783.0,Perkins,584.0,France,F,37.0,1.0,0.0,2.0,1.0,1.0,180363.56,0.0
,,634.0,Germany,F,31.0,8.0,76798.92,1.0,0.0,0.0,196021.73,0.0
15802486.0,Hayes,488.0,France,M,nan,3.0,nan,2.0,1.0,1.0,125979.36,0.0
15783398.0,Rizzo,535.0,,F,49.0,7.0,nan,1.0,1.0,0.0,,
15649418.0,Krylov,776.0,France,F,29.0,,178171.04,2.0,,1.0,115818.51,0.0
15604588.0,Li Fonti,850.0,Spain,F,38.0,3.0,0.0,2.0,0.0,1.0,179360.76,0.0
15735428.0,Talbot,,Spain,F,37.0,0.0,0.0,2.0,0.0,0.0,82351.06,
15629078.0,Matthias,850.0,Germany,F,45.0,5.0,127258.79,1.0,1.0,1.0,192744.23,1.0
15806880.0,Boyle,627.0,Spain,F,30.0,6.0,0.0,1.0,,1.0,113408.47,0.0
15754999.0,Ch'eng,570.0,France,F,33.0,8.0,0.0,1.0,1.0,1.0,124641.42,0.0
15781034.0,Mason,796.0,Spain,M,67.0,5.0,0.0,,0.0,1.0,54871.02,0.0
15622017.0,Bruno,773.0,Spain,F,33.0,10.0,0.0,1.0,1.0,1.0,98820.09,0.0
15705885.0,Smeaton,,Spain,M,36.0,2.0,nan,2.0,1.0,1.0,45570.84,0.0
15677382.0,Miller,625.0,,,69.0,,nan,1.0,1.0,1.0,,0.0
15566843.0,Gotch,535.0,Germany,M,20.0,9.0,134874.4,1.0,1.0,,118825.56,0.0
15608387.0,Fu,786.0,France,F,29.0,4.0,-99999,2.0,1.0,0.0,103372.79,0.0
15810786.0,,,France,F,67.0,3.0,0.0,2.0,1.0,1.0,,0.0
,Ledford,605.0,Spain,F,48.0,6.0,0.0,2.0,1.0,1.0,40062.99,0.0
15773605.0,Iadanza,670.0,Spain,F,150,3.0,0.0,2.0,,0.0,,0.0
15811261.0,Alaniz,617.0,Spain,M,42.0,0.0,70105.87,1.0,1.0,,,0.0
15590606.0,,595.0,France,M,41.0,9.0,0.0,2.0,,,5967.09,0.0
15576644.0,,687.0,Germany,F,29.0,4.0,78939.15,1.0,1.0,0.0,122134.56,1.0
15750264.0,Pinto,757.0,,M,30.0,6.0,105128.85,,1.0,1.0,62972.13,0.0
15741554.0,,746.0,Spain,M,31.0,2.0,113836.27,1.0,1.0,1.0,174815.54,0.0
15769051.0,,,Spain,M,nan,7.0,0.0,1.0,0.0,1.0,192841.13,0.0
15812198.0,Chen,543.0,Germany,M,48.0,1.0,100900.5,,0.0,0.0,33310.72,1.0
15699772.0,Barclay,428.0,Germany,F,40.0,3.0,129248.11,2.0,,0.0,72876.43,1.0
15744105.0,Kodilinyechukwu,768.0,France,F,28.0,3.0,109118.05,2.0,0.0,1.0,50911.41,0.0
15739858.0,Otitodilichukwu,618.0,,,56.0,7.0,0.0,1.0,1.0,1.0,142400.27,1.0
15723720.0,McKenzie,591.0,France,F,31.0,7.0,nan,2.0,0.0,1.0,48778.46,0.0
15638355.0,Woods,658.0,,F,35.0,5.0,126397.66,1.0,0.0,0.0,156361.58,1.0
15805637.0,Hsing,625.0,France,M,nan,9.0,108546.16,3.0,1.0,0.0,133807.77,1.0
15629575.0,Wheare,717.0,France,M,36.0,2.0,148061.89,1.0,1.0,0.0,179128.69,1.0
15586243.0,Yobachi,667.0,,M,44.0,8.0,122277.87,1.0,1.0,1.0,91810.71,
15757931.0,Fang,804.0,France,M,24.0,3.0,0.0,,1.0,0.0,173195.33,0.0
15716023.0,Pearson,693.0,France,M,31.0,1.0,0.0,2.0,0.0,1.0,182270.88,0.0
15647782.0,Brown,729.0,Germany,,36.0,8.0,152899.24,2.0,,0.0,177130.33,0.0
15716609.0,L?,484.0,Germany,M,54.0,3.0,134388.11,1.0,0.0,0.0,49954.79,1.0
15623791.0,Padovesi,632.0,Spain,F,40.0,3.0,109740.62,1.0,1.0,0.0,141896.74,0.0
15627262.0,Soto,536.0,Germany,M,23.0,,92366.72,2.0,1.0,0.0,120661.71,0.0
15652693.0,Greco,573.0,France,F,26.0,4.0,129109.02,1.0,0.0,0.0,149814.68,1.0
15586993.0,Giordano,655.0,Spain,F,56.0,5.0,0.0,2.0,1.0,1.0,41782.7,0.0
15815560.0,Bogle,666.0,Germany,M,74.0,7.0,105102.5,1.0,1.0,1.0,46172.47,0.0
15584930.0,Grimmett,726.0,Germany,M,30.0,,111375.32,2.0,1.0,0.0,2704.09,0.0
15799031.0,Ayers,523.0,France,M,39.0,3.0,0.0,2.0,1.0,0.0,,0.0
15810457.0,Miller,728.0,Germany,F,33.0,9.0,150412.14,2.0,1.0,0.0,170764.08,0.0
15697879.0,Webb,701.0,France,M,30.0,3.0,156660.72,2.0,1.0,0.0,45742.42,0.0
,Lombardi,518.0,France,M,38.0,3.0,90957.81,1.0,,,162304.59,
15799710.0,Wei,739.0,France,M,37.0,7.0,-99999,1.0,0.0,1.0,80883.82,0.0
15659651.0,Ross,531.0,Germany,F,31.0,7.0,117052.82,1.0,1.0,0.0,118508.09,1.0
15645956.0,Jideofor,452.0,Spain,M,nan,3.0,nan,1.0,1.0,0.0,69697.74,0.0
15651713.0,King,684.0,France,M,45.0,6.0,nan,1.0,1.0,0.0,,0.0
15737265.0,Nwokeocha,728.0,Germany,M,39.0,6.0,152182.83,1.0,0.0,0.0,161203.6,
15687310.0,Humphries,783.0,Spain,M,nan,9.0,0.0,2.0,1.0,,143752.77,0.0
15607347.0,Olisaemeka,,France,M,22.0,5.0,130056.23,1.0,0.0,0.0,121894.31,1.0
15698321.0,Yobanna,,,M,34.0,3.0,95039.73,2.0,,1.0,147055.87,0.0
15657812.0,Ch'iu,688.0,France,M,52.0,1.0,0.0,2.0,1.0,1.0,172033.57,0.0
15569187.0,Fleming,680.0,Spain,M,35.0,9.0,0.0,,0.0,0.0,143774.06,0.0
15681562.0,Trevisan,,France,F,43.0,2.0,112773.73,2.0,1.0,1.0,139366.58,0.0
15615456.0,Aleksandrova,680.0,France,,37.0,10.0,123806.28,,1.0,0.0,81776.84,1.0
15589793.0,Onwuamaeze,604.0,,M,53.0,8.0,144453.75,,1.0,0.0,190998.96,1.0
15781884.0,,,,,27.0,9.0,94667.29,2.0,,1.0,4470.52,0.0
,Chia,623.0,France,,21.0,10.0,0.0,2.0,0.0,1.0,135851.3,0.0
15600734.0,,624.0,,M,51.0,,174397.21,2.0,1.0,1.0,172372.63,0.0
15779176.0,Dike,565.0,Germany,F,58.0,3.0,108888.24,3.0,0.0,1.0,135875.51,1.0
15605286.0,Moyes,565.0,France,M,55.0,4.0,118803.35,2.0,1.0,1.0,128124.7,1.0
15674922.0,Beavers,710.0,France,,54.0,6.0,171137.62,1.0,1.0,1.0,167023.95,1.0
15737506.0,,645.0,France,M,42.0,6.0,0.0,1.0,0.0,0.0,149807.01,0.0
15780514.0,Fuller,707.0,,M,33.0,8.0,136678.52,,1.0,0.0,54290.62,0.0
15623647.0,Dellucci,655.0,Spain,F,36.0,1.0,135515.76,1.0,,0.0,,0.0
15668472.0,Ritchie,705.0,Spain,F,24.0,5.0,177799.83,2.0,0.0,0.0,79886.06,0.0
15692416.0,Aikenhead,358.0,Spain,F,52.0,8.0,143542.36,3.0,1.0,0.0,141959.11,
15771139.0,Douglas,578.0,Germany,M,34.0,8.0,147487.23,2.0,1.0,0.0,66680.77,
15738318.0,Kung,800.0,France,F,40.0,5.0,97764.41,,1.0,0.0,98640.15,
15772243.0,MacDonald,612.0,,F,33.0,9.0,0.0,,0.0,0.0,,1.0
15638463.0,Okwudilichukwu,,Germany,F,48.0,8.0,nan,1.0,,1.0,163581.67,
15598088.0,Ni,559.0,Spain,M,25.0,5.0,0.0,2.0,1.0,1.0,163221.22,0.0
15693468.0,Simmons,488.0,Spain,F,39.0,,-99999,,0.0,0.0,12440.44,0.0
15671930.0,H?,,France,F,36.0,5.0,0.0,2.0,1.0,1.0,145551.6,0.0
15762268.0,Hancock,666.0,France,F,41.0,,141162.08,1.0,1.0,0.0,,0.0
15780954.0,Cran,582.0,Spain,M,26.0,4.0,65848.36,2.0,1.0,0.0,30149.21,0.0
15700174.0,,733.0,Spain,F,30.0,0.0,83319.28,1.0,0.0,0.0,57769.2,0.0
15635728.0,,693.0,France,M,41.0,4.0,-99999,2.0,0.0,0.0,156381.47,0.0
15679283.0,Parkhill,694.0,,F,33.0,4.0,129731.64,2.0,1.0,0.0,178123.86,0.0
,Golubova,622.0,,F,35.0,5.0,0.0,2.0,1.0,0.0,,
15694192.0,Nwankwo,598.0,Spain,F,38.0,6.0,0.0,2.0,0.0,0.0,173783.38,0.0
15585901.0,,717.0,Spain,M,150,1.0,0.0,3.0,0.0,,174770.14,1.0
15792329.0,Mao,494.0,Germany,M,37.0,,-99999,,1.0,0.0,172063.09,0.0
15635597.0,Echezonachukwu,644.0,France,M,150,8.0,0.0,2.0,1.0,1.0,155294.17,
15775880.0,McElyea,554.0,France,F,30.0,9.0,0.0,2.0,1.0,1.0,40320.3,
15630913.0,Rosas,476.0,Spain,F,69.0,1.0,105303.73,1.0,0.0,1.0,134260.34,0.0
15756680.0,Phillips,667.0,,M,28.0,6.0,165798.1,1.0,1.0,0.0,147090.9,
15587913.0,Palerma,748.0,Spain,F,nan,4.0,0.0,2.0,1.0,0.0,132368.47,
15737605.0,Morris,531.0,,F,45.0,1.0,126495.57,2.0,1.0,1.0,164741.5,0.0
15627876.0,Pavlova,719.0,,F,47.0,,116393.59,1.0,1.0,0.0,63051.32,1.0
,Lu,845.0,Germany,F,41.0,2.0,81733.74,2.0,0.0,0.0,199761.29,0.0
15758606.0,Yamamoto,738.0,France,,54.0,4.0,0.0,1.0,0.0,1.0,55725.04,1.0
15657107.0,Angelo,563.0,Spain,F,46.0,8.0,106171.68,1.0,1.0,0.0,163145.5,1.0
,Zaitsev,695.0,Spain,M,28.0,0.0,96020.86,1.0,1.0,1.0,57992.49,0.0
15775803.0,Cawker,841.0,Spain,M,41.0,1.0,0.0,2.0,0.0,1.0,193093.77,0.0
15570859.0,Froggatt,626.0,Germany,M,36.0,2.0,181671.16,2.0,1.0,1.0,57531.14,0.0
15748381.0,Gorbunov,613.0,France,F,29.0,6.0,185709.28,2.0,1.0,1.0,77242.19,
15787189.0,Tai,824.0,Germany,M,60.0,8.0,134250.17,3.0,0.0,0.0,153046.16,
15666055.0,Rowe,,France,F,49.0,,0.0,1.0,1.0,0.0,63405.2,
15617648.0,Mikkelsen,584.0,France,,44.0,5.0,95671.75,2.0,1.0,1.0,106564.88,0.0
15755678.0,Kovalyov,534.0,France,M,62.0,2.0,0.0,2.0,0.0,0.0,42763.12,1.0
15624781.0,Mbanefo,672.0,France,F,34.0,1.0,142151.75,2.0,1.0,1.0,168753.34,0.0
,Ts'ai,603.0,France,M,43.0,,nan,1.0,1.0,1.0,19483.35,
15567399.0,Enderby,633.0,Germany,M,43.0,3.0,144164.29,1.0,1.0,1.0,158646.46,0.0
15613656.0,Lombardi,842.0,France,M,58.0,,63492.94,1.0,1.0,1.0,83172.19,0.0
15734311.0,Hamilton,661.0,France,F,150,3.0,0.0,2.0,1.0,1.0,76889.79,0.0
15657214.0,Hsia,601.0,France,,74.0,,0.0,2.0,0.0,1.0,51554.58,0.0
15799350.0,Mao,632.0,France,M,41.0,0.0,106134.46,1.0,0.0,1.0,105570.39,0.0
15729970.0,Ugochukwu,684.0,Germany,,29.0,8.0,127269.75,1.0,0.0,1.0,79495.01,0.0
,West,785.0,Germany,F,32.0,3.0,124493.03,2.0,0.0,1.0,,1.0
15745543.0,Hughes,,France,M,39.0,7.0,0.0,2.0,1.0,0.0,26848.25,0.0
15727384.0,Chukwuemeka,705.0,Germany,F,43.0,10.0,146547.78,1.0,0.0,,10072.55,1.0
15666916.0,,639.0,France,M,nan,6.0,99610.92,2.0,1.0,0.0,187296.78,0.0
15732917.0,Li,729.0,Germany,M,46.0,5.0,117837.43,,1.0,0.0,104016.61,1.0
15612050.0,Castiglione,,Spain,F,48.0,8.0,168522.37,1.0,1.0,1.0,151310.16,0.0
15726267.0,Paterson,570.0,France,M,32.0,9.0,117337.54,2.0,0.0,1.0,62810.91,0.0
15780124.0,,841.0,France,M,74.0,9.0,108131.53,1.0,0.0,,60830.38,0.0
15742238.0,Dellucci,705.0,Germany,M,35.0,4.0,136496.12,2.0,1.0,0.0,116672.02,0.0
15679024.0,Udinesi,553.0,France,M,150,3.0,116324.53,1.0,1.0,0.0,77304.49,0.0
15715297.0,Yuan,,,F,40.0,2.0,75470.23,1.0,,1.0,,0.0
15633612.0,Yuryeva,696.0,France,M,28.0,4.0,172646.82,1.0,1.0,1.0,116471.43,0.0
15602929.0,Wilson,728.0,Spain,F,37.0,4.0,0.0,1.0,0.0,0.0,4539.38,0.0
15696703.0,Dean,,Germany,,27.0,3.0,160358.68,2.0,1.0,0.0,142367.72,0.0
15756668.0,Ross,,France,M,150,3.0,98415.37,1.0,1.0,1.0,110520.48,0.0
15565779.0,Kent,,Germany,F,30.0,6.0,57809.32,1.0,1.0,0.0,188258.49,0.0
,Vasiliev,716.0,Germany,F,18.0,3.0,128743.8,1.0,0.0,0.0,197322.13,0.0
15761477.0,Golibe,501.0,Germany,,24.0,4.0,130806.42,2.0,1.0,0.0,80241.14,0.0
15731890.0,Chukwukere,601.0,France,M,41.0,1.0,123971.16,1.0,0.0,1.0,172814.99,0.0
15633043.0,Fedorova,,Spain,F,39.0,6.0,0.0,1.0,0.0,0.0,38410.74,1.0
15752953.0,Chien,634.0,France,,45.0,9.0,0.0,2.0,0.0,0.0,17622.82,
15603088.0,,451.0,Spain,F,23.0,9.0,nan,2.0,0.0,1.0,48021.71,0.0
15606613.0,Samson,,France,F,59.0,7.0,0.0,1.0,1.0,0.0,,1.0
15635939.0,Fenton,458.0,France,F,nan,,0.0,2.0,1.0,0.0,116343.09,0.0
15666043.0,Mackey,520.0,France,M,33.0,,156297.58,2.0,1.0,1.0,166102.61,
15746190.0,Payton,624.0,Spain,F,28.0,2.0,0.0,,0.0,1.0,104353.26,
15591357.0,,765.0,France,M,51.0,3.0,123372.3,1.0,1.0,1.0,115429.32,0.0
15658716.0,Banks,667.0,Germany,F,37.0,5.0,92171.35,3.0,1.0,0.0,178106.34,1.0
15679909.0,Pugliesi,665.0,Spain,M,41.0,,0.0,,1.0,0.0,132152.32,0.0
15634262.0,Fantin,709.0,Germany,M,34.0,4.0,148375.19,2.0,,1.0,,
15799825.0,Bentley,583.0,France,,44.0,8.0,nan,2.0,1.0,1.0,27431.62,0.0
15756875.0,Freeman,782.0,Spain,M,34.0,6.0,147422.44,1.0,0.0,1.0,42143.61,0.0
15678146.0,Wong,668.0,Spain,F,24.0,7.0,173962.32,1.0,,0.0,106457.11,
15710743.0,Onwuamaeze,621.0,France,,47.0,0.0,0.0,1.0,,1.0,,1.0
15595831.0,Shen,,Germany,F,64.0,6.0,145215.43,1.0,1.0,1.0,164083.72,0.0
15626684.0,,547.0,France,F,nan,5.0,167539.97,1.0,0.0,1.0,159207.34,0.0
,Yeh,840.0,France,F,nan,1.0,94968.97,1.0,1.0,0.0,84487.62,0.0
15635459.0,Shih,667.0,,F,27.0,3.0,106116.5,2.0,1.0,,3674.71,0.0
15642544.0,Henderson,723.0,France,M,34.0,5.0,0.0,2.0,0.0,1.0,12092.03,0.0
15566494.0,Fang,487.0,France,M,45.0,2.0,0.0,2.0,1.0,0.0,77475.73,0.0
15655238.0,Dellucci,,France,F,nan,9.0,0.0,2.0,0.0,0.0,41291.73,
15733429.0,Chou,520.0,Germany,M,150,8.0,120018.86,2.0,1.0,1.0,343.38,0.0
15814536.0,,549.0,France,M,nan,2.0,112541.54,2.0,0.0,0.0,47432.43,0.0
15771702.0,Roberts,567.0,France,F,35.0,5.0,166118.45,2.0,1.0,0.0,127827.18,0.0
15723008.0,Lo Duca,720.0,,F,45.0,1.0,102882.4,2.0,1.0,,35633.15,
15797160.0,Glover,492.0,France,F,49.0,8.0,0.0,1.0,1.0,1.0,182865.09,1.0
15792222.0,Johnstone,712.0,France,F,37.0,1.0,106881.5,2.0,0.0,0.0,169386.81,0.0
15644765.0,Ashton,689.0,Germany,M,26.0,4.0,120727.97,1.0,0.0,1.0,,0.0
15610686.0,Melton,850.0,France,M,63.0,8.0,169832.57,1.0,0.0,0.0,184107.26,1.0
,,747.0,France,M,41.0,5.0,0.0,2.0,1.0,,22750.17,0.0
,Kenenna,469.0,Germany,M,38.0,9.0,113599.42,1.0,0.0,0.0,11950.29,0.0
15577078.0,Zakharov,539.0,Spain,M,38.0,6.0,0.0,1.0,1.0,1.0,152880.07,1.0
15679550.0,,743.0,France,,32.0,9.0,0.0,2.0,1.0,0.0,175252.78,0.0
15787655.0,Chu,707.0,France,M,nan,3.0,0.0,2.0,1.0,,174303.29,0.0
15668081.0,Capon,581.0,Spain,F,50.0,4.0,0.0,2.0,1.0,1.0,,0.0
15747980.0,Cattaneo,,Spain,M,nan,6.0,146282.79,2.0,1.0,0.0,,0.0
15710295.0,Patrick,445.0,Germany,,38.0,6.0,119413.62,,1.0,,175756.36,0.0
15724443.0,Taylor,703.0,Germany,F,29.0,3.0,122084.63,,0.0,1.0,82824.08,0.0
15571305.0,Stephenson,588.0,Germany,F,35.0,1.0,103060.63,,,0.0,179866.01,1.0
15569503.0,Yeh,765.0,France,M,44.0,6.0,0.0,2.0,,1.0,159899.97,0.0
15581840.0,DeRose,626.0,France,M,33.0,8.0,0.0,2.0,,0.0,138504.28,0.0
15772262.0,Vavilov,545.0,Germany,M,37.0,9.0,110483.86,1.0,1.0,1.0,127394.67,0.0
15767794.0,Browne,744.0,France,M,31.0,,120718.28,1.0,,,58961.49,0.0
15629338.0,Collingridge de Tourcey,658.0,Spain,F,31.0,2.0,36566.96,1.0,1.0,0.0,103644.98,1.0
,Rowe,629.0,,M,28.0,8.0,108601.0,1.0,1.0,1.0,119647.7,0.0
15750684.0,Jibunoh,719.0,France,,42.0,,0.0,1.0,1.0,0.0,28465.86,1.0
15697214.0,Korovin,686.0,Spain,F,36.0,5.0,0.0,2.0,1.0,1.0,152979.14,0.0
15711015.0,,743.0,France,M,36.0,4.0,0.0,2.0,1.0,1.0,190911.02,0.0
15573309.0,Ward,626.0,Spain,F,48.0,2.0,0.0,2.0,1.0,1.0,95794.98,0.0
,Olisanugo,,Germany,M,44.0,1.0,141136.62,1.0,1.0,,189742.78,1.0
15741385.0,Gallop,710.0,Germany,M,nan,9.0,108231.37,1.0,1.0,1.0,188574.08,0.0
15780254.0,Gartrell,654.0,France,M,40.0,6.0,0.0,1.0,0.0,0.0,183872.88,1.0
15744843.0,,569.0,,F,34.0,,144855.34,1.0,0.0,0.0,196555.32,0.0
15815626.0,Oluchi,640.0,France,M,63.0,2.0,68432.45,2.0,1.0,1.0,112503.24,1.0
15784736.0,Jamieson,562.0,,,45.0,,136855.24,1.0,1.0,0.0,46864.0,0.0
15813412.0,Barlow,721.0,France,F,55.0,3.0,nan,1.0,1.0,0.0,65864.4,1.0
,White,456.0,,M,32.0,9.0,133060.63,1.0,1.0,1.0,125167.92,0.0
15617617.0,Stewart,811.0,Spain,M,nan,7.0,0.0,2.0,1.0,,,0.0
15779738.0,Buccho,534.0,France,M,24.0,1.0,0.0,1.0,1.0,,169653.32,0.0
15668669.0,Benson,423.0,France,F,36.0,5.0,97665.61,1.0,1.0,0.0,118372.55,1.0
15687477.0,Thompson,,Germany,M,28.0,5.0,185013.02,1.0,1.0,0.0,16481.12,0.0
15578908.0,,725.0,Spain,,32.0,0.0,0.0,2.0,1.0,1.0,138525.19,0.0
15687658.0,Burgin,716.0,France,F,52.0,7.0,65971.61,2.0,1.0,0.0,14608.0,1.0
15615020.0,Nnaife,595.0,Germany,F,41.0,9.0,150463.11,2.0,0.0,1.0,81548.38,
15608886.0,Okwudiliolisa,679.0,France,F,nan,1.0,0.0,2.0,0.0,0.0,69608.48,0.0
15602551.0,Johnson,667.0,Spain,M,39.0,9.0,0.0,2.0,1.0,0.0,68873.8,0.0
15672945.0,Parkes,661.0,France,F,37.0,5.0,136425.18,1.0,1.0,0.0,81102.81,0.0
,Lo,,Spain,M,nan,3.0,250898.09,3.0,0.0,1.0,81054.0,1.0
,Martin,555.0,France,M,55.0,,146798.81,,1.0,1.0,74149.77,0.0
15813022.0,Kapustina,531.0,Spain,,70.0,1.0,nan,,,0.0,99503.19,0.0
15673578.0,,611.0,Germany,F,40.0,7.0,128486.91,,1.0,0.0,10109.47,0.0
15757916.0,Amaechi,600.0,France,F,150,9.0,0.0,2.0,1.0,1.0,58855.85,0.0
15689168.0,Munro,531.0,Spain,M,37.0,1.0,nan,2.0,0.0,1.0,84402.46,0.0
15769216.0,Panicucci,601.0,France,F,43.0,,0.0,1.0,1.0,0.0,49713.87,1.0
15593295.0,Greathouse,548.0,France,M,nan,6.0,76165.65,1.0,,,133537.53,0.0
,Ts'ui,759.0,France,M,40.0,4.0,0.0,2.0,1.0,,124615.59,0.0
15778934.0,,678.0,Spain,F,49.0,8.0,0.0,2.0,0.0,1.0,98090.69,0.0
15802351.0,Beers,,,F,33.0,6.0,90560.3,2.0,1.0,1.0,42607.69,0.0
15630241.0,Tretyakova,594.0,France,M,61.0,3.0,-99999,,1.0,1.0,192434.11,0.0
15719561.0,Lin,,France,M,42.0,5.0,0.0,3.0,,,60686.4,0.0
15615096.0,Costa,492.0,France,F,nan,7.0,0.0,2.0,1.0,1.0,49463.44,0.0
15659931.0,Ibezimako,637.0,Germany,F,55.0,1.0,123378.2,1.0,1.0,0.0,81431.99,1.0
15714586.0,Marcelo,646.0,Spain,F,42.0,3.0,99836.47,1.0,0.0,1.0,22909.56,0.0
15634949.0,Hay,593.0,Germany,M,74.0,5.0,nan,2.0,1.0,1.0,65532.17,0.0
15589224.0,Moore,596.0,Spain,M,41.0,5.0,0.0,2.0,0.0,1.0,141053.85,0.0
15795990.0,,,Germany,F,48.0,10.0,138311.76,1.0,,1.0,3472.63,1.0
15603216.0,Simpson,642.0,France,M,25.0,,0.0,2.0,1.0,0.0,102083.78,0.0
15631201.0,Hill,472.0,Spain,F,28.0,4.0,0.0,,1.0,,1801.77,0.0
15686255.0,Mouzon,738.0,Germany,,35.0,,101744.84,1.0,0.0,0.0,85185.44,
15746594.0,Wu,732.0,Spain,M,33.0,8.0,0.0,1.0,1.0,0.0,119882.7,0.0
15718893.0,Pirozzi,404.0,Germany,F,54.0,4.0,125456.07,1.0,1.0,0.0,83715.66,1.0
15671609.0,Ibeabuchi,701.0,France,M,44.0,7.0,0.0,2.0,1.0,0.0,23425.78,0.0
,Garnsey,683.0,France,,31.0,2.0,0.0,2.0,0.0,1.0,77326.78,
15774857.0,Synnot,460.0,France,F,27.0,,0.0,2.0,1.0,0.0,156150.08,
15791836.0,Wildman,690.0,France,M,nan,5.0,0.0,2.0,1.0,0.0,108577.97,0.0
15651554.0,,618.0,Germany,F,54.0,4.0,118449.21,1.0,1.0,1.0,133573.29,1.0
15583576.0,Tai,671.0,France,,30.0,2.0,0.0,,0.0,1.0,102057.86,0.0
15732740.0,Plant,765.0,Spain,,32.0,9.0,178095.55,1.0,0.0,0.0,47247.56,0.0
15723320.0,Azubuike,651.0,Germany,F,25.0,2.0,109175.14,2.0,,0.0,114566.47,0.0
15603851.0,Galkin,704.0,,,32.0,7.0,127785.17,4.0,0.0,0.0,,1.0
15777923.0,Johnston,544.0,France,F,45.0,6.0,-99999,2.0,0.0,,151401.33,
15735719.0,Babbage,790.0,France,,nan,9.0,0.0,2.0,1.0,1.0,,0.0
15703482.0,Walker,,Germany,,34.0,9.0,134260.36,2.0,1.0,,147074.67,0.0
15605835.0,Rice,743.0,France,M,37.0,8.0,69143.91,2.0,0.0,1.0,105780.18,0.0
15664881.0,Norton,702.0,France,M,34.0,4.0,100054.77,,,,109496.45,0.0
15757568.0,Bogolyubov,704.0,France,F,45.0,6.0,nan,1.0,1.0,1.0,137739.45,0.0
15792660.0,,614.0,France,M,38.0,2.0,116248.88,1.0,1.0,0.0,105140.92,0.0
15599722.0,Chia,609.0,Spain,F,nan,6.0,-99999,2.0,1.0,1.0,,1.0
15726354.0,Smith,688.0,France,F,32.0,6.0,123157.95,1.0,1.0,0.0,172531.23,0.0
15610355.0,Hunter,713.0,France,M,44.0,1.0,63438.91,1.0,1.0,0.0,64375.4,0.0
15704284.0,Ekechukwu,736.0,Germany,M,57.0,9.0,95295.39,1.0,,0.0,28434.44,1.0
15621893.0,Bellucci,727.0,France,M,18.0,4.0,133550.67,1.0,1.0,1.0,46941.41,0.0
15588219.0,Ford,850.0,France,F,38.0,1.0,106871.81,2.0,1.0,,29333.01,0.0
15688619.0,Scott,718.0,Spain,M,nan,3.0,105266.32,2.0,1.0,1.0,193724.51,0.0
15765518.0,Gregson,643.0,France,F,51.0,,105229.53,,,0.0,34967.75,1.0
15616931.0,Moore,653.0,France,M,41.0,8.0,102768.42,1.0,1.0,0.0,55663.85,0.0
15758372.0,Wallace,674.0,France,M,18.0,7.0,nan,2.0,1.0,1.0,55753.12,
15782591.0,Cook,690.0,France,M,35.0,6.0,112689.95,,1.0,0.0,176962.31,
15612109.0,Speth,819.0,France,M,38.0,9.0,122334.26,2.0,1.0,1.0,181507.44,
15613712.0,Boag,634.0,Spain,M,nan,1.0,0.0,2.0,1.0,0.0,61995.57,0.0
15639322.0,Grave,633.0,Spain,M,nan,4.0,137847.41,2.0,1.0,0.0,98349.13,0.0
15594349.0,Streeten,850.0,France,M,49.0,5.0,122486.47,1.0,0.0,1.0,59748.19,0.0
15574167.0,Fox,665.0,France,M,33.0,2.0,101286.11,1.0,,,159840.51,0.0
,Artemyeva,630.0,Spain,M,26.0,7.0,0.0,2.0,1.0,1.0,6656.64,0.0
15648794.0,Giordano,836.0,Spain,M,57.0,4.0,101247.06,,1.0,0.0,37141.62,1.0
15771211.0,Perkins,,France,M,nan,10.0,-99999,1.0,0.0,1.0,37094.75,0.0
15588614.0,Walton,753.0,France,M,57.0,7.0,0.0,,1.0,0.0,159475.08,1.0
15630698.0,Hay,745.0,France,F,55.0,9.0,110123.59,1.0,0.0,1.0,51548.14,
15694200.0,Gardner,693.0,France,M,36.0,8.0,178111.82,1.0,0.0,0.0,58719.63,1.0
15721426.0,Milne,,Germany,M,65.0,10.0,126306.64,3.0,0.0,0.0,7861.68,1.0
15725997.0,She,660.0,France,F,nan,,100768.77,1.0,1.0,0.0,19199.61,0.0
15762138.0,Hu,608.0,France,M,42.0,5.0,0.0,,,0.0,178504.29,0.0
15750649.0,Uwakwe,744.0,France,F,44.0,3.0,0.0,2.0,1.0,1.0,189016.14,0.0
15685706.0,Bird,731.0,France,F,40.0,7.0,118991.79,1.0,,1.0,156048.64,0.0
15641835.0,Anderson,683.0,,M,nan,3.0,140997.26,1.0,0.0,1.0,52876.41,0.0
15586821.0,Bellew,727.0,France,M,28.0,5.0,-99999,2.0,0.0,1.0,19653.08,0.0
15569678.0,Cocci,,Germany,M,32.0,,nan,1.0,1.0,0.0,139451.98,0.0
15793842.0,Krichauff,700.0,France,F,34.0,2.0,76322.69,1.0,1.0,,128136.29,0.0
,Cameron,605.0,France,M,150,6.0,0.0,2.0,1.0,1.0,45206.57,0.0
15794479.0,Becker,767.0,Spain,M,150,8.0,149083.7,1.0,1.0,1.0,,0.0
15585041.0,Ainsworth,511.0,France,M,33.0,7.0,0.0,2.0,0.0,,158313.87,0.0
15780650.0,Biryukov,667.0,,M,40.0,9.0,0.0,1.0,,1.0,96670.2,0.0
15780846.0,Redding,787.0,France,M,33.0,1.0,126588.81,2.0,0.0,1.0,62163.53,0.0
15805260.0,Wood,705.0,Germany,F,56.0,2.0,nan,1.0,,0.0,88428.41,1.0
15621629.0,Scott,773.0,Germany,M,43.0,8.0,-99999,2.0,1.0,1.0,35908.46,
15662151.0,Gould,554.0,France,M,150,4.0,0.0,1.0,0.0,1.0,168780.04,0.0
15747174.0,Hao,526.0,Germany,M,58.0,9.0,190298.89,,1.0,1.0,191263.76,0.0
15651585.0,Power,661.0,Germany,M,35.0,2.0,117212.18,1.0,1.0,1.0,83052.03,0.0
15649738.0,White,698.0,France,F,46.0,,0.0,2.0,1.0,1.0,125962.02,0.0
15633108.0,Thorpe,646.0,France,M,26.0,4.0,139848.17,1.0,1.0,,164696.27,0.0
15769254.0,Tuan,,Germany,F,34.0,,101861.36,2.0,0.0,0.0,187011.96,
,Inman,,Spain,M,nan,2.0,167455.66,2.0,1.0,1.0,55324.49,0.0
,Hanson,667.0,France,F,24.0,4.0,nan,2.0,0.0,1.0,34335.55,0.0
,MacDonald,774.0,Spain,F,43.0,1.0,116360.07,1.0,1.0,0.0,,0.0
15787459.0,Parkes,745.0,Spain,M,40.0,3.0,88466.82,,0.0,0.0,116331.42,0.0
15762902.0,Stanley,649.0,France,F,42.0,7.0,0.0,2.0,0.0,1.0,22974.01,0.0
15738605.0,Fischer,634.0,Germany,F,46.0,5.0,123642.36,1.0,,1.0,49725.16,1.0
15724889.0,Chinweuba,665.0,Spain,M,38.0,,0.0,1.0,0.0,,,0.0
15730735.0,,713.0,France,M,38.0,9.0,72286.84,2.0,1.0,1.0,26136.89,0.0
15689147.0,Ogochukwu,652.0,,F,40.0,1.0,0.0,2.0,1.0,0.0,126554.96,0.0
,Narelle,739.0,Spain,M,150,1.0,109681.61,1.0,1.0,1.0,193321.3,0.0
15762169.0,Bergman,,Germany,M,150,9.0,145018.64,2.0,1.0,0.0,90928.02,1.0
15589320.0,Sagese,699.0,Spain,M,34.0,8.0,0.0,,1.0,1.0,76510.46,0.0
15799211.0,Anenechi,708.0,,F,nan,8.0,-99999,1.0,,1.0,120115.5,0.0
15798310.0,Palerma,480.0,France,M,35.0,2.0,165692.91,1.0,1.0,1.0,197984.58,0.0
15609998.0,Okwudilichukwu,700.0,Germany,F,59.0,5.0,137648.41,1.0,1.0,,142977.05,1.0
,Harrison,525.0,Spain,,47.0,6.0,-99999,1.0,1.0,0.0,,1.0
,,,France,M,33.0,8.0,164385.53,,1.0,0.0,150664.97,0.0
15764409.0,Goodman,613.0,France,M,37.0,9.0,108286.5,1.0,1.0,1.0,114153.44,0.0
15710161.0,Ko,,France,F,34.0,2.0,nan,2.0,1.0,1.0,171706.66,0.0
15735246.0,Norman,798.0,,F,58.0,9.0,0.0,2.0,0.0,0.0,,1.0
,Ugochukwutubelum,773.0,Germany,M,47.0,2.0,118079.47,,,1.0,,1.0
15670753.0,Uvarova,,Spain,M,nan,,127283.78,1.0,1.0,1.0,31302.35,0.0
,Chia,473.0,,M,nan,8.0,0.0,2.0,,0.0,71139.8,0.0
15770174.0,,762.0,France,,29.0,6.0,141389.06,1.0,1.0,0.0,,
15641114.0,Power,701.0,France,M,37.0,8.0,130091.5,1.0,1.0,1.0,,0.0
15682435.0,P'eng,600.0,,M,35.0,4.0,143744.77,2.0,1.0,0.0,104076.51,0.0
15751788.0,Johnson,850.0,Spain,M,28.0,9.0,nan,,1.0,1.0,175853.64,0.0
15672598.0,Walker,613.0,Spain,M,30.0,9.0,111927.45,1.0,1.0,1.0,175795.87,0.0
15762803.0,Innes,509.0,France,M,31.0,,0.0,2.0,,0.0,15360.91,0.0
15812982.0,,509.0,Spain,M,38.0,2.0,nan,1.0,0.0,0.0,168460.12,0.0
15597901.0,Chidozie,609.0,France,M,34.0,,-99999,,1.0,1.0,181177.9,0.0
15731507.0,Mackenzie,456.0,France,F,33.0,1.0,188285.68,1.0,0.0,0.0,58363.94,0.0
15809826.0,Craigie,728.0,,F,nan,2.0,109705.52,1.0,1.0,0.0,20276.87,1.0
15764237.0,Manfrin,663.0,Spain,M,33.0,9.0,0.0,,0.0,0.0,91514.62,0.0
15769917.0,Onyekachi,673.0,Germany,F,34.0,1.0,nan,3.0,0.0,1.0,76703.1,0.0
15641850.0,Pethard,717.0,France,M,40.0,0.0,98241.04,1.0,1.0,0.0,110887.14,0.0
15770974.0,,741.0,Germany,,150,8.0,nan,2.0,0.0,0.0,109843.16,0.0
15803749.0,DeRose,498.0,Germany,F,41.0,4.0,87541.06,2.0,1.0,1.0,12577.21,1.0
15684999.0,Ch'eng,850.0,France,F,26.0,4.0,62610.96,2.0,0.0,,179365.1,0.0
15770225.0,Padovesi,493.0,France,M,36.0,9.0,0.0,2.0,1.0,1.0,65816.53,
15627484.0,Obielumani,686.0,France,F,47.0,5.0,nan,1.0,1.0,0.0,124170.9,0.0
15610337.0,Stephens,666.0,Spain,M,35.0,2.0,nan,1.0,1.0,0.0,175015.12,0.0
15752488.0,Emery,733.0,,F,31.0,,102289.85,1.0,1.0,,115441.66,0.0
15610056.0,Dufresne,631.0,Germany,F,34.0,6.0,125227.82,2.0,0.0,,128247.03,0.0
15806049.0,Lee,714.0,Germany,F,nan,5.0,140510.89,,1.0,0.0,141914.94,0.0
15736069.0,Hsing,767.0,Germany,F,35.0,6.0,132253.22,1.0,1.0,0.0,115566.57,1.0
15763662.0,Longo,711.0,Germany,M,43.0,2.0,39043.29,2.0,,1.0,,0.0
15615575.0,Vial,722.0,France,M,34.0,8.0,0.0,2.0,,1.0,133447.49,0.0
15691723.0,,631.0,Spain,M,55.0,9.0,99685.06,1.0,1.0,0.0,114474.98,0.0
15774098.0,Grant,701.0,Germany,M,38.0,3.0,125385.49,2.0,0.0,1.0,52044.66,0.0
15750808.0,Ma,790.0,Spain,M,46.0,2.0,131365.37,2.0,1.0,1.0,180290.68,0.0
15744368.0,Sun,633.0,,M,58.0,6.0,98308.51,1.0,1.0,1.0,132034.13,0.0
15610594.0,Moss,644.0,France,F,150,8.0,0.0,2.0,1.0,0.0,20968.88,0.0
15756125.0,Booth,757.0,Spain,M,44.0,5.0,140856.16,,,0.0,158735.1,0.0
15623277.0,,696.0,France,,30.0,8.0,0.0,,1.0,1.0,196134.44,0.0
15795954.0,,746.0,France,M,nan,2.0,172274.01,1.0,1.0,0.0,22374.97,
15671969.0,Pruneda,649.0,Spain,M,36.0,8.0,nan,2.0,1.0,0.0,161668.15,0.0
15791268.0,Neumann,565.0,Spain,M,38.0,0.0,122447.76,1.0,,0.0,67339.34,0.0
15713655.0,Calabrese,720.0,France,F,nan,,0.0,2.0,1.0,1.0,56229.72,1.0
15633930.0,Yobachukwu,648.0,Spain,F,56.0,6.0,nan,2.0,1.0,0.0,140991.23,
15712849.0,Tung,632.0,,M,41.0,3.0,126550.7,1.0,0.0,0.0,177644.52,1.0
,Marchesi,622.0,France,F,150,2.0,158584.82,3.0,1.0,0.0,142342.55,1.0
,Hess,835.0,France,M,nan,2.0,163569.61,2.0,1.0,1.0,154559.28,
15648577.0,Pickering,493.0,France,F,31.0,3.0,0.0,1.0,1.0,1.0,176570.28,1.0
15670345.0,,785.0,Germany,F,33.0,,127211.45,1.0,,0.0,191961.83,0.0
15633112.0,,681.0,Germany,M,42.0,3.0,118199.97,,1.0,0.0,9452.88,1.0
15714397.0,Trentino,621.0,Germany,F,30.0,2.0,101014.08,2.0,1.0,1.0,,0.0
15780038.0,Paterson,756.0,Spain,M,38.0,6.0,119208.85,1.0,1.0,0.0,169763.89,1.0
15756305.0,Marchesi,515.0,France,F,66.0,6.0,0.0,2.0,1.0,1.0,160663.11,0.0
15578799.0,Anayolisa,625.0,France,F,58.0,10.0,53772.73,1.0,1.0,1.0,192072.1,1.0
15800326.0,Poole,717.0,Spain,F,39.0,6.0,0.0,2.0,1.0,0.0,93275.61,0.0
15785485.0,Zhou,595.0,Germany,F,41.0,2.0,138878.81,,0.0,1.0,112269.67,0.0
15783958.0,Bates,539.0,Spain,F,37.0,1.0,130922.81,2.0,0.0,0.0,2186.83,0.0
15727546.0,Olejuru,762.0,France,M,35.0,9.0,-99999,2.0,1.0,1.0,43075.7,0.0
,,706.0,Spain,M,20.0,8.0,0.0,2.0,1.0,1.0,12368.11,
,Wade,677.0,Spain,F,25.0,8.0,130866.19,1.0,,0.0,42410.21,0.0
15604782.0,Tan,733.0,Germany,F,150,7.0,187257.94,1.0,0.0,,190430.81,0.0
15589643.0,Ngozichukwuka,684.0,Spain,F,41.0,7.0,0.0,1.0,1.0,1.0,138394.37,0.0
,Calabrese,679.0,France,M,36.0,6.0,147733.64,1.0,0.0,1.0,172501.38,0.0
15681506.0,Lane,478.0,Spain,M,nan,1.0,0.0,2.0,1.0,1.0,197916.43,0.0
15630551.0,Forbes,696.0,France,M,33.0,2.0,163139.27,1.0,1.0,1.0,7035.36,0.0
15698349.0,Davy,686.0,Spain,F,35.0,4.0,-99999,2.0,1.0,1.0,159676.55,0.0
15776631.0,Ma,466.0,,F,36.0,5.0,nan,1.0,0.0,1.0,80603.99,0.0
15762216.0,Barrera,686.0,France,F,41.0,4.0,129553.76,2.0,1.0,0.0,187599.8,0.0
,Alexander,576.0,France,,55.0,9.0,0.0,2.0,1.0,1.0,94450.97,0.0
15681402.0,Ngozichukwuka,763.0,Germany,F,150,1.0,66101.89,1.0,1.0,1.0,143981.27,0.0
15586264.0,Murray,572.0,,M,43.0,2.0,140431.98,1.0,1.0,0.0,26450.57,1.0
15594685.0,Hall,757.0,France,F,49.0,2.0,0.0,2.0,0.0,0.0,164482.92,0.0
15812945.0,Padovesi,582.0,,F,29.0,0.0,0.0,1.0,1.0,1.0,84012.81,
15734628.0,,623.0,France,F,35.0,5.0,0.0,2.0,1.0,0.0,101192.08,0.0
15629323.0,Kelechi,,Germany,F,37.0,4.0,116471.43,2.0,1.0,0.0,,1.0
15666823.0,Nebechi,425.0,France,M,39.0,,0.0,2.0,,0.0,197226.32,0.0
,Hanson,,France,F,150,9.0,123785.24,1.0,1.0,0.0,99504.03,1.0
,Kao,605.0,France,F,33.0,4.0,0.0,2.0,0.0,1.0,83700.66,
15622217.0,Tu,538.0,France,F,38.0,8.0,88758.95,,,0.0,28226.15,
15703588.0,,665.0,Germany,M,25.0,5.0,153611.83,2.0,1.0,0.0,35321.65,0.0
15570835.0,Fallaci,491.0,Germany,F,57.0,4.0,nan,1.0,1.0,1.0,41229.73,1.0
15679299.0,Shen,726.0,Spain,F,27.0,7.0,123826.07,1.0,0.0,1.0,78970.58,0.0
15808044.0,Ts'ui,580.0,,F,65.0,9.0,nan,3.0,1.0,0.0,107890.69,
15579208.0,Chikezie,550.0,France,F,48.0,6.0,0.0,2.0,1.0,1.0,,0.0
15684951.0,He,542.0,France,F,59.0,2.0,nan,2.0,1.0,0.0,,1.0
15667620.0,Dreyer,732.0,France,F,nan,6.0,0.0,2.0,1.0,0.0,65731.53,0.0
15582960.0,Short,473.0,France,F,33.0,5.0,125827.43,1.0,0.0,1.0,145698.73,0.0
15590730.0,Hunt,745.0,Spain,M,nan,9.0,0.0,2.0,1.0,0.0,50046.25,0.0
15763747.0,Ricci,,France,M,36.0,7.0,nan,2.0,,1.0,60830.24,0.0
15778320.0,Teng,,Germany,F,40.0,5.0,148495.64,1.0,0.0,,158853.98,0.0
15642787.0,Ijendu,572.0,France,M,37.0,,133043.66,1.0,0.0,0.0,111243.09,0.0
15624633.0,Kibby,702.0,France,M,45.0,9.0,74989.58,1.0,1.0,1.0,171014.69,0.0
15766765.0,Obiuto,664.0,,M,39.0,7.0,60263.23,1.0,1.0,0.0,170835.32,0.0
15783615.0,Ramos,630.0,Germany,M,50.0,3.0,nan,,,1.0,47775.34,1.0
,Calabrese,618.0,Germany,M,150,5.0,157955.83,2.0,0.0,0.0,139297.71,0.0
15619889.0,Vasin,556.0,France,M,150,4.0,0.0,1.0,1.0,0.0,195167.38,0.0
15579166.0,Munro,,France,F,30.0,7.0,70729.17,,1.0,1.0,160948.87,
15789097.0,Keeley,,France,M,48.0,8.0,0.0,2.0,0.0,1.0,,1.0
15674880.0,Archer,658.0,Spain,M,nan,2.0,0.0,2.0,1.0,0.0,,
15778157.0,Murray,598.0,Spain,M,27.0,8.0,90721.52,2.0,1.0,0.0,109296.18,0.0
15779064.0,,677.0,France,M,27.0,2.0,0.0,,1.0,,20092.89,0.0
15801265.0,Tang,689.0,Spain,F,45.0,0.0,57784.22,1.0,1.0,0.0,197804.0,1.0
15589204.0,Farrar,591.0,France,M,33.0,9.0,131765.72,1.0,,0.0,118782.06,0.0
15664543.0,Shaw,699.0,France,M,150,7.0,0.0,1.0,0.0,1.0,152876.13,1.0
15582714.0,Napolitani,749.0,Germany,M,150,9.0,110022.74,1.0,0.0,1.0,,1.0
15797595.0,Greenhalgh,709.0,France,F,40.0,9.0,131569.63,1.0,1.0,1.0,103970.58,
15614034.0,Martin,607.0,Germany,M,61.0,2.0,164523.5,,1.0,1.0,35786.76,0.0
15763171.0,Hu,650.0,Germany,F,25.0,2.0,nan,,1.0,1.0,25325.07,0.0
,Y?an,651.0,Spain,F,45.0,10.0,135923.16,,1.0,,18732.84,0.0
15757577.0,Odili,676.0,France,F,61.0,,0.0,,1.0,1.0,118522.73,0.0
15736656.0,H?,723.0,France,,49.0,4.0,0.0,2.0,,1.0,89972.25,0.0
,Chiemela,714.0,Spain,M,150,0.0,124693.48,1.0,0.0,1.0,187194.15,0.0
15680141.0,Yuan,759.0,,F,35.0,7.0,147936.42,1.0,1.0,1.0,106785.7,0.0
15576945.0,Clements,582.0,France,M,29.0,0.0,0.0,1.0,1.0,0.0,142516.35,0.0
15602034.0,Kolesnikov,697.0,France,,34.0,2.0,126558.92,,1.0,0.0,73334.43,0.0
15732020.0,Rutherford,610.0,Germany,M,57.0,6.0,106938.11,2.0,,1.0,186612.47,0.0
15611029.0,Hsiung,488.0,Germany,F,33.0,4.0,140002.35,1.0,1.0,0.0,123613.81,0.0
15621210.0,Angelo,599.0,Germany,M,nan,9.0,123444.72,1.0,1.0,1.0,,1.0
15569222.0,Mendes,781.0,,M,32.0,,-99999,1.0,1.0,1.0,40066.95,
15664639.0,McGregor,645.0,France,M,19.0,9.0,128514.84,1.0,0.0,0.0,175969.19,0.0
15724223.0,Bronner,,France,F,55.0,5.0,0.0,1.0,0.0,0.0,10034.77,1.0
15644621.0,Mironova,597.0,Germany,F,40.0,9.0,106756.01,,1.0,0.0,151167.94,0.0
15756056.0,,561.0,Spain,F,28.0,3.0,0.0,2.0,1.0,0.0,191387.76,0.0
15700353.0,Evans,662.0,,F,37.0,6.0,0.0,2.0,1.0,0.0,51229.17,0.0
15624388.0,Henderson,649.0,Germany,F,nan,5.0,155393.32,1.0,1.0,1.0,87351.42,1.0
,Smith,630.0,,F,36.0,2.0,110414.48,1.0,1.0,1.0,48984.95,0.0
15648005.0,Russell,,Spain,,nan,2.0,0.0,2.0,1.0,1.0,182738.0,0.0
15681446.0,Sun,636.0,Germany,F,37.0,9.0,157098.52,1.0,1.0,1.0,153535.27,0.0
15775888.0,McDonald,593.0,Germany,F,38.0,5.0,85626.6,,1.0,1.0,125079.65,0.0
15749019.0,,545.0,Germany,M,150,6.0,93796.42,2.0,1.0,1.0,,0.0
15709928.0,Niu,,Spain,F,41.0,1.0,0.0,2.0,1.0,0.0,3414.72,0.0
15784676.0,Fanucci,583.0,France,M,51.0,6.0,125268.03,2.0,1.0,0.0,165082.25,0.0
15748116.0,Zetticci,681.0,France,F,29.0,2.0,148143.84,1.0,1.0,1.0,52021.39,0.0
15612193.0,Hsia,762.0,Spain,M,29.0,10.0,115545.33,2.0,1.0,0.0,148256.43,0.0
15762984.0,McIntosh,648.0,Spain,M,35.0,7.0,0.0,2.0,0.0,0.0,,0.0
15613713.0,Kozlova,644.0,France,M,30.0,5.0,-99999,1.0,1.0,1.0,10771.46,0.0
15664204.0,Meany,,Spain,M,29.0,2.0,0.0,2.0,1.0,1.0,18255.51,0.0
15639415.0,Thompson,850.0,France,M,35.0,3.0,162442.35,,,0.0,183566.78,
15806332.0,Le Gallienne,484.0,Spain,F,nan,5.0,0.0,,,1.0,,0.0
15614929.0,Cheng,508.0,Germany,M,28.0,0.0,96213.82,,1.0,0.0,147913.56,
15695492.0,P'eng,439.0,,F,150,6.0,156569.43,1.0,1.0,0.0,180598.66,
15635972.0,Lloyd,484.0,Spain,M,nan,8.0,0.0,2.0,1.0,0.0,186136.48,0.0
15616380.0,,803.0,Spain,F,37.0,1.0,0.0,2.0,0.0,0.0,7455.2,0.0
15581440.0,Christie,724.0,Germany,F,48.0,6.0,110463.25,2.0,1.0,1.0,80552.11,1.0
15654390.0,He,640.0,France,M,33.0,7.0,nan,1.0,1.0,0.0,25722.28,1.0
15660688.0,King,701.0,Spain,F,35.0,9.0,0.0,2.0,0.0,0.0,170996.86,0.0
15806307.0,Favors,537.0,France,M,37.0,3.0,0.0,2.0,1.0,1.0,,0.0
15647975.0,Vida,,Germany,M,26.0,5.0,147037.32,1.0,0.0,,141763.26,0.0
15595728.0,Thomas,523.0,Germany,M,41.0,0.0,-99999,1.0,0.0,,122284.38,1.0
15735388.0,Wayn,,France,F,25.0,,108664.85,2.0,1.0,0.0,190011.85,0.0
,Tan,593.0,,M,44.0,5.0,0.0,1.0,1.0,,128046.98,0.0
15765902.0,Gibson,706.0,Germany,M,38.0,,163034.82,2.0,1.0,1.0,135662.17,0.0
15642345.0,Y?,714.0,Germany,,49.0,4.0,93059.34,1.0,1.0,0.0,7571.51,1.0
15641250.0,Calabresi,794.0,Spain,M,38.0,9.0,-99999,1.0,1.0,0.0,23596.24,0.0
15706163.0,Enyinnaya,518.0,Germany,M,46.0,4.0,113625.93,1.0,,0.0,92727.42,1.0
15746708.0,,589.0,Germany,M,55.0,7.0,119961.48,1.0,1.0,,65156.83,1.0
15775203.0,Chia,824.0,France,M,45.0,,129209.48,1.0,0.0,0.0,,0.0
15787907.0,Wang,719.0,Germany,F,42.0,5.0,-99999,3.0,1.0,0.0,149097.38,
15646764.0,Lorenzo,617.0,Germany,F,58.0,3.0,nan,2.0,1.0,0.0,35199.24,1.0
15678284.0,Pai,651.0,France,M,35.0,7.0,nan,3.0,1.0,0.0,129451.29,
15726791.0,Nuttall,637.0,Spain,,45.0,2.0,157929.45,1.0,1.0,1.0,145134.49,1.0
15813144.0,Osborne,554.0,France,F,26.0,,-99999,2.0,,0.0,192709.69,0.0
15669342.0,Ferri,731.0,Germany,,nan,2.0,127862.93,2.0,1.0,0.0,139083.7,0.0
15710366.0,Hamilton,569.0,Spain,F,42.0,1.0,0.0,1.0,1.0,1.0,83629.6,1.0
15614934.0,McEwan,625.0,Germany,F,150,,142711.81,1.0,1.0,,,0.0
15588701.0,Lai,,France,F,38.0,4.0,0.0,2.0,1.0,,35338.96,0.0
15665438.0,Hs?,669.0,France,M,43.0,1.0,nan,1.0,0.0,1.0,15602.8,0.0
15644896.0,,663.0,Germany,M,32.0,,108586.86,1.0,1.0,1.0,182355.21,0.0
15670205.0,Boyd,518.0,Germany,F,41.0,5.0,nan,1.0,,,89327.67,0.0
15635776.0,Trevisani,686.0,Germany,F,43.0,5.0,154846.24,2.0,1.0,1.0,151903.6,
15791053.0,Lucciano,709.0,Germany,M,45.0,4.0,122917.71,1.0,1.0,1.0,11.58,1.0
15644005.0,Holman,571.0,,F,33.0,9.0,0.0,2.0,0.0,1.0,77519.62,0.0
15796343.0,Bazhenov,707.0,France,,31.0,2.0,82787.93,2.0,0.0,0.0,91423.69,0.0
,,701.0,Germany,M,32.0,5.0,102500.34,1.0,0.0,0.0,106287.77,0.0
15623430.0,Hill,672.0,France,M,nan,9.0,0.0,2.0,1.0,0.0,161800.77,0.0
15682600.0,Lo,620.0,Germany,M,39.0,9.0,159492.79,1.0,1.0,0.0,80582.34,1.0
15769312.0,,557.0,Spain,M,nan,10.0,nan,,1.0,1.0,185094.48,0.0
15708212.0,Lin,648.0,Spain,F,54.0,7.0,118241.02,1.0,1.0,0.0,172586.89,1.0
15650258.0,Sinclair,,France,F,nan,2.0,nan,1.0,,0.0,,
15604345.0,,730.0,France,F,22.0,9.0,65763.57,,1.0,1.0,,0.0
15578297.0,Ebelegbulam,737.0,Germany,F,43.0,1.0,125537.38,1.0,1.0,,138510.01,1.0
15671789.0,Woods,616.0,France,M,31.0,,94263.91,2.0,1.0,0.0,168895.06,0.0
15726186.0,Genovese,639.0,Spain,M,29.0,,133434.57,,1.0,0.0,97983.44,0.0
15764618.0,Tseng,815.0,Spain,F,39.0,6.0,0.0,,1.0,,85167.88,0.0
15730738.0,Chiang,786.0,Spain,M,31.0,9.0,0.0,2.0,1.0,1.0,18210.36,0.0
15637650.0,Williams,549.0,France,M,50.0,9.0,94748.76,2.0,0.0,,13608.18,
15606267.0,Wilson,622.0,France,F,38.0,4.0,98640.74,1.0,1.0,1.0,110457.99,0.0
15625904.0,Wang,624.0,France,M,nan,9.0,74681.9,2.0,0.0,0.0,31231.35,0.0
15654463.0,Moore,841.0,France,,34.0,4.0,0.0,2.0,1.0,0.0,141582.66,
15774151.0,Iadanza,,Spain,F,41.0,7.0,179915.85,1.0,0.0,0.0,14666.35,1.0
15693259.0,Wallace,676.0,France,M,150,1.0,128207.23,1.0,1.0,,55400.17,
15642468.0,Clark,697.0,France,M,42.0,9.0,nan,2.0,0.0,0.0,174667.65,0.0
,Y?,732.0,France,F,40.0,,0.0,2.0,1.0,0.0,154189.08,0.0
,Yermakov,623.0,France,M,27.0,4.0,120509.81,,0.0,0.0,142170.44,0.0
15637240.0,Wei,,France,M,46.0,4.0,124547.13,2.0,1.0,0.0,94499.06,0.0
15595588.0,Chukwunonso,773.0,Spain,F,39.0,4.0,0.0,2.0,0.0,1.0,,0.0
15778395.0,McIntyre,762.0,Germany,M,34.0,,88815.56,2.0,1.0,0.0,68562.26,1.0
15711825.0,Ts'ai,655.0,Spain,F,35.0,1.0,82231.51,2.0,1.0,0.0,88798.02,0.0
15599251.0,Chung,602.0,Germany,M,32.0,7.0,184715.86,2.0,,0.0,113781.99,0.0
15570004.0,Tsou,850.0,France,M,31.0,3.0,0.0,2.0,1.0,0.0,121866.87,0.0
15656912.0,Aitken,649.0,Spain,M,51.0,4.0,0.0,,1.0,1.0,150390.57,0.0
15657342.0,,850.0,Germany,M,28.0,4.0,147972.19,1.0,1.0,0.0,60708.72,1.0
15716284.0,Ward,543.0,France,,43.0,9.0,0.0,2.0,1.0,1.0,78858.07,0.0
15672374.0,Pai,672.0,France,M,52.0,8.0,170008.84,1.0,0.0,0.0,56407.42,1.0
15732476.0,Ifeanyichukwu,600.0,France,F,27.0,3.0,0.0,2.0,0.0,1.0,125698.97,0.0
15747724.0,Briggs,671.0,Spain,,34.0,,0.0,1.0,1.0,0.0,,0.0
,Morrison,706.0,Spain,F,42.0,8.0,95386.82,1.0,1.0,1.0,75732.25,0.0
15672516.0,Wall,541.0,Germany,,51.0,7.0,90373.28,2.0,1.0,0.0,,0.0
15607827.0,Nebechukwu,711.0,Germany,M,34.0,4.0,133467.77,2.0,1.0,1.0,42976.64,0.0
15751336.0,Yao,630.0,Spain,,30.0,3.0,nan,,0.0,1.0,10486.69,0.0
15646539.0,Liao,531.0,France,M,31.0,3.0,nan,1.0,1.0,0.0,56794.73,0.0
15756901.0,Ch'ang,641.0,France,F,26.0,4.0,91547.84,2.0,0.0,,28157.34,0.0
15809286.0,Burke,631.0,Germany,M,nan,8.0,-99999,2.0,0.0,0.0,152422.91,1.0
15759021.0,Kay,685.0,France,M,35.0,9.0,0.0,1.0,1.0,0.0,167033.83,0.0
15725039.0,McIntyre,702.0,Spain,M,150,8.0,71667.74,1.0,1.0,1.0,126082.18,0.0
15579130.0,Chidiegwu,708.0,Germany,F,43.0,0.0,118994.84,1.0,1.0,0.0,181499.77,1.0
15754112.0,Musgrove,653.0,Spain,M,55.0,7.0,0.0,2.0,1.0,1.0,41967.03,0.0
15735522.0,Boulger,654.0,Germany,M,37.0,2.0,145610.07,2.0,0.0,0.0,186300.59,0.0
15613326.0,Gow,596.0,France,F,33.0,1.0,138162.81,1.0,1.0,0.0,85412.54,
15739502.0,Amaechi,549.0,Germany,F,31.0,9.0,135020.21,2.0,1.0,1.0,,0.0
15670914.0,Robe,754.0,France,,38.0,2.0,0.0,,1.0,0.0,180698.32,0.0
15604073.0,Bibi,815.0,Germany,,25.0,,135161.67,1.0,1.0,1.0,136071.05,0.0
15806027.0,Niu,556.0,France,,52.0,9.0,0.0,1.0,1.0,0.0,175149.2,
15574886.0,Palerma,706.0,France,M,32.0,6.0,94486.47,,1.0,1.0,146949.74,0.0
15707120.0,Cocci,850.0,France,M,46.0,9.0,117640.39,1.0,1.0,0.0,88920.68,0.0
15800845.0,Artemieva,732.0,Spain,F,33.0,8.0,111379.55,1.0,1.0,1.0,,0.0
15603914.0,Arcuri,614.0,France,M,nan,6.0,0.0,1.0,1.0,1.0,20339.79,1.0
15722765.0,,580.0,Spain,F,nan,0.0,136820.99,1.0,0.0,1.0,108528.74,0.0
15783305.0,Franklin,593.0,France,F,46.0,7.0,-99999,1.0,1.0,0.0,145560.38,0.0
15574842.0,Lorenzo,653.0,Germany,F,150,2.0,158266.42,3.0,1.0,1.0,199357.24,0.0
15607837.0,Muriel,746.0,France,F,nan,4.0,105599.67,1.0,1.0,1.0,43106.17,0.0
15714877.0,MacDevitt,662.0,France,F,29.0,10.0,-99999,2.0,1.0,0.0,137508.31,0.0
15782941.0,Chijindum,,,M,150,2.0,0.0,2.0,1.0,1.0,91957.39,0.0
15630167.0,Gibson,684.0,Spain,,39.0,4.0,139723.9,1.0,1.0,1.0,120612.11,0.0
15759038.0,Whitehead,793.0,France,F,41.0,3.0,141806.46,1.0,1.0,,102921.17,0.0
15661821.0,,798.0,Germany,F,49.0,,132571.67,1.0,1.0,1.0,,1.0
15728006.0,Endrizzi,524.0,,M,40.0,2.0,180516.9,,1.0,,180002.42,
15712176.0,Burke,816.0,France,M,31.0,,0.0,2.0,1.0,1.0,28407.4,0.0
15689351.0,Johnson,742.0,Germany,F,41.0,4.0,92805.72,1.0,0.0,1.0,73743.95,
15782247.0,Yeh,540.0,France,M,22.0,4.0,0.0,3.0,,1.0,186233.26,1.0
15769064.0,Marshall,,Germany,M,nan,3.0,135309.36,1.0,1.0,0.0,,1.0
15718153.0,Kao,759.0,Spain,F,74.0,6.0,128917.84,1.0,1.0,1.0,,0.0
15613189.0,Browne,774.0,France,F,52.0,2.0,nan,1.0,1.0,0.0,113266.28,
15661734.0,Taylor,608.0,Germany,M,42.0,8.0,131390.75,2.0,1.0,0.0,71178.09,
,Gibbons,704.0,Spain,M,37.0,4.0,-99999,2.0,0.0,0.0,25684.93,0.0
15768387.0,,581.0,,M,41.0,8.0,0.0,2.0,0.0,,29737.14,0.0
15792525.0,Lei,628.0,Germany,,nan,1.0,97361.66,1.0,1.0,1.0,149922.38,1.0
15586976.0,Alexeeva,566.0,France,F,42.0,6.0,0.0,1.0,1.0,0.0,180702.12,1.0
15790659.0,Sheets,701.0,Spain,M,59.0,7.0,0.0,2.0,0.0,1.0,27597.59,0.0
15691446.0,Tokaryev,735.0,Spain,M,29.0,10.0,0.0,2.0,1.0,1.0,,0.0
15772632.0,Ts'ui,680.0,France,F,34.0,1.0,0.0,2.0,1.0,0.0,167035.07,0.0
15706587.0,Johnston,560.0,France,,57.0,0.0,0.0,2.0,,1.0,116781.71,0.0
15572461.0,Kung,663.0,Germany,F,29.0,4.0,102714.65,2.0,0.0,0.0,21170.81,0.0
15654409.0,Unwin,665.0,France,F,34.0,5.0,67816.72,,1.0,,29641.58,0.0
15568025.0,Hsueh,758.0,France,M,51.0,8.0,81710.46,1.0,,1.0,116520.07,0.0
15715769.0,Hao,621.0,France,M,26.0,,75237.54,,0.0,,44220.4,0.0
15667458.0,L?,764.0,Germany,M,150,,124023.18,1.0,1.0,0.0,166188.28,0.0
15567980.0,,537.0,Germany,,46.0,5.0,100727.5,1.0,0.0,1.0,140857.76,1.0
15679294.0,Brennan,589.0,France,F,46.0,10.0,107238.85,2.0,1.0,0.0,37024.28,0.0
15606507.0,Pisani,555.0,France,M,24.0,5.0,0.0,2.0,1.0,0.0,27513.47,0.0
15578825.0,Golubev,734.0,France,F,29.0,0.0,139994.66,1.0,1.0,0.0,17744.72,0.0
15619935.0,Vanmeter,783.0,Spain,F,59.0,,126224.87,1.0,1.0,1.0,4423.63,
15636089.0,Hs?,678.0,Germany,F,51.0,1.0,145751.03,,0.0,,109718.44,1.0
15727490.0,Scott,661.0,France,M,47.0,5.0,nan,1.0,0.0,1.0,107243.31,1.0
15591766.0,Crawford,607.0,Spain,F,25.0,4.0,121166.89,1.0,0.0,,115288.24,0.0
15641629.0,P'eng,537.0,Spain,F,38.0,1.0,0.0,2.0,0.0,1.0,41233.97,0.0
15813303.0,Rearick,513.0,Spain,M,150,10.0,0.0,2.0,1.0,,52952.24,0.0
15756920.0,Genovesi,576.0,France,M,63.0,9.0,70655.48,1.0,0.0,0.0,78955.8,1.0
15726403.0,Glenny,660.0,Germany,M,41.0,1.0,-99999,1.0,1.0,,26025.6,1.0
,Marks,,France,M,40.0,8.0,125470.81,1.0,1.0,1.0,174536.17,
15704442.0,Fleming,672.0,France,F,53.0,,169406.33,4.0,1.0,1.0,147311.47,1.0
15641136.0,Davison,629.0,France,M,32.0,,0.0,2.0,0.0,1.0,77965.44,0.0
15725818.0,Chibuzo,583.0,Germany,M,40.0,4.0,107041.3,1.0,1.0,1.0,5635.63,
15612071.0,Wilson,763.0,Spain,,32.0,10.0,95153.77,1.0,0.0,1.0,81310.1,0.0
15719809.0,Endrizzi,516.0,Germany,M,nan,3.0,145166.09,2.0,0.0,,111421.45,0.0
15716518.0,Yuryeva,,France,F,150,,0.0,2.0,0.0,0.0,190269.21,0.0
15742210.0,Ugochukwu,700.0,France,M,38.0,9.0,nan,1.0,1.0,,,0.0
15630617.0,Lo Duca,727.0,Germany,M,36.0,6.0,140418.81,1.0,1.0,,113033.73,1.0
15720838.0,Gallo,689.0,Spain,F,150,,nan,1.0,0.0,1.0,,0.0
,Trout,626.0,Germany,M,49.0,9.0,171787.84,2.0,1.0,0.0,187192.23,0.0
15623196.0,Morley,686.0,France,,38.0,6.0,-99999,1.0,,1.0,97825.23,0.0
15679249.0,Chou,,,F,57.0,4.0,nan,1.0,1.0,0.0,169621.69,1.0
15693199.0,Shao,739.0,France,F,nan,8.0,0.0,2.0,1.0,0.0,191557.1,1.0
15661219.0,Trentino,627.0,,M,32.0,10.0,0.0,2.0,1.0,0.0,103287.62,0.0
,Mazzanti,451.0,,F,38.0,9.0,61482.47,,1.0,1.0,167538.66,0.0
15760294.0,Endrizzi,512.0,France,F,41.0,8.0,145150.28,1.0,,0.0,64869.32,
15652808.0,Monaldo,774.0,France,F,41.0,5.0,126670.37,1.0,1.0,0.0,102426.06,0.0
15657139.0,Otutodilinna,652.0,France,F,40.0,8.0,84390.8,2.0,0.0,1.0,107876.2,0.0
15803790.0,Allen,638.0,Germany,M,150,2.0,89728.86,2.0,1.0,1.0,37294.88,0.0
15764105.0,,475.0,France,F,57.0,,0.0,2.0,,0.0,89248.99,0.0
15672610.0,Somadina,567.0,Spain,M,40.0,4.0,118628.8,1.0,0.0,0.0,91973.63,0.0
15766896.0,Chieloka,750.0,France,M,37.0,3.0,0.0,2.0,1.0,0.0,16870.2,0.0
,Chukwuebuka,850.0,France,M,39.0,6.0,96863.13,1.0,1.0,1.0,121681.19,0.0
15659501.0,Chioke,,France,F,38.0,6.0,142263.45,1.0,0.0,1.0,33730.43,0.0
15745001.0,Kovalev,683.0,,F,nan,7.0,0.0,2.0,,0.0,104786.59,0.0
15651140.0,Doherty,,France,F,32.0,3.0,0.0,1.0,1.0,0.0,94790.34,0.0
,Baranov,645.0,Spain,F,21.0,1.0,0.0,2.0,0.0,0.0,28726.07,0.0
15776824.0,Rossi,,France,M,28.0,6.0,nan,1.0,1.0,1.0,67057.27,0.0
15633141.0,Robinson,696.0,Germany,F,35.0,4.0,174902.26,1.0,1.0,,69079.85,0.0
15764174.0,Bidencope,612.0,Spain,F,26.0,4.0,nan,2.0,1.0,1.0,179780.74,0.0
15778155.0,T'ien,520.0,Germany,F,31.0,3.0,108914.17,,1.0,,183572.39,1.0
15715920.0,De Bernales,782.0,,M,23.0,10.0,98052.66,1.0,1.0,1.0,142587.32,0.0
15671917.0,Wade,666.0,France,M,150,5.0,123873.19,1.0,1.0,,,0.0
15666548.0,Chung,466.0,Germany,,56.0,2.0,111920.13,3.0,1.0,0.0,197634.11,1.0
15625623.0,Stevenson,567.0,France,F,45.0,,0.0,2.0,,1.0,121053.19,0.0
,Chienezie,613.0,France,M,nan,3.0,0.0,2.0,1.0,,149613.77,0.0
,Cashin,718.0,France,M,nan,8.0,0.0,2.0,1.0,1.0,142.81,0.0
15634974.0,Seppelt,614.0,France,F,37.0,8.0,75150.34,4.0,0.0,1.0,131766.67,1.0
15713378.0,Brownless,,France,M,38.0,10.0,0.0,2.0,0.0,0.0,53311.78,0.0
15753370.0,,691.0,Germany,F,nan,5.0,114753.76,1.0,1.0,0.0,107665.02,0.0
15782659.0,Mamelu,527.0,France,M,150,0.0,-99999,1.0,,0.0,109523.88,0.0
15583364.0,McGregor,476.0,France,F,32.0,6.0,111871.93,1.0,0.0,0.0,112132.86,0.0
15625942.0,McDonald,619.0,Spain,F,45.0,0.0,0.0,,,0.0,113645.4,0.0
15720284.0,Crawford,607.0,Germany,F,37.0,4.0,135927.06,1.0,0.0,0.0,180890.4,0.0
,Feng,695.0,Spain,M,44.0,8.0,0.0,2.0,1.0,1.0,70974.13,
15628007.0,Genovese,653.0,,M,33.0,1.0,-99999,2.0,,0.0,53379.52,0.0
15661974.0,,677.0,France,M,nan,2.0,57037.74,1.0,1.0,1.0,158531.01,0.0
,Gibbs,655.0,France,F,50.0,,0.0,4.0,1.0,0.0,179267.94,
15607993.0,Milne,,France,F,52.0,2.0,79468.96,1.0,1.0,1.0,84606.03,0.0
15693267.0,Dickson,679.0,Germany,F,34.0,7.0,121063.85,1.0,1.0,0.0,56984.58,0.0
15769522.0,O'Connor,734.0,,,nan,1.0,118537.47,1.0,1.0,1.0,116912.45,0.0
15755825.0,McGuirk,666.0,France,M,150,10.0,nan,2.0,1.0,0.0,102999.33,0.0
15598175.0,Toscani,,Germany,F,nan,4.0,105082.07,2.0,1.0,0.0,132801.57,0.0
15744327.0,Ruth,,France,,40.0,4.0,0.0,1.0,1.0,0.0,85455.62,1.0
15798666.0,Hughes,814.0,France,F,36.0,6.0,0.0,2.0,1.0,1.0,98657.01,0.0
,Onyekaozulu,592.0,Germany,M,36.0,2.0,104702.65,2.0,1.0,0.0,,0.0
15759436.0,,758.0,France,F,50.0,2.0,nan,3.0,1.0,1.0,67944.09,1.0
15690231.0,,612.0,Spain,F,62.0,0.0,nan,2.0,1.0,,,0.0
15751561.0,Meng,498.0,Germany,M,61.0,,102453.26,,1.0,0.0,187247.56,
15739068.0,Nwoye,638.0,Germany,M,25.0,4.0,148045.45,2.0,1.0,1.0,114722.42,0.0
15758056.0,Calabresi,558.0,,M,35.0,1.0,0.0,2.0,0.0,0.0,111687.57,0.0
15742269.0,Milano,756.0,,F,24.0,1.0,0.0,2.0,1.0,0.0,184182.25,0.0
15726490.0,Kirby,782.0,,,150,4.0,0.0,1.0,,,52759.82,1.0
15738411.0,,505.0,France,M,150,10.0,104498.79,1.0,,1.0,126451.14,0.0
15727919.0,Chukwuemeka,671.0,Spain,F,29.0,6.0,0.0,2.0,0.0,0.0,12048.67,0.0
15709396.0,Hale,801.0,France,M,42.0,,-99999,2.0,1.0,1.0,95804.33,
15654106.0,K?,604.0,France,M,26.0,8.0,149542.52,2.0,0.0,1.0,197911.52,0.0
15621653.0,,716.0,France,,29.0,10.0,87946.39,,1.0,1.0,182531.74,0.0
15598086.0,Brown,624.0,France,F,45.0,3.0,68639.57,1.0,1.0,0.0,168002.31,1.0
15752300.0,Sagese,607.0,Germany,M,150,4.0,148826.32,1.0,1.0,1.0,79450.61,0.0
15658693.0,Aksyonova,827.0,France,F,60.0,2.0,0.0,2.0,0.0,1.0,60615.83,
15631838.0,Findlay,606.0,France,M,nan,5.0,108166.09,2.0,0.0,1.0,8643.21,0.0
15803804.0,Walker,,Germany,F,35.0,5.0,-99999,1.0,1.0,0.0,172172.7,0.0
15578809.0,Hao,651.0,Germany,M,40.0,1.0,-99999,2.0,0.0,0.0,174434.06,1.0
15752026.0,Hammer,691.0,France,,58.0,3.0,-99999,1.0,0.0,1.0,194930.3,1.0
15723706.0,Abbott,573.0,France,F,33.0,0.0,90124.64,1.0,1.0,0.0,137476.71,0.0
15752838.0,Lucas,723.0,Spain,M,38.0,6.0,0.0,,,1.0,94415.6,0.0
15569571.0,Davydova,584.0,,,150,6.0,87361.02,2.0,1.0,,120376.87,1.0
15769703.0,West,,Germany,,45.0,8.0,111257.59,,0.0,0.0,,1.0
15679770.0,Smith,611.0,France,,150,3.0,131583.59,4.0,0.0,1.0,66238.23,1.0
15791102.0,Mai,549.0,Germany,M,41.0,9.0,-99999,3.0,1.0,1.0,131710.59,1.0
,Fiorentino,850.0,Spain,F,24.0,1.0,0.0,,0.0,1.0,69052.87,0.0
15709487.0,Freeman,668.0,Germany,M,34.0,5.0,80242.37,2.0,0.0,0.0,56780.97,0.0
15687130.0,Nkemjika,,France,F,43.0,0.0,0.0,1.0,1.0,1.0,170072.9,0.0
15755178.0,Ramos,660.0,,M,50.0,1.0,0.0,3.0,1.0,1.0,191849.15,1.0
15634772.0,Mario,682.0,Spain,F,59.0,0.0,122661.39,1.0,0.0,1.0,84803.76,0.0
15617197.0,Chien,524.0,France,M,50.0,4.0,0.0,2.0,1.0,1.0,31840.59,1.0
15631240.0,Dubinina,645.0,France,F,36.0,8.0,0.0,2.0,1.0,1.0,12096.61,
,Wang,850.0,France,M,42.0,0.0,0.0,2.0,1.0,0.0,44165.84,0.0
15631310.0,Hsieh,537.0,France,F,53.0,3.0,0.0,1.0,1.0,1.0,91406.62,0.0
15756560.0,,599.0,Spain,F,46.0,7.0,81742.84,2.0,1.0,0.0,83282.21,0.0
15732270.0,Hung,727.0,Spain,M,71.0,8.0,0.0,1.0,1.0,,,
15739357.0,Moss,756.0,Spain,M,30.0,2.0,145127.85,1.0,0.0,0.0,7554.68,0.0
,Fedorova,755.0,France,M,38.0,9.0,148912.44,1.0,1.0,0.0,80416.16,0.0
15567486.0,Li,634.0,,F,41.0,4.0,0.0,2.0,1.0,1.0,164549.74,0.0
15714634.0,Nebechi,837.0,France,M,26.0,4.0,89900.24,2.0,1.0,0.0,175477.03,0.0
15727021.0,Obialo,727.0,Germany,F,30.0,8.0,119027.28,2.0,1.0,1.0,137903.54,0.0
15650670.0,Bateson,567.0,,F,40.0,2.0,105222.86,,1.0,0.0,93795.86,0.0
15711834.0,,650.0,,,30.0,6.0,0.0,1.0,0.0,0.0,,1.0
15729763.0,Nelson,655.0,Spain,M,nan,1.0,116114.93,1.0,1.0,1.0,49492.15,
15646566.0,Bell,763.0,France,F,150,9.0,187911.55,1.0,0.0,1.0,35825.18,0.0
15645463.0,Udinese,843.0,France,F,27.0,5.0,0.0,2.0,1.0,1.0,67494.23,0.0
15672144.0,Mao,667.0,France,F,38.0,,-99999,1.0,1.0,1.0,73963.17,1.0
15596088.0,Fanucci,705.0,,F,50.0,4.0,77065.9,2.0,0.0,1.0,145159.26,0.0
15614878.0,Yeh,660.0,Germany,F,29.0,6.0,180520.29,1.0,1.0,1.0,123850.58,0.0
15635240.0,Onuoha,553.0,France,M,42.0,1.0,0.0,2.0,0.0,0.0,23822.04,0.0
15775905.0,Moore,612.0,Germany,F,nan,6.0,130024.87,1.0,1.0,1.0,45750.21,1.0
15700657.0,,641.0,Germany,F,nan,2.0,110086.69,1.0,1.0,0.0,159773.14,0.0
15611905.0,Warlow-Davies,513.0,Spain,F,31.0,5.0,174853.46,1.0,1.0,0.0,84238.63,0.0
15652527.0,Champion,680.0,France,M,44.0,7.0,108724.98,1.0,0.0,,72330.46,0.0
15785865.0,Mazzanti,711.0,France,M,58.0,9.0,91285.13,2.0,1.0,1.0,26767.85,0.0
15645942.0,Macleod,689.0,Spain,M,40.0,2.0,0.0,2.0,,,164768.82,0.0
15688691.0,Lei,665.0,Germany,F,51.0,,110610.41,2.0,0.0,1.0,1112.76,1.0
15592736.0,,551.0,Germany,M,54.0,5.0,102994.04,1.0,1.0,0.0,176680.16,1.0
,Lombardo,645.0,Spain,M,36.0,,59893.85,2.0,1.0,0.0,43999.64,0.0
15724145.0,,,Germany,M,29.0,8.0,149318.55,1.0,1.0,0.0,140746.13,0.0
15704629.0,Wright,,France,F,nan,1.0,116409.55,1.0,0.0,1.0,152790.92,0.0
15597896.0,Ozoemena,365.0,Germany,M,30.0,0.0,127760.07,1.0,1.0,0.0,81537.85,1.0
15731790.0,Boyle,697.0,Germany,F,38.0,6.0,132591.36,1.0,1.0,1.0,7387.8,1.0
15634719.0,Chinwendu,704.0,France,M,31.0,0.0,0.0,2.0,1.0,0.0,183038.33,
15703205.0,Uwaezuoke,656.0,France,F,46.0,5.0,113402.14,2.0,1.0,1.0,,0.0
15567333.0,Archambault,712.0,France,F,31.0,7.0,0.0,2.0,,,170333.38,0.0
15754537.0,Ko,748.0,France,M,40.0,0.0,-99999,,0.0,0.0,60416.76,0.0
15612030.0,,724.0,France,M,28.0,9.0,0.0,2.0,1.0,1.0,100240.2,0.0
15573242.0,Greene,691.0,France,M,50.0,6.0,136953.47,1.0,,1.0,2704.98,0.0
15601892.0,Hunter,563.0,France,M,33.0,8.0,0.0,2.0,0.0,1.0,68815.05,0.0
15663885.0,Blinova,,France,M,nan,5.0,0.0,1.0,1.0,1.0,,0.0
15701096.0,,778.0,France,M,44.0,8.0,123863.64,1.0,1.0,0.0,144494.94,0.0
,Okwudiliolisa,,Spain,M,22.0,,nan,1.0,1.0,1.0,185510.34,0.0
15790846.0,Ts'ai,634.0,Germany,M,nan,2.0,148430.55,1.0,1.0,1.0,56055.72,0.0
15658956.0,Tuan,505.0,Germany,M,nan,6.0,nan,2.0,,1.0,155061.97,0.0
15755223.0,Tseng,692.0,Germany,M,53.0,7.0,150926.99,2.0,0.0,0.0,,0.0
15787318.0,Holmwood,537.0,Germany,F,47.0,6.0,103163.35,1.0,1.0,0.0,16259.64,
15737310.0,Thompson,633.0,France,M,29.0,10.0,130206.28,1.0,1.0,0.0,184654.87,0.0
15763665.0,Y?,,France,F,150,4.0,136674.51,2.0,0.0,,5278.78,0.0
15668818.0,Chidubem,592.0,Spain,F,40.0,2.0,200322.45,,1.0,1.0,113244.73,0.0
15765812.0,Trevisani,587.0,Spain,M,48.0,1.0,0.0,2.0,1.0,1.0,8908.0,0.0
15704844.0,Hsiung,550.0,Spain,M,62.0,7.0,80927.56,1.0,0.0,1.0,,0.0
15744582.0,Randall,680.0,France,F,24.0,10.0,0.0,3.0,1.0,0.0,154971.63,1.0
15616700.0,Leach,622.0,Spain,F,41.0,9.0,0.0,2.0,1.0,1.0,155786.39,0.0
15683521.0,Godfrey,594.0,Germany,M,28.0,0.0,142574.71,,1.0,0.0,129084.82,0.0
15583049.0,,643.0,Germany,,34.0,7.0,160426.07,1.0,0.0,1.0,188533.11,0.0
,Wei,540.0,France,M,25.0,5.0,116160.23,1.0,1.0,,13411.67,0.0
15620398.0,Mitchell,635.0,Spain,F,34.0,5.0,98683.47,2.0,1.0,0.0,,0.0
15715707.0,,657.0,France,M,32.0,3.0,118829.03,2.0,1.0,,73127.61,0.0
15814209.0,Capon,814.0,,M,31.0,1.0,118870.92,,1.0,0.0,101704.19,0.0
15733768.0,Hou,600.0,France,M,32.0,1.0,0.0,1.0,1.0,1.0,101986.16,0.0
15755242.0,Rowe,682.0,France,F,46.0,2.0,0.0,1.0,1.0,1.0,,0.0
15729412.0,Holloway,682.0,France,M,38.0,4.0,107192.38,1.0,1.0,1.0,15669.17,0.0
15746564.0,,566.0,France,M,42.0,3.0,nan,1.0,1.0,1.0,157486.1,0.0
15588446.0,Udinesi,550.0,Spain,M,34.0,3.0,0.0,2.0,0.0,0.0,131281.28,0.0
15665221.0,Nwebube,,France,M,26.0,,129837.72,2.0,0.0,,197001.15,0.0
15640846.0,Chibueze,546.0,Germany,F,58.0,3.0,106458.31,4.0,,0.0,128881.87,1.0
15700209.0,Walker,486.0,France,M,63.0,9.0,nan,1.0,1.0,1.0,85101.0,0.0
15658360.0,,762.0,Spain,M,150,9.0,122929.42,2.0,0.0,0.0,,0.0
15602735.0,Kuo,,Germany,M,45.0,6.0,nan,4.0,,1.0,108040.86,1.0
15724834.0,,498.0,,F,nan,,0.0,2.0,0.0,0.0,135795.53,
15800062.0,Lanford,850.0,Spain,M,nan,,nan,1.0,0.0,,25867.67,1.0
15685300.0,Meng,603.0,France,M,35.0,6.0,128993.76,2.0,,,130483.56,0.0
15760102.0,Yeh,,France,F,36.0,,0.0,1.0,1.0,0.0,183479.12,0.0
15787026.0,Onwuatuegwu,627.0,Germany,M,nan,0.0,185267.45,2.0,1.0,1.0,77027.34,0.0
,Goliwe,515.0,France,F,28.0,9.0,0.0,2.0,,0.0,,0.0
15788946.0,Anthony,605.0,Spain,F,29.0,3.0,116805.82,1.0,0.0,0.0,4092.75,0.0
15600724.0,Scott,567.0,,M,29.0,5.0,129750.68,1.0,1.0,0.0,109257.59,0.0
15574324.0,Genovese,568.0,Germany,F,29.0,2.0,129177.01,2.0,,1.0,104617.99,0.0
15707144.0,Onyeorulu,571.0,Germany,M,nan,6.0,82506.72,2.0,1.0,0.0,167705.07,0.0
15775891.0,Myers,,Germany,M,48.0,2.0,107247.69,1.0,1.0,1.0,103712.05,1.0
15711789.0,Davey,768.0,Spain,,42.0,3.0,0.0,1.0,0.0,0.0,,1.0
15600879.0,Parsons,554.0,Germany,F,36.0,3.0,157780.93,2.0,1.0,0.0,,0.0
15681196.0,Chikere,629.0,,M,35.0,1.0,172170.36,1.0,1.0,1.0,159777.37,0.0
15716000.0,Hs?eh,,Spain,M,48.0,2.0,0.0,2.0,1.0,,7919.08,0.0
15766776.0,Sal,576.0,France,M,150,1.0,0.0,1.0,1.0,1.0,188274.6,0.0
15680278.0,Ts'ai,661.0,,F,42.0,9.0,75361.44,1.0,1.0,0.0,,1.0
15688637.0,Witt,592.0,France,F,27.0,4.0,0.0,2.0,1.0,1.0,183569.25,
15591179.0,Skelton,702.0,Spain,M,30.0,2.0,0.0,2.0,1.0,1.0,,0.0
15677435.0,Kazantseva,647.0,France,F,29.0,0.0,98263.46,2.0,1.0,0.0,164717.95,0.0
15698619.0,Bowhay,593.0,France,M,43.0,9.0,0.0,2.0,,1.0,76357.43,0.0
15581036.0,,712.0,Germany,F,40.0,3.0,109308.79,2.0,1.0,,120158.72,1.0
15622117.0,Fries,625.0,Spain,F,nan,8.0,0.0,,1.0,0.0,151843.54,0.0
,Tao,538.0,Germany,F,nan,6.0,164365.44,1.0,0.0,1.0,,
15581548.0,Kaodilinakachukwu,637.0,Spain,F,22.0,5.0,98800.0,1.0,1.0,0.0,122865.55,0.0
15586870.0,Ni,632.0,France,M,27.0,4.0,193125.85,1.0,1.0,1.0,152665.85,0.0
15735263.0,Hsueh,736.0,France,M,nan,5.0,-99999,1.0,0.0,1.0,192131.77,0.0
15765322.0,,,France,M,nan,,84284.48,2.0,1.0,1.0,62851.6,0.0
15582944.0,Becker,425.0,Spain,F,39.0,5.0,0.0,2.0,1.0,0.0,140941.47,0.0
15687162.0,Clayton,461.0,France,M,nan,9.0,119889.84,,0.0,0.0,56767.67,1.0
15644962.0,Connolly,745.0,France,M,21.0,4.0,137910.45,1.0,1.0,1.0,177235.23,0.0
,Graham,616.0,France,F,150,6.0,0.0,2.0,1.0,0.0,86242.18,0.0
15813439.0,Ch'ien,587.0,France,M,33.0,5.0,100116.82,1.0,,0.0,34215.58,0.0
15604544.0,Manfrin,850.0,Germany,M,40.0,4.0,166082.15,2.0,,1.0,44406.17,0.0
15761348.0,Kuo,601.0,France,F,150,0.0,-99999,,1.0,0.0,165196.65,0.0
15785078.0,Fomin,730.0,Spain,M,150,3.0,0.0,1.0,1.0,,34542.41,0.0
15759874.0,Chamberlain,532.0,France,M,44.0,3.0,148595.55,1.0,1.0,0.0,74838.64,1.0
15643658.0,Barber,850.0,Germany,M,53.0,2.0,94078.97,2.0,1.0,0.0,,0.0
15713267.0,Zimmer,779.0,Spain,,nan,5.0,0.0,2.0,0.0,1.0,111676.63,0.0
15737782.0,Brazenor,562.0,France,M,29.0,9.0,0.0,1.0,1.0,1.0,25858.68,0.0
15815490.0,Cocci,670.0,Germany,M,40.0,,164948.98,3.0,0.0,0.0,177028.0,1.0
,Caldwell,729.0,France,,62.0,4.0,140549.4,1.0,1.0,,30990.16,
15756241.0,Yirawala,767.0,France,F,44.0,2.0,nan,1.0,1.0,1.0,,0.0
15688409.0,Donaldson,742.0,France,F,28.0,2.0,191864.51,1.0,,0.0,108457.99,1.0
15742272.0,Ozerova,669.0,France,F,44.0,8.0,96418.09,1.0,0.0,0.0,131609.48,1.0
,Bruce,542.0,Spain,M,32.0,2.0,nan,1.0,0.0,1.0,159737.56,0.0
15769582.0,Kang,586.0,France,M,29.0,3.0,0.0,,1.0,1.0,142238.54,0.0
15635660.0,Rossi,612.0,Germany,M,nan,9.0,142910.15,1.0,1.0,0.0,105890.55,1.0
15576723.0,Ts'ai,740.0,France,F,37.0,7.0,0.0,2.0,1.0,1.0,194270.91,0.0
15591577.0,Moran,584.0,France,M,150,3.0,146311.58,1.0,1.0,1.0,105443.47,0.0
15582325.0,Jennings,524.0,France,M,52.0,2.0,-99999,1.0,1.0,0.0,173899.42,1.0
15693947.0,Tokareva,614.0,France,F,19.0,5.0,nan,2.0,1.0,0.0,122823.34,
,Pagnotto,,France,F,64.0,9.0,0.0,,0.0,1.0,13181.37,1.0
15611105.0,Castella,799.0,Spain,M,35.0,7.0,0.0,2.0,0.0,1.0,140780.8,0.0
15630920.0,Du Cane,724.0,France,M,34.0,2.0,154485.74,2.0,0.0,0.0,78560.64,
,Ferguson,601.0,France,M,nan,2.0,115625.07,1.0,,0.0,185855.21,0.0
15756472.0,Odinakachukwu,804.0,France,M,25.0,7.0,108396.67,1.0,1.0,0.0,128276.95,0.0
15682890.0,Woronoff,745.0,Germany,,38.0,5.0,65095.41,2.0,1.0,1.0,140197.42,0.0
15641994.0,Meng,667.0,Germany,M,43.0,1.0,103018.45,,1.0,,32462.39,1.0
15733297.0,Sinclair,518.0,France,F,150,10.0,84764.79,1.0,1.0,1.0,162253.9,0.0
15767793.0,Hsu,819.0,France,F,nan,10.0,nan,,1.0,0.0,30498.7,0.0
15725698.0,Panicucci,,Spain,F,35.0,4.0,nan,1.0,,1.0,90280.7,0.0
15813532.0,Burns,625.0,France,F,nan,,nan,2.0,,0.0,32615.21,0.0
15576760.0,Onodugoadiegbemma,673.0,Germany,M,36.0,5.0,73088.06,2.0,0.0,0.0,196142.26,0.0
15732102.0,Darling,656.0,Germany,F,27.0,,150905.03,2.0,1.0,0.0,16998.72,0.0
15739046.0,Maggard,850.0,Spain,F,23.0,9.0,143054.85,1.0,0.0,1.0,62980.96,0.0
15631927.0,Thomas,574.0,Spain,,28.0,7.0,0.0,2.0,0.0,0.0,185660.3,0.0
15672115.0,Lettiere,679.0,France,M,60.0,6.0,0.0,2.0,1.0,1.0,77331.77,
15618765.0,Ponomaryov,530.0,Germany,F,42.0,0.0,99948.45,1.0,0.0,1.0,97338.62,0.0
15679148.0,Oliver,508.0,,M,44.0,3.0,115451.05,2.0,0.0,0.0,67234.33,0.0
15728474.0,Chienezie,,Germany,M,32.0,4.0,108235.91,1.0,1.0,1.0,143783.28,0.0
15636999.0,Mao,414.0,France,M,38.0,8.0,0.0,1.0,0.0,1.0,77661.12,
15754261.0,Ho,648.0,Spain,M,42.0,2.0,98795.61,2.0,1.0,0.0,89123.99,0.0
15629150.0,Lucchese,721.0,France,F,37.0,1.0,0.0,2.0,1.0,0.0,70810.8,0.0
15736274.0,Prokhorova,751.0,France,M,31.0,8.0,0.0,,,0.0,17550.49,0.0
15627697.0,Alekseyeva,662.0,,M,nan,2.0,0.0,2.0,,1.0,21497.27,0.0
15721585.0,Blacklock,628.0,,M,29.0,3.0,nan,2.0,0.0,1.0,124749.08,0.0
15639946.0,Sazonova,597.0,Germany,F,150,,162532.14,3.0,1.0,0.0,36051.46,1.0
15792176.0,Henty,698.0,Spain,F,40.0,0.0,nan,1.0,1.0,1.0,143681.83,0.0
15699450.0,Li,723.0,France,M,48.0,7.0,0.0,2.0,1.0,1.0,150694.58,0.0
15729954.0,Azuka,586.0,France,F,150,5.0,0.0,3.0,1.0,0.0,170487.4,1.0
15600103.0,Alexander,633.0,Germany,F,29.0,8.0,nan,1.0,1.0,1.0,97684.46,0.0
15786200.0,,564.0,France,M,31.0,4.0,0.0,2.0,1.0,0.0,53520.03,0.0
15797010.0,Shen,649.0,France,F,31.0,2.0,0.0,2.0,1.0,0.0,15200.61,0.0
15670172.0,Padovesi,622.0,France,F,30.0,,107879.04,1.0,0.0,1.0,196894.62,0.0
15627352.0,,,,M,46.0,7.0,110356.42,1.0,1.0,0.0,4969.13,1.0
15622494.0,Mazzanti,718.0,,M,27.0,2.0,0.0,2.0,0.0,0.0,26229.24,0.0
15585835.0,Lord,,Spain,F,nan,4.0,109783.69,2.0,1.0,0.0,134034.32,0.0
,Ramos,696.0,,M,150,9.0,149777.0,1.0,1.0,,,0.0
15628203.0,Pai,637.0,France,,150,3.0,104339.56,,0.0,0.0,119882.86,0.0
15667190.0,Yuan,630.0,Spain,F,21.0,1.0,85818.18,1.0,,1.0,133102.3,0.0
,Mao,592.0,France,M,37.0,4.0,212692.97,1.0,0.0,0.0,176395.02,0.0
15766869.0,Uspenskaya,,,M,37.0,1.0,nan,2.0,1.0,1.0,193179.88,0.0
15775741.0,Powell,608.0,France,F,28.0,9.0,nan,2.0,1.0,1.0,125062.02,0.0
15628170.0,Brown,565.0,Germany,F,32.0,9.0,68067.24,1.0,1.0,,143287.58,0.0
15701318.0,Poole,763.0,Spain,M,67.0,9.0,148564.66,1.0,0.0,1.0,87236.4,0.0
15710928.0,McChesney,665.0,France,F,55.0,8.0,136354.16,1.0,1.0,1.0,93769.89,0.0
15682547.0,Lucchese,649.0,France,M,38.0,1.0,122214.0,1.0,0.0,1.0,88965.46,
15631170.0,,695.0,France,,45.0,3.0,0.0,2.0,1.0,1.0,30793.61,0.0
15648702.0,Yuriev,775.0,Germany,M,70.0,6.0,nan,2.0,1.0,1.0,74532.02,0.0
,Endrizzi,788.0,,F,39.0,3.0,135139.33,1.0,0.0,1.0,113086.08,
,Pan,569.0,Germany,F,42.0,9.0,146100.75,1.0,1.0,0.0,32574.01,1.0
15806688.0,Manfrin,726.0,Spain,F,56.0,8.0,123110.9,3.0,0.0,1.0,130113.78,1.0
15576824.0,Kennedy,564.0,Germany,F,44.0,3.0,111760.4,3.0,1.0,1.0,104722.47,1.0
15675422.0,Conway,544.0,France,F,32.0,9.0,110728.39,,1.0,1.0,14559.62,0.0
15681550.0,Lablanc,614.0,France,F,41.0,8.0,121558.46,1.0,1.0,1.0,598.8,0.0
15812628.0,Dodd,453.0,Germany,,38.0,8.0,120623.21,1.0,1.0,0.0,129697.99,0.0
15597951.0,Muir,471.0,France,,150,4.0,nan,1.0,1.0,,36315.03,0.0
15807045.0,Milanesi,829.0,Germany,,37.0,3.0,103457.76,1.0,0.0,0.0,1114.12,
15581748.0,Shen,754.0,Germany,M,57.0,2.0,101134.87,2.0,1.0,,,0.0
15770420.0,Dillon,749.0,Germany,M,46.0,,78136.36,2.0,1.0,,,0.0
15608230.0,Hoelscher,667.0,France,M,23.0,1.0,nan,,1.0,0.0,,0.0
15730339.0,Bell,670.0,,M,30.0,3.0,133446.34,,0.0,0.0,3154.95,0.0
15712584.0,Liao,670.0,France,,33.0,7.0,0.0,2.0,,1.0,88187.81,0.0
15592816.0,Udokamma,623.0,Germany,F,48.0,1.0,108076.33,1.0,,0.0,118855.26,1.0
,Sinnett,571.0,France,M,32.0,5.0,131354.25,1.0,1.0,0.0,125256.53,0.0
15708505.0,,641.0,Germany,,37.0,7.0,62974.64,2.0,0.0,1.0,39016.43,0.0
15791131.0,Chimaijem,,Germany,F,30.0,2.0,143340.44,1.0,1.0,,145796.49,
15618225.0,Porter,741.0,Germany,M,36.0,8.0,116993.43,2.0,1.0,0.0,,0.0
,Fan,472.0,,M,31.0,4.0,58662.92,2.0,0.0,1.0,73322.0,0.0
15662098.0,Palmer,650.0,Spain,M,41.0,3.0,128808.65,3.0,0.0,0.0,113677.53,1.0
15723894.0,Younger,625.0,France,M,nan,7.0,137555.44,1.0,0.0,0.0,124607.7,0.0
15787699.0,Burke,650.0,Germany,M,34.0,4.0,142393.11,1.0,1.0,1.0,11276.48,0.0
,Nwagugheuzo,535.0,,F,38.0,,nan,,1.0,0.0,136620.64,0.0
15576126.0,Young,649.0,France,F,41.0,2.0,-99999,1.0,,,70523.92,0.0
15658889.0,Watson,689.0,France,M,22.0,,136444.25,,1.0,0.0,51980.25,1.0
,Tseng,694.0,Spain,M,38.0,7.0,121527.4,1.0,1.0,0.0,113481.02,0.0
15669957.0,Drake,655.0,Germany,M,52.0,9.0,144696.75,1.0,1.0,1.0,49025.79,0.0
15655794.0,Hanna,620.0,France,M,nan,8.0,0.0,,1.0,1.0,145937.99,0.0
15599829.0,Padovesi,577.0,France,F,35.0,10.0,0.0,2.0,1.0,1.0,,0.0
,Loftus,401.0,Germany,M,48.0,8.0,128140.17,1.0,1.0,0.0,175753.55,1.0
15671124.0,Buccho,,France,M,25.0,6.0,nan,1.0,1.0,1.0,24903.09,
15767474.0,Lorenzo,481.0,France,F,57.0,9.0,0.0,3.0,1.0,1.0,169719.35,1.0
15720671.0,Ibezimako,704.0,,M,42.0,8.0,129735.3,2.0,1.0,1.0,179565.57,0.0
,,698.0,Spain,,31.0,8.0,185078.26,1.0,0.0,0.0,115337.74,1.0
15774491.0,Ross,480.0,France,F,28.0,,0.0,2.0,,0.0,48131.92,0.0
15579647.0,Oluchukwu,682.0,France,M,42.0,0.0,0.0,1.0,1.0,1.0,160828.98,0.0
15625522.0,Walker,700.0,Spain,M,31.0,7.0,nan,2.0,0.0,1.0,145151.96,0.0
15765806.0,Wu,492.0,France,M,29.0,1.0,nan,1.0,1.0,1.0,196293.76,0.0
15566708.0,Chidalu,444.0,France,F,45.0,,0.0,2.0,1.0,0.0,,1.0
15668347.0,Ingram,624.0,France,M,36.0,6.0,0.0,2.0,0.0,0.0,84635.64,0.0
15575214.0,Ch'en,709.0,France,M,nan,7.0,0.0,1.0,1.0,0.0,159486.76,0.0
15591123.0,Iredale,,Germany,M,68.0,2.0,100194.44,1.0,1.0,1.0,38596.34,0.0
15573280.0,,646.0,Germany,M,50.0,6.0,145295.31,2.0,1.0,,27814.74,0.0
15589018.0,Padilla,719.0,Germany,M,nan,3.0,106070.29,2.0,1.0,1.0,183893.31,0.0
15654495.0,Potter,706.0,Germany,F,47.0,6.0,-99999,1.0,1.0,1.0,140803.7,0.0
15597265.0,Mao,660.0,France,M,38.0,7.0,-99999,2.0,0.0,1.0,146585.53,
15733876.0,Schneider,667.0,France,M,36.0,9.0,0.0,2.0,1.0,,40062.29,0.0
15677217.0,Ibragimova,705.0,France,M,30.0,1.0,0.0,1.0,,1.0,,0.0
,Huang,598.0,Germany,F,27.0,10.0,171283.91,1.0,1.0,1.0,84136.12,0.0
15713379.0,Anderson,669.0,France,M,26.0,4.0,0.0,,1.0,1.0,197594.34,0.0
,Nakayama,580.0,Germany,F,nan,1.0,128218.47,1.0,1.0,0.0,125953.83,1.0
15693347.0,Gardener,676.0,France,F,32.0,5.0,0.0,2.0,1.0,1.0,75465.41,0.0
15715465.0,Aksenova,714.0,Germany,M,28.0,7.0,77776.39,1.0,1.0,0.0,177737.07,0.0
15680736.0,Milne,597.0,Germany,F,72.0,6.0,124978.19,2.0,1.0,1.0,7144.46,0.0
15610765.0,Onwumelu,559.0,,M,29.0,1.0,0.0,2.0,0.0,0.0,155639.76,0.0
15650034.0,Kudryashova,564.0,France,F,28.0,1.0,0.0,1.0,1.0,1.0,162428.05,0.0
15782468.0,Hart,850.0,,M,nan,3.0,109799.55,2.0,1.0,1.0,12457.76,1.0
,Teng,689.0,France,,39.0,,0.0,2.0,,0.0,14917.09,0.0
15776233.0,Kruglova,758.0,Germany,F,61.0,8.0,125397.21,1.0,1.0,,182184.09,1.0
,,604.0,Spain,F,71.0,10.0,nan,2.0,1.0,1.0,129984.2,0.0
15781702.0,Brookes,733.0,Germany,M,38.0,9.0,nan,2.0,,1.0,,0.0
15790235.0,Hsing,778.0,Spain,M,40.0,8.0,104291.41,2.0,1.0,1.0,117507.11,0.0
15641416.0,Shaffer,732.0,Germany,F,61.0,,94867.18,2.0,1.0,1.0,157527.6,
15775234.0,Laurie,646.0,France,M,24.0,,0.0,2.0,0.0,0.0,92612.88,0.0
,,597.0,France,F,33.0,6.0,135703.59,2.0,0.0,,74850.84,0.0
15642202.0,Whitfield,821.0,Germany,F,nan,5.0,106453.53,2.0,0.0,1.0,127413.0,0.0
15771417.0,Thomas,640.0,France,M,43.0,7.0,132412.38,1.0,0.0,0.0,69584.3,1.0
15585100.0,Rioux,511.0,Germany,,40.0,9.0,124401.6,1.0,1.0,0.0,,1.0
15700487.0,,805.0,France,M,46.0,6.0,-99999,3.0,1.0,0.0,162643.15,
15726589.0,Matveyev,540.0,Germany,M,39.0,1.0,82531.11,1.0,1.0,0.0,114092.52,0.0
15747503.0,Hayward,705.0,Spain,M,44.0,0.0,184552.12,1.0,,0.0,68860.3,1.0
15595883.0,Nkemdirim,540.0,Germany,M,nan,4.0,127278.31,1.0,1.0,1.0,16150.34,0.0
15663826.0,Brim,,Spain,,66.0,3.0,0.0,1.0,1.0,1.0,115227.02,0.0
15742820.0,Trevisano,535.0,France,F,45.0,2.0,0.0,2.0,,1.0,170621.55,0.0
15624793.0,Soubeiran,627.0,Germany,M,23.0,5.0,184244.86,1.0,1.0,0.0,,0.0
15597930.0,Wilson,646.0,France,M,52.0,8.0,59669.43,1.0,,0.0,,1.0
,Helena,515.0,France,F,25.0,7.0,79543.59,1.0,0.0,1.0,38772.82,0.0
,Duncan,,France,F,150,6.0,151553.19,1.0,1.0,1.0,44946.29,0.0
15731327.0,Hale,652.0,Germany,M,27.0,2.0,166527.88,2.0,0.0,1.0,146007.7,0.0
15576044.0,Macdonald,579.0,Germany,M,28.0,6.0,150329.15,1.0,1.0,0.0,145558.42,0.0
15775662.0,McKay,,France,M,43.0,8.0,121911.59,1.0,,0.0,193312.33,0.0
15646817.0,Chiekwugo,769.0,France,M,150,,nan,2.0,1.0,0.0,40257.79,
15596060.0,Skinner,,Spain,M,29.0,8.0,nan,1.0,1.0,1.0,46677.9,0.0
15723299.0,Sorokina,774.0,France,M,53.0,4.0,113709.28,,1.0,1.0,153887.93,1.0
15636982.0,Weller,705.0,,F,43.0,7.0,79974.55,1.0,1.0,,103108.33,0.0
15751175.0,Bess,648.0,France,F,44.0,2.0,0.0,2.0,1.0,,58652.23,0.0
15618936.0,MacDonald,688.0,France,F,51.0,5.0,0.0,1.0,1.0,0.0,91624.11,1.0
15787529.0,Gray,592.0,Spain,M,38.0,0.0,0.0,1.0,1.0,0.0,65986.48,1.0
15780128.0,Ogbonnaya,705.0,France,,150,3.0,144427.96,,1.0,0.0,,0.0
15615991.0,Udegbulam,654.0,France,,42.0,7.0,99263.09,,1.0,1.0,67607.9,0.0
15757001.0,Mai,624.0,France,F,32.0,2.0,79368.87,2.0,1.0,1.0,145471.94,0.0
15595388.0,Yeh,594.0,France,F,30.0,10.0,0.0,2.0,1.0,,124071.71,0.0
15699550.0,,695.0,Spain,,nan,,0.0,,1.0,1.0,67502.12,0.0
15581620.0,Franklin,597.0,France,M,28.0,2.0,0.0,3.0,1.0,1.0,78707.97,0.0
,Randell,758.0,,F,52.0,7.0,125095.94,1.0,1.0,0.0,171189.83,1.0
15738672.0,Paterson,737.0,Germany,F,nan,2.0,162485.8,2.0,1.0,0.0,149381.32,0.0
15721307.0,Pickering,,Germany,,37.0,1.0,95668.82,2.0,1.0,0.0,100335.55,0.0
15619280.0,Uspensky,683.0,France,M,25.0,4.0,0.0,2.0,1.0,0.0,152698.24,0.0
15768244.0,Macleod,538.0,Spain,F,30.0,8.0,0.0,2.0,,1.0,41192.95,0.0
15806837.0,,669.0,France,M,37.0,4.0,0.0,1.0,1.0,0.0,132540.33,0.0
15643496.0,Randolph,730.0,France,F,34.0,5.0,74197.38,2.0,1.0,0.0,96875.52,0.0
15813916.0,Kudryashova,622.0,France,F,31.0,1.0,89688.94,1.0,1.0,1.0,152305.47,0.0
15626385.0,,714.0,Spain,F,33.0,10.0,103121.33,2.0,1.0,1.0,49672.01,0.0
15603582.0,Robertson,569.0,Spain,,34.0,3.0,-99999,1.0,1.0,0.0,133997.53,0.0
15764351.0,Yuryeva,,Germany,F,nan,5.0,-99999,1.0,0.0,,50454.8,
15667938.0,Hurst,628.0,France,M,32.0,9.0,nan,2.0,1.0,1.0,16402.11,0.0
15576360.0,Ch'iu,600.0,France,M,40.0,1.0,141136.79,1.0,1.0,1.0,67803.83,0.0
15628813.0,King,693.0,France,F,150,4.0,152341.55,1.0,1.0,0.0,9241.78,0.0
15584190.0,Esposito,704.0,France,M,36.0,7.0,120026.98,2.0,0.0,1.0,100601.73,0.0
15716449.0,Fraser,527.0,Spain,M,33.0,9.0,132168.28,1.0,0.0,0.0,98734.15,0.0
15759913.0,Trentini,,Germany,M,43.0,6.0,nan,,1.0,1.0,160574.09,0.0
15701555.0,Nicholls,575.0,Spain,,53.0,1.0,84903.33,2.0,0.0,1.0,26015.8,0.0
15758482.0,Montalvo,626.0,France,F,32.0,0.0,0.0,2.0,0.0,0.0,187172.54,0.0
15758171.0,Tien,582.0,,M,20.0,4.0,0.0,1.0,1.0,,55763.66,0.0
15680346.0,Chuang,683.0,Spain,M,40.0,8.0,0.0,1.0,1.0,0.0,75848.22,
15649124.0,Fang,850.0,France,M,30.0,9.0,121535.18,1.0,0.0,0.0,40313.47,
15812917.0,Kosisochukwu,653.0,Spain,M,35.0,6.0,116662.96,2.0,1.0,1.0,23864.21,0.0
15768455.0,Young,679.0,France,M,60.0,,0.0,,1.0,1.0,,0.0
15703059.0,Scott,549.0,Germany,F,49.0,6.0,124829.16,1.0,0.0,1.0,93551.36,0.0
15646196.0,Yeh,,Spain,F,36.0,2.0,155180.56,2.0,,0.0,169415.54,
15585451.0,Vigano,558.0,Germany,F,32.0,1.0,108262.87,1.0,,1.0,6935.31,0.0
15714057.0,Windradyne,528.0,Spain,M,40.0,4.0,0.0,2.0,1.0,0.0,25399.7,0.0
15748473.0,Curnow,801.0,France,,150,5.0,0.0,2.0,1.0,,66256.27,0.0
15785782.0,Ugonna,513.0,Spain,M,nan,2.0,0.0,,1.0,1.0,114709.13,1.0
15693233.0,De Neeve,666.0,,M,38.0,6.0,99812.88,2.0,1.0,1.0,158357.97,0.0
15757521.0,Ricci,606.0,France,M,nan,2.0,132164.26,,0.0,1.0,,0.0
15812513.0,Nnaife,599.0,Germany,,45.0,10.0,103583.05,1.0,1.0,0.0,132127.69,1.0
15674950.0,Ebelechukwu,,Germany,,39.0,4.0,142406.43,2.0,1.0,0.0,,0.0
15678572.0,Keating,529.0,Spain,M,38.0,7.0,nan,2.0,1.0,0.0,90256.06,1.0
15713608.0,Tuan,850.0,France,F,41.0,5.0,0.0,,1.0,1.0,34827.43,
15579262.0,Shearston,497.0,France,M,41.0,9.0,0.0,1.0,0.0,0.0,22074.48,0.0
15610426.0,Tien,764.0,France,F,39.0,5.0,81042.42,,0.0,1.0,109805.17,0.0
,Hamilton,603.0,France,F,48.0,5.0,0.0,1.0,1.0,0.0,100478.6,1.0
15771483.0,Arnold,609.0,France,M,40.0,6.0,0.0,2.0,1.0,1.0,,0.0
,,487.0,France,,53.0,4.0,199689.49,1.0,1.0,1.0,24207.86,1.0
15646609.0,Chao,748.0,France,,33.0,,142645.43,1.0,0.0,0.0,69132.66,0.0
15693203.0,Powell,710.0,Spain,F,75.0,5.0,0.0,2.0,1.0,1.0,,0.0
15813067.0,Williams,432.0,Germany,F,45.0,3.0,110219.14,1.0,1.0,0.0,43046.7,1.0
15769829.0,Cheng,534.0,Spain,M,51.0,,0.0,2.0,0.0,1.0,20856.31,
15662434.0,Zhdanova,607.0,France,M,25.0,3.0,0.0,2.0,0.0,0.0,187048.72,0.0
15773503.0,Tsai,551.0,Spain,M,32.0,4.0,0.0,2.0,1.0,0.0,53420.53,0.0
,Nebechukwu,674.0,France,M,45.0,7.0,142072.02,1.0,,0.0,37013.29,0.0
15711398.0,Fetherstonhaugh,525.0,France,F,25.0,6.0,0.0,2.0,1.0,,89566.64,0.0
15752375.0,Ojiofor,645.0,Germany,M,33.0,8.0,149564.61,1.0,0.0,0.0,149913.84,0.0
15659175.0,Severson,,,F,43.0,9.0,0.0,,1.0,0.0,18066.69,0.0
15597033.0,Speight,,Germany,M,37.0,8.0,153366.13,1.0,1.0,1.0,26912.34,0.0
15590228.0,Greenwalt,715.0,France,M,21.0,6.0,76467.16,1.0,1.0,1.0,,0.0
,Grover,727.0,France,F,26.0,9.0,121508.28,1.0,1.0,1.0,146785.44,0.0
15654211.0,Milani,559.0,Spain,F,27.0,1.0,0.0,1.0,0.0,1.0,1050.33,0.0
15707968.0,Akobundu,545.0,Spain,M,36.0,8.0,73211.12,2.0,,0.0,89587.34,1.0
15594084.0,,524.0,France,M,22.0,9.0,0.0,2.0,,0.0,74405.34,0.0
15651093.0,Chien,707.0,France,F,55.0,1.0,0.0,,0.0,1.0,54409.48,0.0
15798824.0,Kennedy,671.0,Spain,M,38.0,0.0,92674.94,2.0,1.0,,3647.57,0.0
,Castiglione,,Spain,M,nan,3.0,96196.24,4.0,1.0,0.0,198874.52,
15707189.0,Marshall,667.0,Germany,F,36.0,1.0,114391.62,1.0,1.0,1.0,53412.54,0.0
,Duncan,831.0,,M,150,9.0,80262.66,1.0,1.0,0.0,194867.78,0.0
15641640.0,Uspenskaya,545.0,Spain,F,150,7.0,nan,1.0,1.0,0.0,150452.88,0.0
,Thomson,604.0,Spain,F,nan,7.0,147285.52,1.0,1.0,1.0,57807.05,0.0
,,657.0,Spain,M,67.0,5.0,119785.47,2.0,1.0,1.0,107534.32,0.0
15667751.0,,487.0,Spain,F,36.0,1.0,140137.15,1.0,1.0,0.0,194073.33,0.0
15669411.0,Muse,,,F,52.0,6.0,107467.56,1.0,1.0,0.0,126233.18,1.0
15789425.0,Marsden,,Germany,,37.0,8.0,98218.04,2.0,1.0,0.0,182354.46,1.0
15570943.0,Artemyeva,711.0,Germany,F,35.0,2.0,133607.75,1.0,1.0,1.0,120586.32,0.0
15685829.0,McKay,551.0,France,M,37.0,3.0,nan,2.0,1.0,1.0,50578.4,0.0
15721917.0,Chuang,559.0,France,F,38.0,8.0,95139.41,1.0,1.0,1.0,86575.46,0.0
15776047.0,Nicholls,620.0,France,,29.0,3.0,-99999,2.0,0.0,1.0,153392.28,0.0
15716024.0,Dennis,660.0,Spain,M,42.0,5.0,0.0,,1.0,0.0,115509.59,0.0
,Knight,449.0,,F,37.0,6.0,0.0,,1.0,0.0,82176.48,0.0
15604314.0,Webb,703.0,Germany,F,26.0,1.0,97331.19,1.0,1.0,0.0,,0.0
,Pugliesi,,Germany,M,37.0,2.0,139265.63,2.0,,1.0,198745.94,0.0
15630402.0,,594.0,France,,31.0,,0.0,1.0,0.0,1.0,5719.11,0.0
15689616.0,Ward,586.0,,M,nan,5.0,168094.01,1.0,,0.0,20058.61,0.0
,Nixon,,Germany,F,30.0,5.0,131563.88,2.0,1.0,0.0,170638.98,0.0
15701291.0,Chidubem,601.0,,M,44.0,3.0,0.0,2.0,1.0,0.0,30607.11,0.0
15719606.0,Rivers,,France,M,50.0,9.0,nan,,0.0,0.0,37171.46,0.0
15644119.0,Sochima,531.0,France,M,nan,3.0,-99999,1.0,1.0,1.0,42589.33,0.0
,Heydon,621.0,Germany,M,47.0,7.0,107363.29,1.0,1.0,1.0,66799.28,0.0
15606836.0,Lombardo,782.0,France,F,33.0,2.0,94493.03,1.0,0.0,1.0,101866.39,0.0
15664150.0,Holland,528.0,Germany,F,29.0,9.0,170214.23,2.0,1.0,0.0,49284.0,0.0
15624510.0,Tien,696.0,France,M,52.0,6.0,139781.06,1.0,1.0,0.0,27445.4,
15810944.0,Bryant,586.0,France,,35.0,7.0,0.0,2.0,1.0,0.0,70760.69,0.0
15668575.0,Hao,626.0,Spain,F,26.0,8.0,148610.41,3.0,0.0,,104502.02,1.0
15603246.0,,498.0,France,M,73.0,2.0,170241.7,,1.0,1.0,165407.96,0.0
15804002.0,Kovalev,691.0,,F,33.0,,128306.83,1.0,1.0,1.0,113580.79,0.0
,Hsieh,568.0,France,F,nan,7.0,0.0,2.0,1.0,1.0,45978.39,0.0
15598044.0,Debellis,715.0,France,F,35.0,3.0,0.0,1.0,1.0,1.0,152012.36,0.0
15694829.0,Chibueze,680.0,Germany,M,32.0,7.0,175454.0,1.0,0.0,1.0,77349.92,0.0
15600575.0,Padovano,802.0,Spain,M,nan,6.0,0.0,2.0,,,,0.0
15727311.0,Yen,539.0,,F,22.0,0.0,100885.93,2.0,1.0,1.0,38772.65,0.0
15570769.0,Kibble,494.0,France,M,69.0,9.0,93320.8,1.0,1.0,1.0,,0.0
15606274.0,Lori,594.0,Germany,,38.0,6.0,63176.44,2.0,1.0,1.0,14466.08,0.0
15746139.0,Enemuo,596.0,France,M,33.0,2.0,139451.67,1.0,0.0,0.0,63142.12,
15704987.0,Lu,649.0,France,F,52.0,8.0,49113.75,1.0,1.0,0.0,41858.43,0.0
15628972.0,,699.0,Germany,M,32.0,1.0,123906.22,3.0,1.0,1.0,127443.82,
15697686.0,Stewart,787.0,France,F,40.0,6.0,0.0,2.0,1.0,,84151.98,0.0
15733883.0,Ward,604.0,France,M,28.0,7.0,0.0,2.0,0.0,0.0,58595.64,0.0
15617482.0,Milanesi,489.0,Germany,F,nan,1.0,131441.51,1.0,1.0,0.0,37240.11,1.0
15704583.0,Chikwado,651.0,France,,56.0,2.0,0.0,1.0,,0.0,114522.68,1.0
15621083.0,Douglas,698.0,France,M,57.0,6.0,136325.48,,1.0,1.0,,1.0
,,578.0,Germany,F,38.0,4.0,113150.44,2.0,1.0,0.0,176712.59,1.0
,Douglas,538.0,Spain,F,42.0,9.0,0.0,1.0,,0.0,152855.96,0.0
15714658.0,Yates,,France,F,33.0,4.0,0.0,2.0,1.0,1.0,73371.65,
15599081.0,Watt,,Germany,F,46.0,,nan,1.0,1.0,1.0,70323.68,0.0
15705113.0,P'an,685.0,Spain,M,nan,6.0,83264.28,,0.0,0.0,9663.28,0.0
15631159.0,H?,705.0,,M,41.0,4.0,72252.64,2.0,1.0,1.0,,0.0
15792818.0,Perry,499.0,Germany,F,29.0,6.0,148051.52,1.0,1.0,0.0,,
15633531.0,Lavrov,717.0,France,F,76.0,,138489.66,1.0,1.0,1.0,68400.14,0.0
15744529.0,Chiekwugo,510.0,France,M,63.0,8.0,0.0,2.0,1.0,1.0,115291.86,0.0
15669656.0,Macdonald,632.0,France,M,32.0,6.0,111589.33,1.0,1.0,,170382.99,0.0
15581198.0,Jenkins,668.0,Germany,F,39.0,0.0,nan,1.0,1.0,0.0,112946.67,1.0
15729054.0,Korovina,744.0,,M,32.0,4.0,96106.83,,1.0,1.0,79812.77,0.0
15573452.0,Manning,663.0,Germany,M,42.0,7.0,115930.87,1.0,1.0,0.0,19862.78,0.0
15776733.0,Wilson,,Germany,F,37.0,7.0,nan,2.0,,,158610.89,0.0
15724858.0,Begum,,France,F,54.0,9.0,0.0,1.0,1.0,0.0,191212.63,1.0
,Ingrassia,588.0,,M,46.0,8.0,0.0,1.0,1.0,,61931.21,0.0
15690188.0,,631.0,France,M,33.0,7.0,0.0,1.0,1.0,1.0,58043.02,1.0
15689425.0,Olejuru,,Spain,M,35.0,8.0,100988.39,2.0,1.0,0.0,22247.27,0.0
15671766.0,Enyinnaya,599.0,France,M,44.0,10.0,118577.24,1.0,1.0,1.0,,0.0
15782806.0,Watson,718.0,Spain,M,150,6.0,0.0,2.0,1.0,0.0,146875.86,0.0
15764419.0,Langdon,730.0,,M,27.0,5.0,0.0,2.0,1.0,,116081.93,0.0
15591915.0,Frolov,533.0,France,F,39.0,,0.0,1.0,0.0,1.0,73669.94,1.0
15772798.0,Chikezie,711.0,Spain,F,28.0,5.0,0.0,2.0,1.0,,93959.96,0.0
15792008.0,Zetticci,555.0,Spain,,nan,9.0,0.0,2.0,0.0,1.0,158918.03,0.0
15715541.0,Yang,850.0,France,F,42.0,9.0,113311.11,1.0,1.0,1.0,,0.0
15639277.0,Lin,678.0,France,F,41.0,9.0,0.0,1.0,,,13160.03,0.0
15798850.0,Goddard,576.0,France,M,32.0,7.0,0.0,2.0,1.0,0.0,4660.91,
15776348.0,Rogers,835.0,Germany,M,20.0,4.0,124365.42,1.0,0.0,0.0,180197.74,1.0
15727696.0,Zubareva,592.0,France,M,42.0,1.0,147249.29,2.0,1.0,1.0,63023.02,0.0
15793813.0,,,France,,36.0,7.0,103688.19,1.0,0.0,1.0,118971.74,0.0
,Ts'ui,620.0,France,F,nan,1.0,138740.24,2.0,0.0,0.0,154700.61,
15764195.0,Newsom,519.0,Spain,M,39.0,4.0,111900.14,1.0,1.0,1.0,97577.17,0.0
15744919.0,Genovese,734.0,Spain,F,37.0,0.0,152760.24,1.0,,1.0,48990.5,0.0
15671655.0,Thorpe,763.0,Germany,M,31.0,7.0,143966.3,2.0,1.0,1.0,140262.96,1.0
15654901.0,Horton,733.0,France,M,51.0,10.0,141556.96,1.0,1.0,0.0,130189.53,0.0
15649136.0,Williamson,650.0,France,F,nan,6.0,0.0,,1.0,1.0,16301.91,0.0
15775562.0,Shoobridge,538.0,France,F,33.0,5.0,0.0,2.0,1.0,0.0,,
15807481.0,Peng,577.0,France,F,46.0,1.0,0.0,,1.0,1.0,158750.53,0.0
15642885.0,,792.0,France,M,30.0,8.0,0.0,2.0,1.0,0.0,199644.2,0.0
15789109.0,Watson,,France,F,41.0,10.0,0.0,1.0,1.0,1.0,144272.71,1.0
,Fyodorova,589.0,France,M,29.0,2.0,0.0,2.0,0.0,1.0,98320.27,
15673619.0,,530.0,France,,25.0,9.0,162560.32,1.0,1.0,0.0,64129.03,0.0
15595135.0,Solomon,778.0,Germany,F,29.0,7.0,123229.46,1.0,1.0,0.0,181221.09,0.0
15583681.0,Layh,616.0,Spain,,31.0,7.0,76665.71,2.0,1.0,1.0,163809.08,0.0
15605000.0,John,550.0,France,M,38.0,9.0,140278.99,3.0,1.0,1.0,,1.0
15718071.0,Tuan,655.0,France,F,51.0,3.0,nan,2.0,0.0,1.0,,0.0
15679760.0,Slattery,721.0,France,M,nan,1.0,115764.32,2.0,0.0,0.0,102950.79,0.0
15654574.0,Onyekachi,499.0,Germany,M,36.0,5.0,131142.53,2.0,1.0,0.0,174918.46,
15577178.0,Genovese,511.0,,M,45.0,5.0,68375.27,1.0,1.0,0.0,193160.25,
15595324.0,Daniels,579.0,Germany,,39.0,,117833.3,3.0,0.0,0.0,,1.0
15756932.0,Caldwell,,Spain,F,nan,7.0,0.0,2.0,1.0,1.0,82298.59,0.0
15726358.0,Chiemenam,681.0,France,M,34.0,7.0,0.0,2.0,0.0,0.0,130686.59,0.0
15595228.0,Wanliss,815.0,France,M,45.0,7.0,0.0,1.0,0.0,,52885.23,1.0
15782530.0,Bruce,681.0,Spain,M,30.0,2.0,111093.01,1.0,,0.0,68985.99,
15592877.0,,641.0,Spain,M,42.0,9.0,132657.55,1.0,1.0,0.0,35367.19,
15651983.0,Fang,591.0,,F,56.0,9.0,nan,1.0,1.0,1.0,196241.94,1.0
15746737.0,Eames,,,M,nan,9.0,69129.59,1.0,1.0,1.0,170705.53,0.0
,Sutherland,487.0,France,M,37.0,6.0,0.0,2.0,1.0,1.0,126477.41,0.0
15667265.0,Cavenagh,729.0,France,M,39.0,,121404.64,,1.0,1.0,,0.0
15655123.0,Dumetolisa,505.0,Spain,,45.0,9.0,131355.3,3.0,1.0,0.0,195395.33,1.0
15595917.0,Mackay,580.0,France,,35.0,1.0,102097.33,1.0,0.0,1.0,168285.85,
,Dellucci,642.0,,M,40.0,1.0,154863.15,1.0,,1.0,138052.51,
15709476.0,Kenyon,850.0,Spain,F,41.0,,99945.93,2.0,1.0,0.0,71179.31,0.0
15711218.0,,616.0,Germany,M,39.0,2.0,121704.32,2.0,1.0,0.0,55556.3,0.0
15798659.0,Kennedy,526.0,,F,43.0,3.0,0.0,2.0,1.0,0.0,31705.19,0.0
15663939.0,,523.0,,,35.0,8.0,138782.76,1.0,1.0,1.0,186118.93,0.0
15694946.0,Hanson,663.0,France,M,35.0,9.0,nan,2.0,1.0,1.0,195580.28,
15631912.0,T'ao,840.0,,M,nan,8.0,136291.71,1.0,,0.0,54113.38,0.0
15768816.0,Shen,570.0,,M,42.0,0.0,107856.57,2.0,1.0,0.0,127528.84,0.0
15682268.0,Steere,676.0,Germany,F,26.0,1.0,108348.66,1.0,0.0,0.0,60231.74,1.0
15684801.0,Abbott,689.0,France,M,47.0,1.0,93871.95,3.0,1.0,0.0,156878.42,1.0
15636428.0,Sutherland,703.0,Spain,F,45.0,1.0,0.0,1.0,,,182784.11,1.0
15809823.0,Thurgood,491.0,,M,19.0,2.0,125860.2,1.0,,0.0,129690.5,0.0
15699284.0,Johnson,584.0,France,M,49.0,8.0,172713.44,1.0,1.0,0.0,113860.81,0.0
15786993.0,Lung,810.0,France,,nan,5.0,0.0,2.0,0.0,1.0,184524.74,0.0
15709441.0,Cocci,,Spain,,59.0,8.0,nan,1.0,1.0,1.0,36124.98,0.0
,Matveyeva,625.0,France,F,39.0,3.0,130786.92,1.0,0.0,1.0,121316.07,0.0
15582492.0,Moore,535.0,France,F,29.0,2.0,nan,1.0,1.0,,185630.76,0.0
15575694.0,Yobachukwu,729.0,Spain,F,45.0,7.0,91091.06,,1.0,0.0,71133.12,0.0
15756820.0,Fleming,655.0,France,F,26.0,7.0,106198.5,1.0,,1.0,,0.0
15766289.0,Dickinson,751.0,,M,nan,5.0,142669.93,2.0,,0.0,162760.96,0.0
15593014.0,Evseyev,525.0,France,M,33.0,1.0,112833.35,1.0,0.0,1.0,175178.56,0.0
15584545.0,Aksenov,532.0,France,F,150,5.0,0.0,2.0,0.0,1.0,177099.71,0.0
15675949.0,Fleming,,Spain,F,43.0,4.0,0.0,2.0,1.0,1.0,66406.37,0.0
15672091.0,Ulyanov,786.0,,F,nan,2.0,104336.43,2.0,0.0,0.0,59559.81,0.0
15801658.0,Summers,580.0,France,M,55.0,6.0,nan,1.0,0.0,1.0,175750.21,0.0
15706185.0,,,Germany,M,47.0,5.0,140187.1,2.0,1.0,1.0,174311.3,0.0
15789863.0,Kazakova,683.0,France,M,39.0,4.0,0.0,2.0,1.0,,171716.81,0.0
15720943.0,Pirozzi,,France,F,45.0,1.0,114959.12,1.0,1.0,0.0,189362.39,1.0
15697997.0,Jamieson,602.0,France,M,33.0,5.0,nan,1.0,0.0,1.0,180716.1,1.0
15665416.0,Ferri,779.0,France,M,62.0,10.0,119096.55,1.0,0.0,1.0,116977.89,0.0
15660200.0,Mai,,France,M,31.0,1.0,0.0,2.0,1.0,1.0,185105.44,0.0
15619653.0,Hannaford,666.0,France,M,47.0,2.0,0.0,1.0,1.0,0.0,35046.97,1.0
15773447.0,Fomin,526.0,Spain,,30.0,8.0,0.0,,1.0,,36251.0,
15739160.0,Mahon,849.0,France,,41.0,9.0,115465.28,1.0,1.0,0.0,103174.5,0.0
15689237.0,Shaw,471.0,France,F,27.0,4.0,0.0,2.0,1.0,0.0,122642.09,0.0
15679297.0,Volkova,628.0,Spain,M,43.0,3.0,184926.61,,,0.0,122937.57,
15591433.0,Miles,674.0,,,43.0,8.0,nan,,1.0,,8757.39,0.0
,Madison,797.0,,M,32.0,10.0,114084.6,1.0,0.0,1.0,125782.29,0.0
15701962.0,Scott,590.0,Spain,F,nan,2.0,nan,2.0,1.0,,122487.73,0.0
15811613.0,Voss,588.0,France,F,150,8.0,0.0,1.0,1.0,0.0,20066.38,0.0
15741049.0,Colebatch,577.0,France,,29.0,7.0,0.0,2.0,,1.0,55473.15,0.0
15724423.0,Wilson,,France,F,38.0,6.0,107193.82,2.0,0.0,0.0,38962.94,0.0
15574305.0,T'ang,680.0,France,M,36.0,3.0,116275.12,1.0,,1.0,63795.8,0.0
15678168.0,Gibson,,Spain,F,27.0,7.0,-99999,,1.0,1.0,163060.43,0.0
,Hs?eh,618.0,France,M,39.0,2.0,91068.56,1.0,1.0,0.0,26578.69,0.0
15610801.0,Pan,648.0,Germany,M,41.0,5.0,123049.21,1.0,0.0,1.0,5066.76,0.0
15745232.0,Chikelu,759.0,France,F,150,6.0,nan,2.0,,1.0,140497.67,0.0
15722758.0,Allan,585.0,France,,40.0,7.0,nan,2.0,0.0,0.0,146156.98,0.0
15792102.0,Yefremova,774.0,,F,42.0,3.0,137781.65,1.0,0.0,0.0,199316.19,0.0
,Chuang,697.0,Germany,,48.0,2.0,108128.96,2.0,1.0,1.0,103944.37,0.0
15801247.0,Fan,605.0,,M,39.0,10.0,105317.73,,1.0,0.0,138021.36,0.0
15725660.0,Dellucci,676.0,France,M,20.0,1.0,nan,1.0,0.0,0.0,68621.98,0.0
15638963.0,Garran,678.0,France,F,22.0,4.0,174852.89,1.0,1.0,1.0,28149.06,0.0
15800061.0,Moretti,495.0,Spain,F,45.0,3.0,89158.94,3.0,1.0,0.0,135169.76,1.0
15578006.0,Yao,787.0,France,F,85.0,,0.0,2.0,1.0,1.0,116537.96,0.0
15668504.0,Lucchesi,770.0,France,M,36.0,2.0,-99999,1.0,1.0,1.0,105922.69,0.0
15687491.0,Nkemdilim,817.0,Germany,M,45.0,9.0,101207.75,1.0,0.0,0.0,88211.12,1.0
15610403.0,Anderson,659.0,,M,43.0,1.0,106086.42,,1.0,0.0,26900.63,0.0
15741094.0,,693.0,France,M,21.0,,0.0,2.0,1.0,1.0,3494.02,0.0
15807909.0,Rubensohn,744.0,France,M,nan,9.0,0.0,2.0,1.0,0.0,113163.17,0.0
15666141.0,Baldwin,829.0,Spain,F,26.0,8.0,101440.36,2.0,1.0,,19324.5,0.0
15617134.0,Iqbal,716.0,France,M,nan,4.0,0.0,2.0,1.0,,189678.7,0.0
15783029.0,Monaldo,671.0,France,M,34.0,7.0,106603.74,2.0,1.0,1.0,26387.71,0.0
15622833.0,,835.0,Germany,F,nan,10.0,nan,2.0,0.0,0.0,106276.55,0.0
15746422.0,Muir,636.0,France,,38.0,1.0,0.0,1.0,1.0,0.0,45015.38,0.0
15750839.0,Burns,649.0,Spain,M,29.0,2.0,45022.23,1.0,1.0,1.0,173495.77,0.0
15749130.0,Dyer,621.0,Germany,M,27.0,,74298.43,,1.0,1.0,52581.96,0.0
15779862.0,Lyons,658.0,Germany,F,nan,3.0,nan,1.0,,1.0,146339.27,1.0
15767871.0,,784.0,Spain,,48.0,7.0,0.0,,1.0,1.0,182609.97,0.0
15679651.0,Gardiner,783.0,Spain,F,nan,1.0,136689.66,1.0,1.0,,197890.65,0.0
15576219.0,Cameron,615.0,,M,32.0,4.0,0.0,2.0,,,6225.63,0.0
15699247.0,Chapman,791.0,France,F,44.0,,-99999,2.0,1.0,1.0,123977.86,1.0
15619087.0,Taylor,762.0,,M,53.0,1.0,102520.37,,1.0,1.0,170195.4,0.0
15605327.0,Namatjira,607.0,France,M,35.0,2.0,0.0,2.0,1.0,1.0,114190.3,0.0
15610140.0,He,601.0,France,F,34.0,5.0,0.0,2.0,1.0,0.0,27022.57,0.0
15791174.0,,540.0,Spain,M,67.0,1.0,88382.01,1.0,0.0,1.0,59457.0,0.0
15602373.0,White,812.0,France,M,44.0,4.0,115049.15,2.0,,0.0,165038.41,0.0
15762605.0,Wall,,France,M,58.0,1.0,104796.54,1.0,1.0,1.0,154181.41,0.0
15598840.0,Moretti,680.0,France,M,33.0,,123082.08,1.0,1.0,,134960.98,0.0
15744279.0,Patterson,680.0,,F,58.0,8.0,0.0,2.0,1.0,1.0,65708.5,0.0
15670619.0,Coppin,,France,F,nan,8.0,0.0,2.0,0.0,0.0,117374.22,0.0
,Tsao,569.0,France,F,nan,7.0,0.0,2.0,1.0,1.0,77703.19,
15757837.0,Kao,584.0,Germany,M,33.0,3.0,88311.48,2.0,1.0,1.0,177651.38,
15697574.0,Stewart,582.0,France,F,40.0,9.0,0.0,3.0,1.0,1.0,60954.45,0.0
15578738.0,,609.0,,M,32.0,7.0,71872.19,1.0,,1.0,151924.9,0.0
15762228.0,Barnes,506.0,,M,35.0,6.0,110046.93,2.0,1.0,0.0,26318.73,0.0
15614827.0,Sun,503.0,France,M,42.0,8.0,104430.08,1.0,1.0,1.0,147557.71,0.0
15789815.0,Fallaci,503.0,France,F,28.0,5.0,0.0,,1.0,,125918.17,0.0
15579781.0,Buccho,806.0,Germany,M,31.0,10.0,138653.51,1.0,1.0,0.0,190803.37,0.0
15587013.0,,653.0,France,F,31.0,7.0,102575.04,1.0,1.0,1.0,11043.54,0.0
15570932.0,Pirozzi,666.0,France,M,43.0,7.0,-99999,2.0,1.0,1.0,119100.05,1.0
15794661.0,Liu,674.0,Spain,M,32.0,2.0,-99999,2.0,1.0,0.0,140579.17,0.0
15581654.0,Long,798.0,France,M,32.0,7.0,0.0,2.0,0.0,1.0,37731.95,0.0
15644296.0,Scott,740.0,France,F,30.0,8.0,105209.54,1.0,1.0,0.0,1852.58,0.0
15614420.0,Gerasimova,531.0,Germany,,32.0,0.0,109570.21,2.0,1.0,1.0,172049.84,0.0
15609653.0,Ifeatu,614.0,Germany,F,44.0,6.0,118715.86,1.0,1.0,0.0,133591.11,
15594577.0,De Luca,556.0,France,M,35.0,10.0,0.0,2.0,1.0,,192751.18,0.0
15584114.0,,678.0,Germany,F,43.0,2.0,153393.18,2.0,1.0,1.0,193828.27,
15673367.0,Humffray,587.0,Germany,M,33.0,6.0,132603.36,1.0,1.0,0.0,55775.72,0.0
15685576.0,,527.0,,F,36.0,6.0,nan,2.0,,1.0,,0.0
15774727.0,Monaldo,,Germany,F,34.0,1.0,129398.01,2.0,0.0,0.0,,0.0
15694288.0,Cawthorne,468.0,Spain,,28.0,3.0,0.0,,1.0,0.0,170661.02,
,Graham,,France,M,29.0,2.0,151352.74,1.0,,0.0,197145.89,0.0
15759066.0,Carpenter,483.0,France,,44.0,5.0,136836.49,1.0,1.0,0.0,192359.9,1.0
15814816.0,Kambinachi,466.0,France,M,nan,4.0,91592.06,1.0,1.0,0.0,,1.0
15724402.0,Tyler,,France,F,nan,8.0,0.0,2.0,1.0,,100557.03,
15571059.0,Martin,734.0,France,F,54.0,3.0,0.0,1.0,1.0,0.0,130805.54,1.0
15674206.0,Walker,,,F,22.0,8.0,0.0,2.0,,1.0,92606.98,0.0
,Khan,439.0,France,M,36.0,,165536.28,2.0,1.0,1.0,123956.83,0.0
15730448.0,Iroawuchi,538.0,Germany,M,25.0,5.0,62482.95,1.0,1.0,1.0,102758.43,0.0
15662067.0,Summers,743.0,France,M,40.0,8.0,68155.59,,1.0,0.0,94876.65,0.0
15779581.0,Bottrill,734.0,Spain,F,nan,3.0,55853.33,2.0,0.0,1.0,,
15662901.0,,656.0,,M,37.0,,-99999,2.0,0.0,1.0,67840.81,0.0
15689751.0,Jones,666.0,France,F,31.0,2.0,79589.43,1.0,0.0,0.0,4050.57,0.0
15667742.0,Vincent,627.0,Spain,M,41.0,5.0,100880.76,1.0,,1.0,,0.0
,Sanford,480.0,Germany,F,25.0,3.0,174330.35,2.0,0.0,0.0,181647.13,0.0
15680243.0,Brown,792.0,France,,19.0,7.0,-99999,1.0,1.0,,33282.84,0.0
15745083.0,Lei,613.0,Germany,M,59.0,8.0,91415.76,1.0,0.0,0.0,27965.0,1.0
15708228.0,Toscani,476.0,Germany,M,30.0,3.0,134366.42,1.0,1.0,0.0,68343.53,0.0
15628523.0,Chien,539.0,France,F,nan,3.0,0.0,2.0,,,198161.07,0.0
15708196.0,Uchenna,696.0,Spain,M,nan,8.0,88786.81,1.0,1.0,1.0,196858.4,0.0
15735549.0,Lori,810.0,Germany,M,nan,3.0,96814.46,2.0,1.0,1.0,120511.03,
15809347.0,Fanucci,763.0,Germany,M,32.0,9.0,-99999,1.0,1.0,,30886.35,0.0
15660866.0,Chimaobim,640.0,France,F,29.0,3.0,0.0,2.0,1.0,0.0,2743.69,0.0
15766609.0,Jowers,655.0,France,F,47.0,10.0,nan,2.0,1.0,0.0,167778.62,0.0
15654230.0,Miller,526.0,Germany,M,31.0,5.0,145537.21,1.0,1.0,0.0,132404.64,
15794566.0,Kirsova,678.0,France,F,28.0,4.0,0.0,2.0,1.0,1.0,144423.17,1.0
15800890.0,T'ien,554.0,,,45.0,,-99999,2.0,1.0,1.0,181204.5,0.0
,Ku,597.0,,F,30.0,2.0,-99999,1.0,1.0,,182726.22,1.0
15724536.0,Chin,560.0,Spain,F,150,1.0,0.0,2.0,1.0,1.0,120880.72,0.0
15735878.0,Law,850.0,Germany,F,150,10.0,nan,,0.0,0.0,26812.89,1.0
15707596.0,Chung,546.0,Germany,F,74.0,8.0,114888.74,2.0,1.0,1.0,66732.63,1.0
15657163.0,Cockrum,,Germany,M,42.0,,-99999,2.0,1.0,,100834.22,
15622478.0,Greaves,698.0,France,F,40.0,7.0,105061.74,,1.0,0.0,107815.31,1.0
15779529.0,Grant,620.0,France,M,32.0,7.0,0.0,2.0,1.0,1.0,34665.79,0.0
15636023.0,O'Donnell,619.0,France,F,40.0,10.0,0.0,1.0,1.0,1.0,147093.84,1.0
15582066.0,Maclean,561.0,,M,21.0,4.0,0.0,1.0,1.0,1.0,36942.35,0.0
15666675.0,Hsieh,753.0,France,F,39.0,7.0,155062.8,1.0,,1.0,16460.77,0.0
15732987.0,Hs?,721.0,,M,43.0,3.0,88798.34,1.0,0.0,0.0,45610.63,0.0
15789432.0,Mazzanti,451.0,France,M,33.0,6.0,0.0,2.0,1.0,,184954.11,0.0
15663161.0,Chiu,680.0,Germany,F,51.0,5.0,143139.87,1.0,0.0,0.0,47795.43,
15694879.0,Reeves,590.0,Spain,F,nan,7.0,0.0,2.0,1.0,0.0,196789.9,0.0
15593715.0,,634.0,,,27.0,3.0,107027.52,1.0,1.0,0.0,173425.68,0.0
15575002.0,Ferguson,676.0,France,,29.0,,140720.93,1.0,1.0,0.0,36221.18,0.0
15622171.0,Nnamdi,642.0,France,M,30.0,8.0,80964.57,2.0,1.0,,174738.2,0.0
15795224.0,Wu,760.0,France,,39.0,6.0,nan,1.0,1.0,0.0,,1.0
15685346.0,Chu,,Spain,F,26.0,4.0,135889.13,1.0,1.0,,,0.0
15691808.0,King,656.0,France,M,43.0,7.0,134919.85,1.0,1.0,0.0,194691.95,0.0
15721007.0,Charlton,776.0,,,33.0,8.0,115130.34,1.0,0.0,0.0,129525.5,1.0
15794253.0,Marsh,832.0,Spain,F,34.0,6.0,138190.13,2.0,0.0,1.0,146511.2,0.0
15694453.0,Walker,631.0,Germany,M,37.0,9.0,131519.49,2.0,1.0,1.0,51752.18,0.0
15813113.0,,795.0,Spain,F,56.0,5.0,-99999,,1.0,0.0,35418.69,1.0
15614187.0,Pottinger,648.0,Germany,F,39.0,3.0,126935.98,2.0,0.0,1.0,57995.74,0.0
15619407.0,Buckley,615.0,France,M,39.0,4.0,-99999,1.0,1.0,1.0,108152.75,0.0
15646227.0,,682.0,France,F,27.0,1.0,97893.2,1.0,1.0,0.0,166144.98,0.0
15660541.0,Olisanugo,,France,M,34.0,5.0,127900.03,1.0,1.0,0.0,101737.8,0.0
15753874.0,Kent,694.0,France,M,37.0,,143835.47,1.0,0.0,1.0,33326.71,0.0
15617877.0,Jessop,607.0,France,M,44.0,0.0,0.0,2.0,,1.0,81140.09,0.0
15772073.0,Hodge,664.0,France,M,nan,10.0,0.0,1.0,1.0,0.0,140173.17,1.0
15701537.0,Ignatiev,756.0,France,M,60.0,2.0,0.0,1.0,1.0,1.0,166513.49,1.0
15736228.0,Chambers,645.0,France,F,40.0,3.0,129596.77,1.0,1.0,1.0,103232.6,0.0
15780572.0,Mansom,653.0,Spain,M,30.0,4.0,0.0,2.0,1.0,0.0,120736.04,0.0
,Yen,710.0,Germany,F,24.0,2.0,-99999,2.0,0.0,0.0,15832.43,1.0
15586996.0,Azikiwe,697.0,,F,76.0,7.0,0.0,,0.0,1.0,188772.45,0.0
15722061.0,Allen,619.0,Germany,F,41.0,8.0,142015.76,2.0,1.0,0.0,114323.66,
15638003.0,Komarova,648.0,Spain,M,55.0,,81370.07,1.0,0.0,1.0,181534.04,0.0
15775590.0,Mackay,482.0,Germany,F,48.0,2.0,nan,1.0,0.0,0.0,102640.52,1.0
15730688.0,Yu,548.0,France,,28.0,8.0,116755.5,2.0,1.0,1.0,158585.17,1.0
15753102.0,Curtis,752.0,Spain,M,44.0,6.0,83870.33,1.0,1.0,0.0,178722.24,
15810075.0,Fang,648.0,France,F,39.0,6.0,130694.89,2.0,1.0,1.0,153955.38,1.0
15723373.0,,643.0,Spain,F,34.0,8.0,117451.47,1.0,1.0,0.0,65374.86,0.0
15795298.0,Olisaemeka,573.0,Germany,F,35.0,,206868.78,,0.0,1.0,102986.15,0.0
15584320.0,Brennan,,France,F,39.0,3.0,111695.62,1.0,0.0,0.0,136643.84,0.0
15724161.0,Sutton,644.0,France,F,40.0,9.0,137285.26,4.0,1.0,0.0,77063.63,1.0
,Hyde,702.0,France,F,29.0,6.0,149218.39,,1.0,,9633.01,0.0
,,,France,M,51.0,7.0,0.0,2.0,0.0,1.0,43496.36,
15794493.0,,641.0,Spain,,150,7.0,0.0,2.0,1.0,,,0.0
15569641.0,Sung,692.0,Germany,F,41.0,8.0,130701.29,1.0,1.0,0.0,59354.24,1.0
15815236.0,Chiganu,574.0,,M,34.0,5.0,0.0,2.0,0.0,0.0,28269.86,0.0
,Beneventi,643.0,France,F,31.0,3.0,167949.48,,1.0,0.0,143162.34,
15680587.0,Esposito,834.0,France,M,150,4.0,131254.81,1.0,1.0,,20199.3,0.0
15672821.0,Owen,591.0,France,M,28.0,,nan,2.0,1.0,1.0,48606.92,0.0
15767681.0,Smalley,470.0,Spain,M,34.0,9.0,-99999,2.0,0.0,1.0,89013.67,
15600379.0,Hsiung,608.0,Spain,M,34.0,7.0,86656.13,1.0,0.0,,59890.29,0.0
15801336.0,Ch'ang,649.0,Germany,F,37.0,8.0,114737.26,1.0,1.0,1.0,106655.88,1.0
15721592.0,Barton,665.0,France,F,38.0,5.0,0.0,2.0,1.0,0.0,156439.56,0.0
15581282.0,Lucchese,651.0,France,F,39.0,6.0,0.0,1.0,,0.0,24176.44,
,Hsia,555.0,Germany,M,62.0,4.0,119817.33,1.0,,1.0,43507.1,1.0
15583137.0,Pope,637.0,,F,48.0,,130806.99,2.0,1.0,1.0,132005.85,1.0
15680752.0,Horrocks,675.0,France,F,49.0,0.0,nan,1.0,1.0,,80496.71,1.0
15688172.0,Tai,677.0,Spain,M,150,,0.0,2.0,1.0,0.0,88947.56,0.0
15791373.0,Chikezie,,Germany,F,35.0,2.0,80931.75,,0.0,0.0,12639.67,1.0
15589449.0,Frye,815.0,France,F,56.0,3.0,0.0,3.0,1.0,1.0,94248.16,1.0
15692819.0,Toscani,665.0,Germany,M,32.0,1.0,132178.67,1.0,0.0,0.0,11865.76,
15727467.0,,485.0,,F,27.0,3.0,0.0,2.0,1.0,0.0,,0.0
15734312.0,Kang,577.0,Spain,,43.0,6.0,0.0,2.0,1.0,1.0,149457.81,0.0
15764604.0,Sutherland,586.0,France,,35.0,7.0,164769.02,3.0,,0.0,119814.25,1.0
15613014.0,,,Germany,M,29.0,1.0,107233.85,2.0,1.0,0.0,24924.92,0.0
,Ting,528.0,France,F,27.0,7.0,176227.07,2.0,0.0,1.0,139481.53,0.0
15609669.0,Chuang,542.0,France,F,150,4.0,109949.39,2.0,,1.0,41268.65,0.0
15685536.0,Chu,552.0,,F,34.0,5.0,0.0,2.0,1.0,1.0,1351.41,0.0
15750447.0,Ozoemena,678.0,France,,60.0,10.0,117738.81,1.0,1.0,0.0,147489.76,
15663249.0,Howells,,Spain,F,37.0,9.0,133292.45,1.0,1.0,,111175.09,0.0
15638646.0,Lucchese,669.0,France,F,43.0,1.0,160474.59,1.0,1.0,1.0,95963.14,0.0
15734161.0,Nnonso,636.0,France,M,43.0,6.0,-99999,2.0,1.0,0.0,43128.95,0.0
15631070.0,Gerasimova,,Germany,M,55.0,9.0,154393.43,1.0,1.0,1.0,137674.96,1.0
15761950.0,Woronoff,,Germany,F,45.0,9.0,110827.49,1.0,1.0,1.0,153383.54,1.0
15649668.0,Wilhelm,637.0,Germany,F,36.0,10.0,145750.45,2.0,1.0,1.0,96660.76,
,,516.0,Spain,F,nan,8.0,109044.3,,0.0,1.0,115818.16,0.0
15586757.0,Anenechukwu,801.0,France,F,nan,,75170.54,1.0,1.0,1.0,37898.5,0.0
15596522.0,Meredith,692.0,France,F,42.0,2.0,0.0,2.0,1.0,0.0,145222.93,
15625395.0,Chinomso,585.0,France,F,28.0,6.0,105795.9,1.0,,1.0,41219.09,0.0
15760570.0,Stephenson,590.0,France,M,32.0,5.0,-99999,,1.0,,59249.83,0.0
15566689.0,Chimaoke,554.0,Spain,M,66.0,8.0,0.0,2.0,1.0,1.0,116747.62,0.0
15725794.0,Winters,659.0,France,F,49.0,1.0,nan,1.0,1.0,0.0,116249.72,1.0
15673539.0,Napolitani,690.0,France,F,26.0,,nan,1.0,1.0,0.0,61257.83,0.0
,L?,697.0,Germany,M,29.0,0.0,172693.54,1.0,0.0,0.0,141798.98,0.0
15675791.0,Williams,610.0,France,M,36.0,4.0,129440.3,2.0,1.0,0.0,,0.0
15747043.0,Giles,599.0,Spain,,36.0,4.0,0.0,2.0,0.0,0.0,13210.56,0.0
15736397.0,Wang,544.0,France,M,23.0,1.0,96471.2,1.0,1.0,0.0,35550.97,0.0
15678201.0,,548.0,France,F,46.0,1.0,-99999,1.0,1.0,1.0,104469.06,1.0
15720745.0,Murray,635.0,Spain,M,24.0,4.0,nan,1.0,1.0,1.0,142935.83,0.0
15637593.0,Greco,722.0,France,M,20.0,6.0,0.0,2.0,1.0,0.0,195486.28,0.0
15598070.0,Marchesi,,France,F,33.0,4.0,nan,1.0,1.0,0.0,63170.0,0.0
15787550.0,Chao,719.0,France,,nan,,0.0,2.0,1.0,1.0,58320.06,0.0
15603942.0,Hawthorn,547.0,Germany,M,50.0,3.0,81290.02,3.0,0.0,1.0,177747.03,1.0
15733973.0,Bibi,850.0,France,F,42.0,8.0,0.0,1.0,1.0,0.0,,1.0
15596761.0,Hawdon,515.0,Germany,M,150,9.0,nan,1.0,1.0,0.0,18424.24,1.0
15652400.0,Moss,667.0,Spain,M,56.0,2.0,168883.08,1.0,,1.0,18897.78,
15717893.0,Briggs,607.0,,M,36.0,8.0,143421.74,1.0,1.0,0.0,97879.02,0.0
15622585.0,McIntyre,525.0,France,M,26.0,7.0,153644.39,,1.0,1.0,63197.88,0.0
15733964.0,Russo,606.0,Spain,F,53.0,1.0,-99999,1.0,1.0,1.0,75860.01,0.0
15753861.0,,686.0,Germany,F,27.0,1.0,-99999,2.0,0.0,0.0,78622.46,0.0
15747097.0,Hs?,611.0,France,M,35.0,10.0,0.0,,,1.0,23598.23,1.0
15594762.0,,,Spain,M,150,1.0,183276.32,1.0,1.0,1.0,13460.27,0.0
15667417.0,Tao,572.0,France,M,150,,68193.72,1.0,1.0,0.0,19998.31,0.0
15684861.0,Thomson,726.0,France,F,32.0,8.0,0.0,2.0,0.0,0.0,,0.0
,,579.0,Germany,M,31.0,6.0,139729.54,1.0,0.0,,135815.38,0.0
15623502.0,Morrison,598.0,Spain,F,56.0,4.0,nan,1.0,1.0,1.0,44251.33,0.0
15774872.0,Joslin,663.0,France,M,36.0,10.0,0.0,2.0,1.0,0.0,136349.55,0.0
15611191.0,Scott,,,F,37.0,10.0,122453.97,2.0,1.0,1.0,52693.99,0.0
15674331.0,Bidwill,576.0,Germany,M,30.0,7.0,132174.41,2.0,0.0,0.0,93767.03,0.0
15619465.0,Cameron,,Spain,F,24.0,2.0,0.0,2.0,,1.0,197866.55,0.0
15575247.0,Cartwright,,France,M,30.0,1.0,0.0,2.0,1.0,0.0,126812.85,0.0
15695679.0,Yao,776.0,Spain,M,39.0,2.0,104349.45,1.0,0.0,0.0,79503.05,0.0
15713463.0,Tate,645.0,Germany,F,41.0,2.0,138881.04,1.0,1.0,0.0,129936.53,1.0
15785170.0,,850.0,Germany,F,32.0,0.0,116968.91,1.0,0.0,0.0,175094.62,0.0
15796351.0,Yao,603.0,Germany,M,35.0,1.0,105346.03,2.0,1.0,1.0,130379.5,0.0
15639576.0,Burns,691.0,France,M,26.0,9.0,136623.19,1.0,1.0,0.0,153228.0,0.0
15693264.0,Onyinyechukwuka,583.0,France,F,29.0,10.0,0.0,2.0,1.0,1.0,111285.85,0.0
15589715.0,,584.0,France,F,nan,,0.0,1.0,,0.0,49553.38,1.0
15769902.0,Christie,,France,F,33.0,6.0,0.0,,1.0,1.0,98015.85,
15587177.0,Lloyd,646.0,France,M,36.0,6.0,124445.52,1.0,1.0,0.0,88481.32,0.0
15814553.0,Ball,559.0,France,F,34.0,5.0,68999.66,2.0,1.0,1.0,66879.27,0.0
15601550.0,,595.0,Spain,M,36.0,6.0,85768.42,1.0,1.0,1.0,24802.77,0.0
15664907.0,Alexander,527.0,France,M,47.0,1.0,0.0,1.0,1.0,0.0,21312.16,1.0
15612465.0,,684.0,Spain,M,34.0,9.0,-99999,2.0,,1.0,190263.78,0.0
15810800.0,Ositadimma,,Spain,F,32.0,0.0,0.0,1.0,1.0,1.0,72873.33,0.0
,Kazantsev,802.0,Spain,M,150,7.0,0.0,,0.0,1.0,57764.65,0.0
15588080.0,Giles,675.0,France,M,54.0,6.0,0.0,1.0,1.0,0.0,110273.84,
15776844.0,Hao,762.0,Spain,F,19.0,6.0,0.0,2.0,,0.0,55500.17,
15717560.0,Martin,580.0,,M,50.0,0.0,125647.36,1.0,1.0,0.0,57541.08,1.0
15629739.0,Hartley,621.0,Germany,F,31.0,8.0,100375.39,,1.0,1.0,90384.26,0.0
15729908.0,Allan,411.0,France,F,36.0,,0.0,1.0,,0.0,120694.35,0.0
15716781.0,Dolgorukova,815.0,France,M,nan,7.0,171922.72,1.0,0.0,1.0,178028.96,0.0
15646936.0,Nnamdi,631.0,Germany,F,32.0,2.0,146810.99,2.0,1.0,1.0,180990.29,0.0
15768151.0,Romano,514.0,Germany,F,45.0,3.0,109032.23,1.0,0.0,1.0,155407.21,1.0
15579212.0,Chuang,638.0,France,M,57.0,6.0,0.0,1.0,1.0,,33676.48,1.0
15721835.0,Owen,791.0,Spain,M,25.0,7.0,0.0,1.0,1.0,,89666.28,0.0
15800515.0,Singh,516.0,France,M,35.0,5.0,128653.59,,1.0,0.0,127558.26,0.0
15591279.0,Nwagugheuzo,734.0,France,M,37.0,3.0,80387.81,1.0,0.0,1.0,77272.62,0.0
15587419.0,Shipton,611.0,France,M,58.0,,0.0,2.0,0.0,1.0,107665.68,1.0
15750335.0,Paterson,850.0,Germany,M,43.0,0.0,108508.82,3.0,1.0,0.0,184044.8,1.0
15699619.0,Rivas,641.0,France,,31.0,10.0,155978.17,1.0,1.0,0.0,91510.71,0.0
15606472.0,,585.0,France,F,38.0,5.0,0.0,1.0,1.0,1.0,87363.56,0.0
,Allan,552.0,Germany,M,50.0,4.0,nan,1.0,1.0,0.0,117505.07,1.0
15671387.0,Fetherstonhaugh,507.0,,F,29.0,4.0,89349.47,2.0,0.0,0.0,180626.68,0.0
15573926.0,Lung,735.0,Spain,M,38.0,7.0,86131.71,2.0,0.0,0.0,93478.96,0.0
15709183.0,Davidson,707.0,France,F,58.0,3.0,nan,1.0,1.0,1.0,114672.64,0.0
15577514.0,Mai,698.0,Germany,F,nan,7.0,121263.62,1.0,1.0,1.0,13387.88,0.0
15778830.0,Dellucci,841.0,France,M,31.0,,0.0,2.0,1.0,0.0,173240.52,0.0
,Mitchell,688.0,Spain,F,33.0,2.0,0.0,1.0,,0.0,27557.18,1.0
15768293.0,Sun,,France,M,51.0,3.0,0.0,2.0,,1.0,5552.37,0.0
15654456.0,Napolitano,511.0,Germany,M,48.0,6.0,149726.08,1.0,0.0,0.0,88307.87,1.0
15807525.0,Bailey,,France,M,43.0,2.0,0.0,2.0,1.0,0.0,33879.26,1.0
15574372.0,Hoolan,738.0,France,M,35.0,5.0,nan,2.0,1.0,0.0,181429.87,0.0
15671249.0,Kent,422.0,,F,33.0,2.0,0.0,2.0,1.0,0.0,102655.31,0.0
15779744.0,Chou,537.0,Spain,M,30.0,1.0,103138.17,1.0,1.0,,96555.42,0.0
15624755.0,Pepper,707.0,Germany,F,40.0,,109628.44,1.0,1.0,0.0,189366.03,0.0
15611430.0,Abramowitz,690.0,France,M,54.0,5.0,nan,1.0,1.0,0.0,12847.61,1.0
15774744.0,Lord,664.0,Germany,M,33.0,7.0,97286.16,2.0,1.0,0.0,143433.33,0.0
15629885.0,Wilson,850.0,France,F,33.0,7.0,118004.26,1.0,1.0,0.0,183983.82,0.0
15708791.0,Abazu,584.0,Spain,M,32.0,9.0,-99999,1.0,,0.0,169137.24,0.0
15793890.0,Harriman,728.0,France,F,59.0,4.0,nan,1.0,1.0,1.0,,1.0
,Frankland,560.0,Spain,F,43.0,4.0,95140.44,2.0,1.0,0.0,123181.44,1.0
15596984.0,Pinto,629.0,France,F,nan,6.0,-99999,1.0,1.0,1.0,16447.6,
15800215.0,,658.0,France,,25.0,3.0,0.0,2.0,0.0,1.0,173948.4,0.0
15577806.0,,794.0,Germany,F,54.0,1.0,75900.84,1.0,1.0,,192154.66,0.0
,Yu,790.0,,F,41.0,2.0,126619.27,1.0,1.0,0.0,198224.38,0.0
15683758.0,Onyekachukwu,640.0,France,M,150,7.0,111833.47,1.0,1.0,0.0,67202.74,0.0
,Castiglione,652.0,Spain,M,37.0,7.0,0.0,2.0,1.0,0.0,68789.93,0.0
15715622.0,To Rot,583.0,,F,57.0,3.0,238387.56,1.0,0.0,1.0,147964.99,1.0
15707634.0,Anenechukwu,775.0,France,F,32.0,2.0,108698.96,2.0,1.0,1.0,161069.73,0.0
15806901.0,Henderson,584.0,France,F,39.0,,112687.69,1.0,1.0,1.0,,0.0
15775335.0,Ellis,635.0,Germany,F,48.0,4.0,81556.89,2.0,1.0,0.0,191914.37,0.0
15724150.0,Nkemdirim,814.0,France,M,48.0,9.0,136596.85,1.0,1.0,1.0,,0.0
15627220.0,Kang,735.0,Germany,F,43.0,9.0,98807.45,1.0,,0.0,184570.04,1.0
,Lear,678.0,France,F,31.0,1.0,0.0,2.0,0.0,1.0,130446.65,0.0
15668521.0,Jamieson,693.0,,M,37.0,1.0,0.0,2.0,1.0,1.0,82867.55,0.0
15807837.0,Mazzanti,640.0,France,F,nan,6.0,107499.7,1.0,,1.0,187632.22,0.0
15592570.0,Marino,773.0,Spain,F,23.0,8.0,nan,2.0,,0.0,56759.79,0.0
15748589.0,Winter,736.0,France,F,150,9.0,nan,2.0,1.0,0.0,34180.33,
15635893.0,T'ien,693.0,France,F,28.0,8.0,0.0,2.0,1.0,,158545.25,0.0
15757632.0,Hughes-Jones,496.0,,F,41.0,1.0,176024.05,2.0,1.0,0.0,182337.98,0.0
,Cody,751.0,France,F,39.0,3.0,nan,2.0,1.0,1.0,84175.34,0.0
15706071.0,Hunt,528.0,Germany,,39.0,0.0,127631.62,1.0,0.0,1.0,22197.8,1.0
15654296.0,Estrada,754.0,Spain,F,19.0,9.0,0.0,1.0,1.0,0.0,,0.0
15755018.0,Dickinson,568.0,Germany,F,26.0,10.0,109819.16,2.0,,0.0,154491.39,0.0
15594041.0,Fanucci,592.0,Spain,F,41.0,2.0,138734.94,1.0,1.0,0.0,90020.74,0.0
15670587.0,Yang,558.0,Germany,M,25.0,10.0,111363.1,2.0,1.0,0.0,197264.35,0.0
15724527.0,Forbes,825.0,France,,34.0,9.0,0.0,,,1.0,,0.0
15801904.0,Heard,677.0,Germany,M,28.0,0.0,143988.0,2.0,1.0,0.0,8755.69,1.0
15658195.0,Efremova,653.0,France,M,34.0,5.0,118838.75,1.0,1.0,1.0,52820.13,0.0
15630113.0,,593.0,Spain,M,35.0,4.0,nan,1.0,1.0,1.0,20008.46,0.0
15784320.0,Lenhardt,632.0,France,F,44.0,,-99999,1.0,1.0,1.0,34607.14,1.0
15676513.0,Burns,601.0,Germany,M,35.0,8.0,71553.83,,1.0,0.0,177384.45,0.0
15574072.0,Ch'ien,786.0,France,,62.0,8.0,0.0,1.0,1.0,1.0,165702.64,0.0
15633854.0,Sun,654.0,France,F,40.0,3.0,0.0,2.0,1.0,0.0,167889.1,0.0
15618566.0,Jamieson,572.0,France,F,38.0,7.0,0.0,2.0,1.0,1.0,133122.62,0.0
,Nolan,813.0,France,F,62.0,10.0,64667.95,2.0,0.0,1.0,140454.14,0.0
15753343.0,Barry,,France,F,28.0,2.0,nan,1.0,1.0,1.0,59938.81,0.0
15746076.0,Saunders,506.0,Spain,M,50.0,3.0,0.0,2.0,1.0,0.0,12016.79,0.0
15608226.0,McMorran,513.0,Spain,M,72.0,3.0,98903.06,1.0,1.0,1.0,81251.24,0.0
15605684.0,Phelan,664.0,France,F,31.0,7.0,104158.84,1.0,1.0,0.0,134169.85,0.0
15638988.0,Fu,684.0,France,M,54.0,6.0,0.0,2.0,,1.0,94888.6,0.0
15628767.0,Hotchin,608.0,Spain,F,63.0,3.0,139529.93,2.0,1.0,1.0,175696.16,1.0
15737977.0,Aksyonov,527.0,France,F,nan,6.0,0.0,2.0,,1.0,96758.58,0.0
15758116.0,Rossi,666.0,France,M,53.0,5.0,64646.7,1.0,1.0,0.0,128019.48,1.0
15575119.0,Hughes,779.0,France,M,71.0,3.0,0.0,2.0,1.0,1.0,146895.36,
15625126.0,,629.0,,F,40.0,6.0,0.0,2.0,1.0,1.0,139356.3,0.0
15567114.0,McGarry,430.0,France,M,35.0,1.0,118894.22,1.0,,0.0,2923.61,
15672242.0,Aksenov,712.0,France,M,24.0,,0.0,1.0,0.0,1.0,121232.51,0.0
15681327.0,Akhtar,682.0,,M,30.0,9.0,0.0,2.0,1.0,1.0,2053.42,0.0
15802585.0,Pisani,,France,F,41.0,8.0,68213.99,1.0,1.0,1.0,,0.0
,Pisano,487.0,Spain,F,31.0,1.0,0.0,2.0,1.0,0.0,158750.13,0.0
15815420.0,McDaniels,808.0,,M,47.0,8.0,139196.0,1.0,0.0,1.0,74028.36,0.0
15711468.0,Tennant,,France,F,150,7.0,0.0,2.0,1.0,1.0,44099.75,0.0
15799626.0,Donaghy,637.0,,,50.0,4.0,126345.55,1.0,,1.0,17323.0,1.0
15659325.0,Todd,802.0,Spain,,40.0,5.0,0.0,2.0,,1.0,175043.69,0.0
15651352.0,Tobenna,529.0,France,F,38.0,2.0,0.0,,1.0,0.0,146388.85,1.0
15684925.0,Vicars,850.0,France,F,43.0,3.0,0.0,2.0,0.0,0.0,2465.8,0.0
15657439.0,Chao,738.0,France,M,18.0,4.0,0.0,2.0,1.0,1.0,47799.15,
15574122.0,Tien,817.0,France,M,34.0,5.0,129278.43,1.0,0.0,0.0,165562.84,0.0
15720508.0,Hsing,735.0,France,M,31.0,3.0,119558.35,1.0,0.0,0.0,72927.68,0.0
,Yang,619.0,Germany,F,41.0,5.0,92467.58,1.0,,0.0,,0.0
15702300.0,Walker,671.0,France,M,27.0,5.0,0.0,2.0,,0.0,120893.07,0.0
15660735.0,T'ang,581.0,Spain,F,31.0,,0.0,2.0,1.0,0.0,188377.21,0.0
15671390.0,Chukwukere,690.0,,M,36.0,10.0,0.0,2.0,1.0,0.0,55902.93,0.0
15647385.0,Ch'iu,579.0,Spain,M,56.0,4.0,nan,1.0,0.0,0.0,4523.74,1.0
15739223.0,Pai,688.0,Spain,F,24.0,3.0,0.0,2.0,1.0,1.0,102195.16,0.0
15631305.0,Franklin,599.0,Spain,F,28.0,4.0,126833.79,2.0,,0.0,60843.09,1.0
15809263.0,,729.0,Germany,M,29.0,5.0,109676.52,1.0,1.0,1.0,25548.47,0.0
15640866.0,Peng,718.0,France,,29.0,3.0,0.0,1.0,0.0,1.0,134462.29,0.0
15775663.0,Otitodilichukwu,712.0,Germany,M,53.0,6.0,134729.99,2.0,,1.0,132702.64,0.0
,Pagnotto,474.0,France,M,37.0,3.0,98431.37,1.0,0.0,0.0,75698.44,0.0
,Vessels,565.0,Germany,,33.0,8.0,130368.31,2.0,1.0,0.0,105642.43,0.0
15648320.0,Heller,658.0,France,F,31.0,7.0,123974.96,1.0,1.0,0.0,102153.75,0.0
15726747.0,Donaldson,714.0,France,M,63.0,4.0,138082.16,1.0,0.0,1.0,166677.54,0.0
15694510.0,Ifeanyichukwu,725.0,France,M,45.0,1.0,129855.32,1.0,0.0,0.0,24218.65,0.0
15572291.0,Kao,825.0,France,M,40.0,6.0,132308.22,1.0,0.0,0.0,117122.5,0.0
15603465.0,Dunn,665.0,Germany,F,45.0,5.0,155447.65,2.0,1.0,0.0,51871.95,1.0
15685628.0,,670.0,Spain,M,35.0,2.0,124268.64,,0.0,1.0,84321.03,0.0
,Holland,474.0,,F,34.0,9.0,176311.36,1.0,1.0,0.0,160213.27,0.0
15767414.0,,591.0,France,M,40.0,2.0,99886.42,2.0,,1.0,88695.19,0.0
15568044.0,Butusov,508.0,France,F,31.0,7.0,nan,2.0,1.0,1.0,6123.15,0.0
,Atkinson,,France,,150,2.0,0.0,2.0,0.0,1.0,167749.54,0.0
15623062.0,Vasilyeva,660.0,Germany,M,150,5.0,85089.3,1.0,1.0,1.0,71638.0,0.0
15713621.0,Mollison,687.0,,M,41.0,10.0,134318.21,,1.0,1.0,198064.52,0.0
15670668.0,Webb,658.0,Germany,M,29.0,5.0,75395.53,2.0,0.0,1.0,54914.92,0.0
15750638.0,Obiajulu,705.0,Germany,F,33.0,,116765.7,1.0,,0.0,190659.17,1.0
15747878.0,Aiken,739.0,Spain,M,60.0,4.0,0.0,1.0,,,51637.67,0.0
,Brabyn,844.0,France,M,38.0,7.0,nan,,1.0,,119333.38,0.0
15754952.0,,602.0,Germany,F,48.0,7.0,nan,2.0,0.0,0.0,127095.14,0.0
15652192.0,Traeger,759.0,France,F,33.0,9.0,-99999,2.0,0.0,0.0,93541.14,0.0
15681924.0,Ekwueme,747.0,Germany,M,38.0,2.0,129728.6,1.0,1.0,0.0,89289.54,0.0
,Thompson,673.0,France,M,47.0,1.0,0.0,2.0,,0.0,108762.16,0.0
15764431.0,Chinwenma,,Spain,F,34.0,5.0,130929.02,4.0,1.0,1.0,28238.25,1.0
15684010.0,,640.0,Germany,F,74.0,2.0,116800.25,1.0,1.0,1.0,34130.43,0.0
15648881.0,Tsai,581.0,Germany,M,40.0,0.0,101016.53,1.0,0.0,1.0,7926.35,1.0
15733303.0,Liu,630.0,,M,67.0,5.0,0.0,2.0,,1.0,27330.27,0.0
15643294.0,Robinson,703.0,France,F,33.0,8.0,190566.65,1.0,1.0,1.0,79997.14,0.0
,Carr,698.0,Spain,F,47.0,6.0,0.0,1.0,1.0,0.0,50213.81,1.0
15625175.0,Palerma,742.0,Germany,F,150,6.0,97067.69,1.0,0.0,1.0,60920.03,
15643967.0,Chineze,652.0,France,F,nan,4.0,92208.54,1.0,0.0,1.0,197699.8,1.0
15578251.0,Fang,644.0,France,M,37.0,2.0,186347.97,2.0,1.0,0.0,92809.73,0.0
15772573.0,Simpson,735.0,Spain,M,55.0,2.0,103176.62,1.0,0.0,1.0,163516.16,0.0
15733234.0,Moretti,,France,F,nan,4.0,0.0,1.0,1.0,1.0,62449.07,1.0
,Hale,644.0,Germany,F,40.0,4.0,77270.08,2.0,1.0,1.0,115800.1,
15628219.0,Benson,665.0,Germany,F,37.0,3.0,nan,1.0,1.0,1.0,110359.68,1.0
15571302.0,Estep,529.0,Germany,M,72.0,5.0,94216.05,1.0,1.0,1.0,78695.68,0.0
15637178.0,Mishina,803.0,Spain,F,45.0,7.0,0.0,2.0,1.0,,128378.04,
15601184.0,Abramovich,,Spain,F,26.0,,0.0,2.0,1.0,0.0,155248.62,0.0
15629511.0,Lavrentiev,738.0,France,M,49.0,6.0,106770.82,,1.0,0.0,123499.27,0.0
15570629.0,Alexeyeva,655.0,Germany,F,72.0,,138089.97,2.0,,1.0,,0.0
15665766.0,T'ang,698.0,Germany,M,39.0,,133191.19,2.0,0.0,1.0,53289.49,
15693732.0,Kilgour,775.0,France,F,66.0,,0.0,2.0,1.0,1.0,,
15765982.0,,735.0,France,M,41.0,,74135.85,1.0,,1.0,11783.1,
,Fiorentini,766.0,,M,41.0,6.0,99208.46,2.0,1.0,0.0,62402.38,0.0
15798024.0,Lori,537.0,Germany,M,84.0,,92242.34,1.0,1.0,1.0,186235.98,0.0
15588622.0,Marchesi,599.0,Germany,M,25.0,7.0,108380.72,1.0,1.0,1.0,79005.95,0.0
15724863.0,Sheppard,420.0,Spain,F,55.0,4.0,91893.32,1.0,1.0,,144870.28,1.0
15618213.0,,674.0,France,F,32.0,7.0,85757.93,1.0,1.0,1.0,95481.0,0.0
15780411.0,Norris,570.0,France,F,46.0,,0.0,2.0,0.0,0.0,820.46,0.0
15725429.0,Vincent,623.0,Germany,M,33.0,8.0,96759.42,1.0,1.0,,174777.98,0.0
15600626.0,,710.0,France,M,150,6.0,0.0,2.0,1.0,1.0,8991.17,0.0
15668460.0,Bellucci,466.0,France,M,29.0,6.0,0.0,2.0,,1.0,2797.27,
15576263.0,Clements,,,F,22.0,5.0,0.0,1.0,1.0,0.0,22303.17,
15720354.0,Knowles,581.0,,M,71.0,4.0,0.0,2.0,1.0,1.0,197562.08,0.0
15691624.0,Chidiebere,,France,M,33.0,2.0,132150.26,2.0,,0.0,23067.97,0.0
,Kelly,759.0,France,,41.0,9.0,0.0,2.0,0.0,1.0,190294.12,0.0
15633352.0,Okwukwe,,,F,nan,6.0,175443.75,1.0,1.0,0.0,113167.17,1.0
15750874.0,Onyemere,676.0,France,M,31.0,,78990.15,1.0,1.0,1.0,124777.14,0.0
15588923.0,Murphy,591.0,,F,33.0,4.0,113743.37,1.0,1.0,0.0,124625.08,0.0
15715745.0,Elliott,690.0,France,F,26.0,5.0,157624.84,1.0,1.0,1.0,49599.27,0.0
15611800.0,,,France,F,62.0,7.0,125163.62,,1.0,1.0,151411.5,0.0
,Walsh,573.0,,F,23.0,2.0,0.0,1.0,1.0,0.0,122964.18,0.0
15793693.0,Mahomed,694.0,France,M,60.0,9.0,0.0,,1.0,1.0,57088.97,
15581252.0,Dolgorukova,632.0,Spain,F,nan,7.0,80922.75,1.0,1.0,0.0,7820.78,0.0
15797760.0,Bogdanov,632.0,France,M,40.0,3.0,193354.86,2.0,1.0,0.0,149188.41,0.0
15790564.0,She,832.0,Germany,F,40.0,9.0,107648.94,2.0,1.0,1.0,134638.97,0.0
15593736.0,Cook,598.0,,F,46.0,7.0,131769.04,1.0,0.0,0.0,184980.23,
15595937.0,Bruno,430.0,Germany,M,36.0,1.0,138992.48,2.0,0.0,0.0,122373.42,0.0
15815628.0,Moysey,711.0,France,F,37.0,8.0,113899.92,1.0,0.0,0.0,80215.2,0.0
,Beneventi,582.0,Germany,M,26.0,6.0,-99999,1.0,1.0,1.0,14081.64,0.0
15627412.0,Ferri,605.0,France,M,39.0,3.0,0.0,2.0,1.0,0.0,199390.45,0.0
15734609.0,Skinner,657.0,France,F,37.0,2.0,0.0,2.0,,1.0,7667.48,0.0
15710689.0,Angel,578.0,Spain,M,40.0,6.0,63609.92,1.0,0.0,0.0,74965.61,1.0
15565806.0,Toosey,532.0,France,M,38.0,9.0,0.0,,0.0,0.0,30583.95,0.0
15815530.0,Chin,612.0,France,F,42.0,,75497.51,1.0,0.0,0.0,149682.78,0.0
,Lung,792.0,France,F,42.0,2.0,0.0,2.0,1.0,0.0,92664.09,0.0
15684103.0,Mellor,674.0,France,F,nan,10.0,nan,2.0,1.0,1.0,138423.1,0.0
15654519.0,Hassall,680.0,France,M,31.0,1.0,0.0,2.0,1.0,,3148.2,0.0
15767722.0,Richardson,593.0,France,F,39.0,0.0,117704.73,1.0,1.0,0.0,197933.5,0.0
15654346.0,Poninski,679.0,Germany,M,35.0,1.0,nan,2.0,1.0,1.0,37341.17,0.0
15660147.0,Dore,493.0,Spain,M,nan,8.0,46161.18,1.0,1.0,1.0,79577.4,0.0
15814998.0,Bonham,,Spain,M,42.0,5.0,0.0,2.0,,0.0,197602.29,0.0
15802207.0,Ibezimako,769.0,Germany,M,43.0,4.0,110182.54,2.0,1.0,1.0,87537.32,0.0
15658668.0,Hunter,581.0,Spain,M,49.0,10.0,-99999,2.0,0.0,0.0,41623.59,0.0
15715079.0,Bold,465.0,France,,41.0,9.0,117221.15,1.0,,0.0,168280.95,0.0
15570360.0,Wan,641.0,France,F,nan,,0.0,,0.0,0.0,125986.18,0.0
15674678.0,Bradley,731.0,Germany,F,43.0,9.0,79120.27,1.0,0.0,0.0,548.52,1.0
15780925.0,Tretyakova,625.0,France,M,37.0,1.0,nan,2.0,1.0,1.0,96088.54,0.0
15688193.0,,468.0,France,M,36.0,3.0,61636.97,1.0,0.0,0.0,107787.42,0.0
,Izmailov,790.0,France,M,26.0,5.0,0.0,1.0,1.0,0.0,20510.79,0.0
15696514.0,Calabrese,587.0,Germany,F,37.0,6.0,-99999,1.0,1.0,0.0,192026.02,0.0
,Valentin,692.0,France,M,66.0,4.0,159732.02,1.0,1.0,1.0,118188.15,
15719090.0,Osonduagwuike,676.0,Germany,F,150,4.0,89437.03,1.0,1.0,1.0,189540.95,0.0
15735632.0,Williamson,571.0,France,M,41.0,8.0,0.0,1.0,1.0,1.0,,0.0
15619436.0,Pan,700.0,France,F,32.0,3.0,0.0,,0.0,0.0,95740.37,0.0
15722404.0,Carpenter,445.0,France,F,30.0,3.0,0.0,,1.0,,127939.19,0.0
15662063.0,McIver,746.0,France,M,nan,7.0,142400.77,,,1.0,193438.69,0.0
15745605.0,Trevisan,722.0,France,F,47.0,2.0,88011.4,1.0,1.0,,90655.94,
15636658.0,Rozhkova,596.0,France,M,36.0,,0.0,2.0,1.0,1.0,12067.39,0.0
15784130.0,He,850.0,Germany,F,30.0,8.0,154870.28,,,1.0,54191.38,0.0
15606755.0,Moretti,597.0,Spain,F,46.0,4.0,-99999,2.0,1.0,,58667.16,1.0
15801699.0,Fishbourne,436.0,Spain,M,43.0,5.0,0.0,2.0,1.0,1.0,35687.43,0.0
15784097.0,Gibson,660.0,Germany,,nan,1.0,118402.25,,,0.0,14288.93,0.0
,Zikoranachidimma,649.0,France,M,37.0,9.0,87374.88,2.0,1.0,1.0,247.36,0.0
15612092.0,Palmer,646.0,Germany,,150,8.0,105397.8,1.0,1.0,0.0,78111.84,1.0
15610903.0,Chukwueloka,560.0,Spain,F,31.0,5.0,nan,1.0,1.0,0.0,79547.39,0.0
15705777.0,Real,710.0,Germany,M,49.0,10.0,129164.88,1.0,1.0,1.0,193266.72,0.0
15661936.0,Chikelu,513.0,France,M,40.0,3.0,141004.46,1.0,1.0,0.0,105028.46,0.0
15700864.0,Fiorentini,607.0,France,F,21.0,0.0,0.0,2.0,1.0,0.0,116106.52,0.0
15722965.0,Yefimova,757.0,France,M,57.0,3.0,89079.41,1.0,1.0,1.0,53179.21,1.0
15737521.0,Ball,619.0,Germany,M,40.0,9.0,103604.31,2.0,0.0,0.0,140947.05,0.0
,,612.0,France,M,24.0,1.0,182705.05,1.0,1.0,1.0,171837.06,0.0
15580988.0,Odell,842.0,France,M,29.0,8.0,0.0,,1.0,1.0,123437.05,0.0
15789974.0,Enemuo,713.0,France,M,150,6.0,nan,1.0,0.0,0.0,197519.66,1.0
15713370.0,Hunter,657.0,,M,36.0,8.0,188241.05,2.0,0.0,0.0,183058.51,
15748673.0,Nepean,770.0,France,F,37.0,9.0,0.0,2.0,0.0,0.0,22710.72,0.0
15754919.0,Nwebube,773.0,France,F,40.0,10.0,0.0,2.0,0.0,1.0,,0.0
,Enticknap,470.0,Germany,M,39.0,5.0,117469.91,2.0,0.0,0.0,63705.9,0.0
15813422.0,Lu,,Spain,M,35.0,4.0,80790.74,1.0,,0.0,116429.51,0.0
15713596.0,Ugochukwu,428.0,France,F,150,1.0,107735.93,1.0,0.0,,58381.77,0.0
15791216.0,Mann,600.0,Germany,M,43.0,8.0,133379.41,1.0,1.0,0.0,,1.0
15689031.0,Murphy,697.0,Spain,,37.0,7.0,168066.87,1.0,1.0,0.0,35450.53,0.0
15763704.0,Docherty,692.0,,F,43.0,2.0,69014.49,2.0,0.0,0.0,164621.43,0.0
15631339.0,Adams,,France,M,28.0,4.0,0.0,1.0,1.0,0.0,174435.48,0.0
15771509.0,Hirst,538.0,,F,42.0,1.0,98548.62,2.0,0.0,1.0,94047.75,0.0
15769586.0,Horan,820.0,France,F,nan,1.0,0.0,2.0,,1.0,119087.25,0.0
15656096.0,Cumbrae-Stewart,679.0,Spain,F,26.0,3.0,-99999,,1.0,1.0,184800.27,0.0
15585280.0,Kinney,,France,F,36.0,2.0,nan,2.0,0.0,1.0,75035.48,0.0
15743582.0,T'ang,632.0,France,F,27.0,3.0,107375.82,1.0,1.0,1.0,62703.38,0.0
15761692.0,Muir,,France,M,40.0,9.0,122417.17,2.0,0.0,1.0,,0.0
,Toscano,682.0,France,F,42.0,0.0,nan,1.0,0.0,1.0,91981.85,1.0
15778861.0,Wallace,720.0,Spain,M,33.0,6.0,nan,1.0,0.0,0.0,91881.29,
15770554.0,Fraser,769.0,France,M,31.0,4.0,61297.05,2.0,1.0,1.0,7118.02,0.0
15806956.0,Iqbal,746.0,Spain,M,30.0,1.0,112666.67,1.0,0.0,0.0,11710.4,1.0
15701908.0,Nina,623.0,Spain,F,40.0,7.0,0.0,1.0,1.0,1.0,25904.12,0.0
,Chuang,537.0,France,M,150,3.0,157842.07,1.0,1.0,0.0,86911.49,0.0
15743714.0,,,France,M,46.0,,91443.75,1.0,,0.0,10958.18,
15807993.0,Bruno,588.0,Germany,F,30.0,0.0,110148.49,1.0,1.0,0.0,5790.9,
15644686.0,,729.0,Spain,F,34.0,9.0,53299.96,2.0,,1.0,42855.97,0.0
15677377.0,Lawrence,543.0,Spain,M,37.0,3.0,0.0,2.0,1.0,,78915.68,0.0
15626412.0,Mort,499.0,,M,39.0,6.0,nan,2.0,1.0,1.0,81409.0,0.0
15643679.0,Goliwe,784.0,Germany,M,28.0,,70233.74,2.0,1.0,1.0,,0.0
15728456.0,Martinez,604.0,France,M,33.0,3.0,0.0,1.0,1.0,0.0,42171.13,1.0
15630661.0,Vasilyev,614.0,Spain,F,25.0,10.0,75212.28,1.0,1.0,0.0,,0.0
15734044.0,Black,671.0,France,F,31.0,7.0,-99999,,0.0,1.0,102681.32,0.0
15705001.0,Napolitani,587.0,Spain,F,35.0,3.0,83286.56,,1.0,0.0,,0.0
15809817.0,Ch'en,,Spain,M,43.0,,0.0,2.0,0.0,0.0,53478.02,0.0
15809137.0,Sagese,453.0,,M,nan,6.0,0.0,,0.0,,198376.02,1.0
,Fraser,570.0,Germany,M,35.0,6.0,-99999,1.0,1.0,0.0,105525.36,0.0
15626491.0,Hughes,655.0,France,F,nan,7.0,57327.04,1.0,0.0,1.0,47349.0,0.0
15765461.0,Giles,632.0,Spain,M,47.0,3.0,0.0,,1.0,0.0,178822.32,0.0
15568120.0,Lacross,681.0,,F,37.0,7.0,69609.85,1.0,1.0,1.0,72127.83,0.0
15787161.0,Pisani,591.0,Germany,M,150,4.0,-99999,1.0,1.0,,163504.33,0.0
15812324.0,King,779.0,France,M,27.0,1.0,0.0,2.0,1.0,1.0,190623.02,
,Maughan,456.0,France,F,150,1.0,165350.61,2.0,0.0,0.0,140758.07,1.0
15694253.0,Palerma,686.0,France,F,nan,7.0,152105.57,2.0,,1.0,132374.41,0.0
15759566.0,Tochukwu,617.0,France,,74.0,10.0,0.0,2.0,1.0,1.0,53949.98,
,Slate,850.0,France,F,32.0,5.0,106290.64,1.0,1.0,0.0,121982.73,0.0
15802060.0,Ch'ang,646.0,Germany,F,30.0,10.0,100548.67,2.0,,0.0,136983.77,0.0
15660505.0,Romani,735.0,Germany,M,46.0,2.0,106344.95,1.0,1.0,0.0,114371.33,1.0
15782630.0,Genovese,543.0,,M,35.0,5.0,137482.19,1.0,0.0,0.0,62389.35,0.0
15700710.0,Chiebuka,490.0,France,,150,3.0,116465.53,1.0,0.0,,24435.77,0.0
15742834.0,Liao,,France,M,45.0,1.0,0.0,1.0,1.0,1.0,10908.33,0.0
15806511.0,Berry,445.0,Spain,M,45.0,10.0,0.0,2.0,0.0,1.0,90977.48,0.0
15608166.0,,,France,M,36.0,9.0,-99999,1.0,1.0,1.0,81062.93,
15614230.0,T'an,426.0,France,F,34.0,3.0,0.0,2.0,1.0,1.0,61230.83,
15729958.0,Wilkinson,777.0,France,M,37.0,1.0,0.0,1.0,1.0,1.0,126837.72,0.0
15800814.0,Palerma,534.0,France,M,nan,2.0,81951.74,2.0,1.0,0.0,115668.53,0.0
15674727.0,Lazarev,777.0,France,F,42.0,5.0,147531.82,1.0,1.0,1.0,38819.45,0.0
15657779.0,Boylan,806.0,,M,18.0,3.0,0.0,2.0,1.0,1.0,86994.54,0.0
15801395.0,,,France,F,150,10.0,135120.72,1.0,0.0,0.0,195204.99,0.0
15757911.0,Trevisani,643.0,Spain,F,32.0,2.0,nan,,0.0,0.0,131301.74,0.0
15665340.0,Trevisano,584.0,Spain,F,37.0,8.0,0.0,2.0,0.0,1.0,100835.19,0.0
15787151.0,Liao,638.0,France,F,34.0,7.0,-99999,2.0,1.0,1.0,198969.78,0.0
15757821.0,Burgess,771.0,Spain,M,18.0,1.0,0.0,,0.0,0.0,,0.0
15600688.0,Liston,600.0,France,F,39.0,5.0,0.0,2.0,0.0,0.0,118272.07,0.0
15594878.0,Thompson,661.0,Spain,F,nan,5.0,-99999,1.0,1.0,0.0,69586.27,
15569248.0,Milanesi,554.0,France,F,43.0,10.0,0.0,2.0,1.0,0.0,149629.13,
,Mazure,627.0,Spain,M,49.0,4.0,111087.5,1.0,0.0,1.0,146680.25,0.0
15645045.0,Rudduck,659.0,France,F,38.0,9.0,0.0,2.0,1.0,1.0,132809.18,0.0
15766746.0,Darwin,835.0,France,M,35.0,6.0,127120.07,1.0,1.0,0.0,28707.69,0.0
15700383.0,Uvarova,763.0,France,F,35.0,,115651.6,2.0,1.0,1.0,,0.0
15632551.0,Buccho,625.0,,,nan,4.0,77743.01,2.0,1.0,0.0,75335.68,0.0
15795129.0,,799.0,France,F,30.0,9.0,0.0,2.0,1.0,0.0,136827.96,0.0
15650545.0,,849.0,France,M,69.0,7.0,71996.09,1.0,1.0,1.0,139065.94,0.0
15612769.0,Carr,692.0,France,M,28.0,5.0,61581.97,1.0,1.0,,70179.91,0.0
15710853.0,Ts'ui,,France,F,nan,5.0,0.0,2.0,1.0,0.0,,0.0
15623712.0,Coates,453.0,Spain,F,42.0,5.0,0.0,3.0,1.0,0.0,83008.49,1.0
15653251.0,Hickey,408.0,France,F,84.0,8.0,87873.39,1.0,0.0,0.0,188484.52,1.0
15755077.0,Norton,778.0,Germany,F,37.0,0.0,105617.73,2.0,,1.0,133699.82,1.0
15808557.0,Mancini,695.0,France,F,nan,,-99999,1.0,0.0,1.0,72172.13,1.0
15614687.0,Tien,677.0,Germany,F,44.0,4.0,148770.61,2.0,1.0,1.0,191057.76,0.0
15626882.0,Stobie,,Spain,M,37.0,5.0,94901.09,1.0,1.0,1.0,,0.0
15748034.0,Drakeford,,,,29.0,7.0,174851.9,1.0,1.0,1.0,79178.31,0.0
15632324.0,Pisani,602.0,France,M,59.0,7.0,0.0,2.0,1.0,1.0,162347.05,0.0
15761023.0,Murphy,554.0,Germany,F,43.0,2.0,120847.11,1.0,,0.0,,1.0
15761453.0,Kovalev,,France,M,42.0,6.0,0.0,1.0,1.0,0.0,88890.05,0.0
15646726.0,Crawford,672.0,France,M,43.0,5.0,-99999,1.0,0.0,0.0,63833.09,
15637169.0,Maclean,838.0,Spain,F,67.0,4.0,103267.8,1.0,,1.0,78310.04,0.0
15636024.0,Blackburn,692.0,Spain,,34.0,,109699.08,1.0,1.0,1.0,37898.91,0.0
15801218.0,Bermudez,675.0,France,M,nan,8.0,135133.39,1.0,0.0,1.0,179521.24,1.0
,Savage,731.0,Spain,M,33.0,1.0,nan,1.0,1.0,0.0,,0.0
15690130.0,,468.0,,F,nan,,137649.47,1.0,0.0,,,0.0
15653753.0,Chiemenam,542.0,Spain,M,nan,6.0,113567.94,1.0,1.0,0.0,89543.25,
15641359.0,Shao,662.0,Spain,,35.0,6.0,0.0,2.0,0.0,0.0,2423.9,1.0
15776827.0,Langdon,770.0,,M,37.0,5.0,141547.26,2.0,0.0,1.0,180326.83,0.0
15647725.0,Napolitano,675.0,France,F,61.0,5.0,62055.17,3.0,1.0,,166305.16,1.0
,Kung,647.0,Germany,M,nan,4.0,131156.76,1.0,1.0,0.0,29883.63,0.0
15580629.0,Blackwood,604.0,France,M,31.0,6.0,134837.58,1.0,1.0,,192029.19,
15730161.0,,833.0,France,F,39.0,3.0,0.0,2.0,1.0,0.0,1710.89,0.0
15626612.0,Yin,741.0,Spain,,40.0,4.0,104784.23,1.0,1.0,0.0,135163.76,1.0
15662865.0,Storey,658.0,Spain,M,36.0,1.0,0.0,2.0,0.0,1.0,84927.42,0.0
15629094.0,Fomin,528.0,France,F,36.0,1.0,156948.41,1.0,1.0,1.0,149912.28,1.0
15651823.0,Nkemjika,590.0,France,F,60.0,6.0,147751.75,1.0,,0.0,88206.04,1.0
15594827.0,Glasgow,675.0,France,M,34.0,1.0,124619.33,,0.0,,163667.56,0.0
15786392.0,,765.0,France,M,41.0,4.0,124182.21,1.0,0.0,0.0,100153.43,0.0
15727353.0,Ch'ang,650.0,France,F,64.0,7.0,142028.36,1.0,1.0,0.0,32275.09,1.0
15733777.0,Evans,817.0,France,M,44.0,8.0,0.0,1.0,0.0,0.0,65501.91,1.0
15614302.0,Crotty,699.0,Germany,F,31.0,,125837.86,,1.0,0.0,189392.66,0.0
15723263.0,Cocci,495.0,Germany,F,34.0,9.0,117160.32,1.0,1.0,1.0,116069.24,1.0
15687270.0,Iroawuchi,491.0,Spain,F,150,8.0,0.0,2.0,0.0,1.0,139861.53,0.0
15803121.0,,847.0,France,M,51.0,,97565.74,,0.0,0.0,144184.06,1.0
15598700.0,Hysell,676.0,Spain,F,150,5.0,0.0,2.0,0.0,1.0,157888.5,0.0
15741875.0,Williamson,746.0,Spain,F,25.0,3.0,-99999,,0.0,0.0,71911.3,0.0
,Ginikanwa,470.0,Spain,F,31.0,2.0,101675.22,2.0,1.0,0.0,45033.75,0.0
15672970.0,Chigolum,714.0,Spain,M,20.0,3.0,0.0,2.0,,1.0,150465.93,0.0
15761670.0,Morley,695.0,France,F,150,8.0,0.0,1.0,1.0,0.0,126381.6,
,Roberts,,France,M,46.0,2.0,174701.05,1.0,1.0,0.0,90189.72,1.0
15790336.0,Tokareva,664.0,Germany,M,36.0,6.0,71142.77,2.0,1.0,0.0,122433.09,0.0
15754267.0,Fleming,697.0,Germany,M,31.0,3.0,-99999,2.0,0.0,1.0,123825.83,0.0
15791988.0,Chinomso,670.0,France,M,68.0,4.0,0.0,,1.0,1.0,11426.7,0.0
15683375.0,Compton,541.0,France,,32.0,4.0,0.0,1.0,1.0,1.0,,0.0
15625151.0,Wan,,France,F,150,9.0,116037.76,1.0,0.0,1.0,,0.0
15635285.0,Taylor,647.0,,M,nan,8.0,0.0,2.0,1.0,1.0,91055.27,0.0
,Kambinachi,757.0,France,M,23.0,,-99999,2.0,1.0,0.0,93991.65,0.0
15711618.0,Chang,704.0,Germany,F,39.0,1.0,124640.51,1.0,1.0,0.0,116511.12,1.0
15670943.0,See,778.0,Germany,M,31.0,9.0,182275.23,2.0,1.0,0.0,,0.0
15634359.0,Dyer,639.0,Germany,F,41.0,5.0,98635.77,1.0,1.0,0.0,,0.0
15586629.0,Campbell,637.0,France,M,33.0,5.0,0.0,2.0,1.0,0.0,139947.17,0.0
15588461.0,Cremonesi,686.0,France,M,35.0,4.0,0.0,1.0,1.0,0.0,8816.37,0.0
15773221.0,Harris,577.0,Spain,,43.0,8.0,79757.21,1.0,,,135650.72,1.0
15664227.0,,506.0,Germany,M,28.0,8.0,nan,1.0,0.0,1.0,24577.34,0.0
15741745.0,,757.0,,M,nan,7.0,-99999,2.0,1.0,1.0,131249.46,0.0
15652626.0,Grave,,France,M,55.0,4.0,115285.85,1.0,,0.0,140126.17,0.0
15599410.0,Stanley,721.0,France,M,41.0,2.0,0.0,2.0,1.0,0.0,168219.75,0.0
15571958.0,,489.0,Spain,M,40.0,3.0,221532.8,1.0,1.0,0.0,171867.08,0.0
15785406.0,Watts,446.0,France,F,51.0,4.0,105056.13,,0.0,0.0,70613.52,0.0
15687884.0,Alekseyeva,677.0,France,M,37.0,3.0,88363.03,1.0,0.0,1.0,117946.3,0.0
15621685.0,Davies,769.0,France,M,29.0,2.0,123757.52,2.0,1.0,,84872.66,0.0
15628886.0,Matlock,677.0,Spain,M,nan,5.0,123959.97,1.0,1.0,1.0,60590.72,1.0
15699325.0,,555.0,Germany,F,62.0,10.0,114822.64,,0.0,1.0,,0.0
15578369.0,Chiedozie,652.0,Germany,F,37.0,9.0,145219.3,1.0,1.0,,159132.83,0.0
15654156.0,Marcelo,722.0,Germany,F,32.0,5.0,106807.64,1.0,1.0,1.0,76998.69,
15707199.0,Cooper,643.0,France,M,36.0,0.0,148159.71,1.0,0.0,,,0.0
15671630.0,McMillan,796.0,Germany,F,40.0,1.0,nan,1.0,1.0,0.0,177524.19,0.0
15632079.0,Hardy,720.0,Germany,,37.0,8.0,156282.79,1.0,1.0,0.0,45985.52,0.0
15767921.0,Madukwe,613.0,France,M,41.0,7.0,0.0,2.0,,0.0,,0.0
15573599.0,Adamson,506.0,France,F,57.0,6.0,0.0,2.0,0.0,1.0,,1.0
15747208.0,Watt,608.0,France,M,150,6.0,0.0,1.0,1.0,0.0,,1.0
15582762.0,Mazzanti,667.0,Spain,M,77.0,,0.0,1.0,1.0,1.0,34702.92,0.0
15772528.0,Mishin,750.0,France,F,47.0,7.0,121376.15,2.0,1.0,0.0,54473.6,1.0
15755798.0,Feng,610.0,France,M,33.0,4.0,111582.11,,0.0,0.0,113943.17,0.0
15788683.0,Kang,588.0,Germany,F,34.0,10.0,-99999,1.0,1.0,,153727.32,0.0
15616922.0,Kelly,479.0,France,F,26.0,1.0,0.0,2.0,1.0,1.0,19116.97,0.0
15771855.0,Yu,682.0,,M,37.0,5.0,0.0,2.0,0.0,,112554.68,0.0
15601873.0,Bull,677.0,France,F,36.0,7.0,0.0,1.0,1.0,0.0,,0.0
15657868.0,Serra,850.0,Germany,,40.0,6.0,94607.08,1.0,,0.0,36690.49,0.0
15711716.0,Ferguson,580.0,France,F,56.0,1.0,131368.3,1.0,1.0,0.0,106918.67,1.0
15734246.0,She,746.0,,F,21.0,8.0,166883.07,2.0,0.0,1.0,194563.65,0.0
15792151.0,Hamilton,635.0,,F,37.0,3.0,0.0,2.0,1.0,0.0,91086.73,
15770159.0,Nnanna,664.0,Germany,,25.0,6.0,172812.72,2.0,1.0,1.0,108008.65,0.0
15747649.0,Summerville,558.0,Germany,F,36.0,0.0,126606.63,2.0,1.0,1.0,172363.52,0.0
15639357.0,Allan,415.0,France,M,nan,,134950.19,3.0,0.0,,178587.36,1.0
15738907.0,Tobenna,798.0,France,F,60.0,6.0,96956.1,1.0,1.0,0.0,31907.44,1.0
15663446.0,Volkova,792.0,Germany,F,29.0,4.0,107601.79,1.0,1.0,0.0,18922.18,1.0
15750867.0,Nucci,489.0,Germany,,150,8.0,92060.06,1.0,1.0,0.0,147222.95,1.0
15715939.0,Wright,730.0,France,,33.0,,0.0,2.0,1.0,0.0,1474.79,0.0
15763806.0,Astorga,773.0,,M,41.0,4.0,0.0,2.0,,1.0,,
,Pokrovsky,711.0,,M,36.0,,nan,1.0,1.0,1.0,46884.1,0.0
15720338.0,Mazzanti,592.0,Spain,M,55.0,,85845.43,,1.0,,128918.42,0.0
15627162.0,Blesing,695.0,Germany,M,27.0,,125552.96,,,0.0,105291.26,0.0
15596710.0,Ku,640.0,,F,33.0,1.0,167298.42,,0.0,1.0,145381.65,0.0
,Pisani,470.0,Spain,M,31.0,4.0,55732.92,2.0,1.0,1.0,103792.53,0.0
15634968.0,Hsueh,789.0,Germany,F,37.0,6.0,110689.07,1.0,1.0,,71121.04,1.0
,Ricci,604.0,Spain,F,39.0,7.0,98544.11,1.0,1.0,1.0,52327.57,0.0
15573319.0,Azubuike,493.0,Germany,F,35.0,8.0,178317.6,1.0,0.0,,197428.64,0.0
,Nevzorova,671.0,France,F,48.0,8.0,115713.84,2.0,0.0,0.0,83210.84,0.0
15782456.0,Odili,656.0,France,M,46.0,9.0,143267.14,2.0,0.0,0.0,193099.43,0.0
15794841.0,Kung,739.0,,M,19.0,5.0,89750.21,1.0,1.0,0.0,,
15684696.0,Lei,560.0,,F,26.0,3.0,116576.45,1.0,1.0,0.0,157567.37,0.0
,Sheehan,827.0,Germany,F,47.0,8.0,143001.5,2.0,1.0,0.0,108977.5,0.0
15674442.0,Kung,681.0,France,M,23.0,7.0,157761.56,1.0,0.0,0.0,147759.84,
15571689.0,Kelechi,740.0,France,F,37.0,5.0,0.0,2.0,,1.0,27528.4,0.0
15730469.0,Anenechi,663.0,Spain,M,31.0,4.0,103430.11,2.0,0.0,1.0,36479.27,
15809320.0,McElhone,845.0,Spain,,52.0,0.0,0.0,1.0,,0.0,31726.76,1.0
15684367.0,Chigbogu,,,M,27.0,5.0,-99999,2.0,0.0,0.0,96398.51,0.0
15793049.0,Atkins,680.0,Germany,F,48.0,8.0,115115.38,,,0.0,139558.6,1.0
,Colombo,638.0,Germany,F,nan,,-99999,2.0,1.0,1.0,95007.8,0.0
15613623.0,Tilley,640.0,Spain,,62.0,3.0,0.0,,1.0,1.0,,0.0
15569572.0,Sopuluchi,778.0,France,M,42.0,6.0,0.0,,1.0,1.0,106197.44,0.0
15698791.0,Udinesi,679.0,France,M,45.0,3.0,146758.24,1.0,1.0,0.0,48466.89,0.0
15626233.0,Onyekachi,593.0,France,F,32.0,3.0,0.0,2.0,1.0,1.0,151978.36,0.0
15607263.0,McCartney,788.0,France,,55.0,3.0,nan,,0.0,1.0,13288.46,
15610900.0,Thompson,770.0,France,F,150,9.0,110738.89,1.0,,0.0,22666.77,1.0
15624775.0,,729.0,France,M,67.0,2.0,94203.8,,0.0,,102391.06,
15691703.0,Shih,545.0,France,M,47.0,8.0,105792.49,1.0,0.0,1.0,67830.2,1.0
15745355.0,Golibe,597.0,France,,150,4.0,153198.23,,1.0,1.0,92090.36,0.0
15724955.0,Lucchesi,,France,,38.0,3.0,0.0,2.0,0.0,0.0,141023.01,0.0
15628999.0,Townsend,732.0,France,M,79.0,10.0,61811.23,1.0,1.0,1.0,104222.8,0.0
15654341.0,Chao,542.0,France,,34.0,8.0,101116.06,1.0,1.0,,196395.05,0.0
15744240.0,Shen,688.0,,F,46.0,0.0,-99999,,0.0,1.0,6866.31,0.0
15632365.0,Booth,542.0,Germany,M,nan,,142871.27,2.0,0.0,0.0,77737.86,0.0
15729689.0,Chan,754.0,Germany,M,nan,6.0,98585.94,2.0,0.0,1.0,106116.84,0.0
15759284.0,Yeh,750.0,,F,37.0,6.0,0.0,1.0,1.0,1.0,117948.0,1.0
,Badgery,731.0,France,M,30.0,7.0,0.0,2.0,1.0,1.0,184581.68,0.0
15661903.0,Hsia,699.0,France,F,43.0,3.0,80764.03,1.0,1.0,0.0,199378.58,1.0
15664668.0,Zarate,534.0,France,F,42.0,9.0,144801.97,1.0,0.0,1.0,12483.39,1.0
15736431.0,Congreve,,Spain,M,nan,,0.0,,1.0,0.0,,0.0
15748639.0,Hayslett,497.0,,M,150,,110053.62,2.0,1.0,1.0,,0.0
15628123.0,Robinson,632.0,France,F,28.0,5.0,118890.81,1.0,,1.0,145157.97,0.0
15602731.0,Wong,724.0,France,M,31.0,5.0,nan,1.0,1.0,,134889.95,1.0
15794137.0,,751.0,Germany,F,37.0,0.0,-99999,1.0,1.0,1.0,109309.29,0.0
15748696.0,Page,733.0,France,M,42.0,,150507.21,1.0,,1.0,169964.12,0.0
15725068.0,Quinn,701.0,Spain,F,21.0,9.0,-99999,2.0,1.0,1.0,26327.42,0.0
15807340.0,O'Donnell,525.0,Germany,M,33.0,4.0,131023.76,,0.0,0.0,55072.93,0.0
15586133.0,,666.0,Germany,F,44.0,,nan,1.0,0.0,0.0,68574.88,1.0
15576185.0,Sinclair,653.0,France,M,29.0,2.0,nan,2.0,1.0,1.0,41671.81,0.0
15660809.0,Loving,850.0,France,M,28.0,4.0,0.0,2.0,1.0,1.0,12409.01,0.0
15616666.0,Artemova,,Germany,F,52.0,6.0,111739.4,2.0,,1.0,68367.18,0.0
15706904.0,Robertson,750.0,France,M,43.0,,113882.31,1.0,1.0,1.0,74564.41,0.0
15606915.0,Genovese,,France,M,24.0,7.0,98148.61,1.0,1.0,0.0,26843.76,0.0
,Ugonnatubelum,658.0,France,,32.0,9.0,0.0,2.0,1.0,0.0,156774.75,0.0
15791743.0,Corbett,727.0,France,M,32.0,1.0,59271.82,1.0,1.0,1.0,46019.43,0.0
15796480.0,Reilly,687.0,France,F,31.0,2.0,0.0,2.0,0.0,1.0,145411.39,0.0
15790442.0,Wright,631.0,Spain,M,150,2.0,nan,2.0,1.0,1.0,158268.84,0.0
15609458.0,Vincent,797.0,France,M,30.0,10.0,69413.44,1.0,1.0,1.0,74637.57,0.0
15593897.0,Carr,650.0,Spain,M,25.0,7.0,160599.06,2.0,1.0,1.0,,0.0
15604576.0,Eiland,850.0,Spain,,22.0,3.0,0.0,1.0,1.0,1.0,,0.0
15666270.0,Omeokachie,676.0,France,F,40.0,2.0,147803.48,1.0,1.0,0.0,95181.06,1.0
15572626.0,Mackenzie,620.0,Spain,M,44.0,8.0,-99999,2.0,1.0,1.0,,0.0
,Pinto,576.0,,,52.0,9.0,nan,2.0,,0.0,148477.57,1.0
15714006.0,Gardener,482.0,France,F,nan,2.0,133111.73,1.0,0.0,1.0,79957.95,0.0
15642137.0,Fang,695.0,Spain,F,nan,,0.0,2.0,0.0,0.0,102763.69,0.0
,Cattaneo,,France,M,18.0,,176139.5,2.0,1.0,0.0,129654.22,0.0
15626806.0,Labrador,668.0,France,,32.0,2.0,0.0,2.0,1.0,1.0,40652.33,
15662578.0,Dettmann,,Germany,M,35.0,1.0,110245.13,1.0,1.0,1.0,,0.0
15790829.0,Gibson,703.0,France,F,45.0,5.0,0.0,2.0,,0.0,131906.44,
15654959.0,Hope,670.0,Spain,M,67.0,6.0,158719.57,1.0,,1.0,118607.4,0.0
15760244.0,Ives,590.0,France,F,nan,,nan,1.0,0.0,1.0,13848.58,0.0
15715394.0,Greece,613.0,Spain,M,35.0,4.0,123557.65,2.0,,1.0,,0.0
15722246.0,Omeokachie,742.0,,F,nan,4.0,nan,1.0,1.0,1.0,13161.66,1.0
,Mao,608.0,France,F,33.0,4.0,0.0,1.0,,0.0,79304.38,1.0
15757628.0,Savage,571.0,France,,40.0,10.0,112896.86,1.0,,1.0,121402.53,0.0
15633586.0,,595.0,France,F,39.0,7.0,120962.13,,0.0,0.0,23305.01,0.0
15565796.0,Docherty,745.0,Germany,M,48.0,10.0,nan,1.0,1.0,0.0,74510.65,0.0
15717935.0,McDonald,589.0,France,F,nan,3.0,0.0,2.0,0.0,1.0,55601.44,0.0
15577700.0,Rapuokwu,,France,M,37.0,10.0,185063.7,2.0,1.0,1.0,,0.0
,Bergamaschi,678.0,France,F,22.0,,118064.93,2.0,1.0,1.0,195424.01,0.0
15678317.0,Manfrin,603.0,France,M,46.0,,0.0,2.0,1.0,1.0,,0.0
15698335.0,,504.0,France,F,73.0,8.0,0.0,1.0,1.0,1.0,34595.58,0.0
15768451.0,,739.0,Germany,M,nan,5.0,149131.03,3.0,1.0,1.0,60036.99,1.0
15753213.0,Lees,604.0,France,F,34.0,7.0,0.0,2.0,1.0,0.0,193021.49,0.0
15769645.0,Senior,612.0,France,F,35.0,,0.0,1.0,1.0,1.0,48108.72,0.0
15657565.0,Nwokezuike,,Spain,F,nan,6.0,125512.98,2.0,0.0,0.0,79082.76,0.0
15620323.0,Ekwueme,652.0,Spain,F,42.0,3.0,83492.07,2.0,1.0,0.0,37914.12,0.0
15679983.0,Garmon,565.0,,M,34.0,7.0,0.0,1.0,0.0,0.0,74593.84,0.0
15812616.0,,707.0,France,F,49.0,10.0,0.0,1.0,,0.0,82967.97,1.0
15601796.0,Chizuoke,645.0,France,M,30.0,1.0,125739.26,1.0,1.0,1.0,193441.23,0.0
15729489.0,Hyde,,Germany,F,34.0,8.0,98592.88,1.0,0.0,1.0,191790.29,1.0
15613216.0,Cameron,639.0,Spain,F,39.0,1.0,141789.15,1.0,1.0,0.0,92455.96,0.0
15657937.0,Lord,709.0,,M,22.0,0.0,112949.71,1.0,0.0,0.0,,0.0
15815428.0,Biryukova,823.0,France,,34.0,3.0,105057.33,1.0,1.0,0.0,,
15640409.0,Carpenter,817.0,Germany,F,46.0,,nan,,0.0,,87941.85,1.0
,Lorenzo,665.0,Germany,F,nan,2.0,147435.96,1.0,0.0,0.0,187508.06,0.0
15623536.0,Madukwe,646.0,Germany,M,39.0,0.0,154439.86,1.0,1.0,,171519.06,0.0
,Hutcheon,,France,M,30.0,8.0,73054.37,2.0,,1.0,27012.0,0.0
15577999.0,Sleeman,850.0,France,F,62.0,,124678.35,1.0,1.0,0.0,70916.0,1.0
15788775.0,Milne,473.0,Germany,M,40.0,8.0,152576.25,2.0,1.0,,73073.68,0.0
15758362.0,Williamson,731.0,France,F,41.0,9.0,152243.57,1.0,1.0,1.0,88783.59,0.0
15807961.0,Bruno,619.0,France,,25.0,4.0,0.0,1.0,1.0,0.0,,0.0
15710978.0,,,Germany,M,42.0,2.0,88120.97,,1.0,1.0,21333.22,0.0
15703541.0,Wang,,Germany,F,150,9.0,143930.92,1.0,,1.0,46675.51,1.0
15626474.0,Onyemere,686.0,France,F,31.0,1.0,0.0,2.0,1.0,0.0,4802.25,0.0
15608344.0,Dawson,749.0,Germany,F,150,,137059.05,3.0,1.0,0.0,102975.72,1.0
15768367.0,Nebechukwu,,France,F,27.0,,186558.55,,1.0,1.0,175071.29,1.0
15806210.0,Bateman,675.0,Spain,M,66.0,5.0,115654.47,2.0,1.0,1.0,131970.86,0.0
,Lord,730.0,Spain,M,29.0,2.0,0.0,2.0,1.0,0.0,14174.09,0.0
15689152.0,Loggia,683.0,Spain,,nan,3.0,-99999,1.0,0.0,0.0,15378.75,0.0
15568573.0,Graham,554.0,Germany,F,51.0,7.0,nan,1.0,0.0,1.0,179797.79,1.0
15689598.0,Dean,722.0,France,M,46.0,6.0,0.0,1.0,1.0,1.0,93917.68,1.0
15713374.0,Jarvis,689.0,Germany,M,67.0,9.0,157094.78,1.0,1.0,1.0,99490.01,0.0
15679733.0,Haugh,796.0,Germany,M,40.0,2.0,113228.38,2.0,,1.0,46415.09,0.0
15759274.0,Micklem,447.0,France,F,32.0,10.0,0.0,,1.0,1.0,151815.76,0.0
15607748.0,Bennett,498.0,,M,37.0,8.0,108432.88,2.0,1.0,1.0,14865.05,0.0
15607577.0,,663.0,,M,27.0,8.0,nan,1.0,1.0,1.0,188007.99,0.0
15813697.0,Onyekaozulu,498.0,,F,44.0,2.0,120702.67,2.0,1.0,1.0,98175.74,0.0
15801125.0,Kegley,627.0,France,F,32.0,1.0,nan,,1.0,0.0,106851.7,0.0
15777855.0,,649.0,France,M,45.0,7.0,0.0,2.0,0.0,1.0,75204.21,0.0
15635396.0,Thompson,738.0,,F,29.0,9.0,139106.19,,1.0,0.0,141872.05,1.0
15698031.0,Romano,587.0,Germany,F,39.0,6.0,nan,2.0,1.0,0.0,,0.0
15678944.0,Brown,655.0,,F,32.0,6.0,130935.56,,1.0,0.0,,1.0
15718507.0,Su,647.0,Germany,M,37.0,,116509.99,1.0,1.0,,149517.71,1.0
15808334.0,Mackay,776.0,Germany,F,nan,,93124.04,2.0,,1.0,196079.32,0.0
15804709.0,Watt,688.0,Germany,M,35.0,5.0,111578.18,,0.0,0.0,166165.93,1.0
15645835.0,Milani,605.0,France,M,32.0,,0.0,2.0,1.0,1.0,55724.24,
15738166.0,Hsu,596.0,France,F,39.0,10.0,-99999,,0.0,1.0,131768.98,0.0
15675360.0,,427.0,France,M,33.0,8.0,-99999,1.0,1.0,1.0,13858.95,0.0
15793042.0,Sung,629.0,France,M,150,2.0,129669.32,2.0,1.0,0.0,82774.07,
15630106.0,,,Spain,M,29.0,2.0,0.0,2.0,1.0,0.0,55389.59,0.0
15810385.0,Giordano,717.0,Spain,F,nan,2.0,164557.95,1.0,0.0,1.0,,
15578211.0,Connolly,777.0,,M,23.0,6.0,0.0,2.0,,1.0,163225.48,0.0
,Bellucci,535.0,,M,35.0,8.0,118989.92,1.0,,1.0,135536.72,0.0
15620030.0,,744.0,France,M,29.0,1.0,0.0,1.0,0.0,,82422.97,0.0
15783541.0,Fomina,755.0,France,M,nan,5.0,0.0,2.0,0.0,1.0,194660.78,0.0
15679284.0,Aksenov,593.0,Spain,F,45.0,6.0,79259.75,1.0,1.0,0.0,55347.28,0.0
15582910.0,Turnbull,514.0,,M,38.0,4.0,112230.38,1.0,1.0,0.0,16717.11,1.0
15688337.0,Dixon,721.0,France,M,40.0,9.0,118129.87,1.0,1.0,1.0,160277.65,0.0
15734970.0,White,835.0,Spain,M,38.0,7.0,86824.09,1.0,0.0,0.0,175905.97,0.0
,,682.0,France,F,64.0,10.0,128306.7,1.0,0.0,1.0,66040.83,0.0
15643042.0,Han,590.0,Germany,F,40.0,,117641.43,2.0,0.0,0.0,92198.05,0.0
15773868.0,Belov,653.0,Germany,F,nan,3.0,125734.2,,,0.0,134625.09,1.0
15615820.0,MacDonald,837.0,France,M,49.0,8.0,103302.37,1.0,,1.0,,0.0
15730273.0,Parsons,841.0,France,M,27.0,8.0,0.0,1.0,1.0,0.0,171922.72,0.0
15724890.0,Cross,584.0,Spain,M,36.0,,nan,2.0,0.0,0.0,83058.14,0.0
15765952.0,Milanesi,769.0,France,M,29.0,4.0,145471.37,,,0.0,188382.77,0.0
15685920.0,Lombardo,599.0,Spain,M,34.0,,101506.66,1.0,0.0,0.0,198030.24,0.0
15663263.0,Collins,698.0,France,M,47.0,5.0,156265.31,2.0,0.0,0.0,1055.66,0.0
15568953.0,Alexeieva,477.0,France,M,nan,1.0,128554.98,1.0,1.0,1.0,133173.19,0.0
15643361.0,Cullen,477.0,Germany,M,34.0,8.0,139959.55,2.0,1.0,1.0,189875.83,0.0
,Johnson,745.0,Spain,M,34.0,7.0,132944.53,1.0,1.0,1.0,,
15747854.0,Rudd,749.0,France,F,nan,,0.0,3.0,1.0,1.0,132649.85,0.0
,Findlay,850.0,France,M,61.0,1.0,0.0,1.0,1.0,0.0,53067.83,1.0
15709004.0,Mai,528.0,Germany,M,22.0,,-99999,2.0,0.0,1.0,,0.0
15652218.0,,750.0,,M,33.0,,152302.72,1.0,1.0,0.0,71333.44,0.0
15697127.0,Monaldo,543.0,France,F,31.0,,147674.26,1.0,1.0,,16658.76,0.0
15658486.0,Gidney,579.0,Spain,F,59.0,3.0,148021.12,1.0,,,74878.22,0.0
15694160.0,Sagese,624.0,France,,37.0,0.0,0.0,2.0,0.0,0.0,112104.55,0.0
15685290.0,Wall,,Germany,M,nan,5.0,-99999,2.0,1.0,0.0,48421.4,1.0
15701042.0,Dalton,596.0,Germany,F,150,2.0,151027.56,1.0,1.0,0.0,170320.58,0.0
,Hsing,431.0,Germany,F,44.0,2.0,138843.7,1.0,1.0,0.0,37688.31,1.0
15599860.0,Warner,647.0,Spain,F,26.0,8.0,109958.15,1.0,1.0,1.0,,1.0
15723169.0,Williams,,France,F,31.0,,138857.59,,,0.0,48640.77,0.0
15803842.0,Dunn,752.0,,F,45.0,,105426.5,2.0,0.0,1.0,89773.45,0.0
15728224.0,Kerr,710.0,Germany,,41.0,9.0,149155.53,2.0,1.0,0.0,42131.26,1.0
15644174.0,Marchesi,638.0,Germany,M,27.0,4.0,135096.05,1.0,1.0,1.0,186523.72,1.0
,Endrizzi,,Germany,M,28.0,2.0,170890.05,2.0,1.0,0.0,41758.9,0.0
15765415.0,King,609.0,Spain,F,45.0,4.0,89122.3,1.0,1.0,1.0,199256.98,0.0
15756751.0,,596.0,Spain,F,54.0,0.0,78126.28,1.0,1.0,1.0,153482.91,1.0
15795151.0,Hartzler,705.0,France,F,38.0,3.0,123894.43,1.0,1.0,0.0,21177.1,0.0
15632859.0,Chukwudi,444.0,France,M,36.0,7.0,0.0,2.0,0.0,1.0,138743.86,0.0
15584037.0,Denisov,727.0,Germany,M,58.0,5.0,106913.43,1.0,1.0,0.0,25881.0,
15621409.0,Endrizzi,496.0,,M,32.0,4.0,127845.83,1.0,1.0,0.0,66469.2,0.0
15581102.0,Baresi,554.0,France,F,nan,,0.0,2.0,0.0,1.0,,0.0
15578096.0,,537.0,France,M,26.0,7.0,106397.75,1.0,0.0,0.0,103563.23,0.0
,Lambert,839.0,France,F,nan,3.0,0.0,1.0,1.0,1.0,69101.23,1.0
,Game,700.0,Spain,F,43.0,0.0,0.0,2.0,1.0,0.0,59475.35,0.0
15655341.0,Chinagorom,458.0,Spain,F,35.0,5.0,166492.48,1.0,1.0,0.0,135287.74,0.0
15685314.0,Noble,850.0,France,F,28.0,2.0,0.0,2.0,1.0,,38773.74,0.0
15653997.0,,699.0,Spain,,nan,6.0,114493.68,1.0,0.0,0.0,138396.32,0.0
15629551.0,,615.0,,F,nan,9.0,126104.98,2.0,0.0,1.0,110718.02,0.0
15651264.0,Yobanna,850.0,Germany,M,51.0,4.0,124425.99,1.0,0.0,0.0,118545.49,1.0
15760825.0,Fraser,604.0,France,F,40.0,1.0,0.0,2.0,1.0,0.0,123207.17,0.0
15597394.0,Rhodes,668.0,Spain,M,34.0,0.0,0.0,1.0,0.0,,99984.86,0.0
15740383.0,Jimenez,594.0,Spain,F,38.0,,nan,2.0,1.0,0.0,58332.91,0.0
15670562.0,Pharr,470.0,France,M,30.0,3.0,101140.76,1.0,1.0,,50906.65,0.0
15698117.0,Jerger,,Germany,M,150,0.0,150844.94,1.0,0.0,1.0,127623.36,0.0
15694805.0,McIntyre,664.0,Spain,M,nan,1.0,115024.5,1.0,,1.0,169665.79,0.0
,Onio,477.0,France,,30.0,6.0,nan,1.0,1.0,0.0,194144.45,0.0
15589428.0,Tomlinson,756.0,France,,42.0,9.0,0.0,,1.0,0.0,35673.42,0.0
15790267.0,Onuoha,625.0,France,F,40.0,7.0,141267.67,1.0,0.0,1.0,177397.49,0.0
15665402.0,,,Spain,M,73.0,5.0,137761.55,1.0,1.0,1.0,159677.46,
15642093.0,Piccio,646.0,France,M,30.0,7.0,0.0,2.0,1.0,0.0,153566.97,0.0
15666181.0,Ramsden,650.0,France,M,33.0,0.0,98064.97,1.0,1.0,0.0,52411.99,0.0
15602554.0,Vorobyova,664.0,France,F,31.0,9.0,114519.57,2.0,0.0,1.0,79222.02,0.0
15724251.0,Todd,682.0,Germany,,29.0,6.0,101012.77,1.0,,,32589.89,1.0
15740147.0,Cremonesi,725.0,France,F,44.0,10.0,0.0,1.0,0.0,1.0,93777.61,
15718289.0,Bradley,,Germany,M,46.0,3.0,82291.1,1.0,1.0,0.0,,1.0
15763148.0,,576.0,France,M,39.0,9.0,84719.98,1.0,0.0,0.0,191063.36,0.0
15685245.0,Jowett,608.0,Spain,F,56.0,5.0,0.0,2.0,0.0,1.0,153810.41,0.0
15626985.0,Yefremova,850.0,France,F,39.0,0.0,104386.53,1.0,1.0,0.0,105886.77,0.0
15585823.0,Wilson,627.0,France,M,31.0,8.0,nan,1.0,1.0,0.0,96131.47,0.0
15728167.0,Abramovich,667.0,France,M,44.0,2.0,122806.95,1.0,0.0,,15120.86,0.0
15762928.0,Venables,548.0,,M,44.0,8.0,0.0,1.0,1.0,,16989.77,0.0
15751774.0,Monnier,774.0,France,M,76.0,4.0,112510.89,1.0,1.0,1.0,143133.18,0.0
15654733.0,Hsieh,794.0,Germany,M,150,3.0,117056.46,1.0,1.0,0.0,,1.0
15809777.0,Gadsden,497.0,Germany,F,55.0,7.0,131778.66,1.0,1.0,1.0,,0.0
15744200.0,,587.0,France,F,36.0,1.0,70784.27,1.0,1.0,0.0,30579.82,0.0
15720713.0,Chibueze,850.0,France,F,29.0,10.0,0.0,2.0,1.0,1.0,199775.67,0.0
15695356.0,Chinwemma,722.0,France,M,46.0,5.0,0.0,2.0,1.0,,179908.71,0.0
15653315.0,Kang,555.0,Spain,F,35.0,1.0,0.0,2.0,1.0,0.0,101667.0,0.0
15604792.0,Kuo,609.0,Germany,M,38.0,6.0,140752.06,,0.0,1.0,171430.16,0.0
15704819.0,Ositadimma,734.0,Spain,F,39.0,6.0,nan,2.0,0.0,0.0,112973.34,0.0
15670859.0,Smith,718.0,Germany,,39.0,7.0,93148.74,2.0,,1.0,190746.38,0.0
,Okwudilichukwu,645.0,Spain,F,49.0,5.0,110132.55,3.0,0.0,1.0,187689.91,1.0
15662533.0,Porter,598.0,Spain,F,150,6.0,-99999,2.0,1.0,0.0,153229.19,0.0
,Kung,,Germany,M,nan,4.0,122227.71,1.0,0.0,1.0,14217.77,1.0
15806230.0,Trevisano,629.0,,M,40.0,2.0,121647.54,2.0,1.0,1.0,64849.74,1.0
15662884.0,Naylor,739.0,,M,58.0,1.0,110597.76,1.0,0.0,,160122.66,1.0
15750778.0,Ponomarev,653.0,France,F,60.0,,120731.39,4.0,1.0,1.0,,1.0
15717185.0,Udinese,711.0,France,M,28.0,8.0,0.0,2.0,1.0,1.0,64286.39,0.0
15677804.0,Aliyeva,783.0,Spain,M,38.0,1.0,-99999,3.0,1.0,1.0,80178.54,
15568915.0,Bailey,681.0,France,M,38.0,6.0,153722.47,,1.0,0.0,101319.76,
15736495.0,Jackson,712.0,France,M,34.0,8.0,114088.32,1.0,1.0,0.0,92794.61,0.0
15737354.0,Yin,554.0,France,F,48.0,7.0,0.0,2.0,1.0,1.0,63708.07,
15667889.0,Akobundu,611.0,France,F,37.0,6.0,0.0,2.0,1.0,0.0,110782.88,0.0
15577831.0,Byrne,560.0,Germany,,41.0,4.0,152532.3,1.0,0.0,0.0,10779.69,0.0
15729836.0,Robinson,646.0,Spain,M,32.0,1.0,0.0,2.0,1.0,0.0,183289.22,0.0
15775293.0,Stephenson,680.0,France,,34.0,3.0,143292.95,,1.0,0.0,66526.01,0.0
,Chiemenam,631.0,France,M,26.0,1.0,149144.61,1.0,0.0,1.0,123697.95,
15639669.0,Forbes,746.0,France,M,36.0,9.0,127157.04,1.0,,1.0,155700.15,0.0
15631392.0,Douglas,,Germany,M,nan,,-99999,2.0,0.0,1.0,82081.35,0.0
15580935.0,Okechukwu,687.0,Germany,,33.0,9.0,135962.4,2.0,1.0,0.0,121747.96,0.0
15590344.0,Russell,708.0,Germany,M,32.0,3.0,151691.44,2.0,1.0,1.0,172810.51,0.0
15653306.0,Ermakova,679.0,Germany,F,32.0,0.0,88335.05,1.0,0.0,0.0,159584.81,0.0
15805025.0,Oster,,France,F,45.0,,139859.23,1.0,1.0,1.0,,
15658449.0,Chizoba,695.0,France,M,45.0,9.0,43134.65,1.0,0.0,1.0,77330.35,0.0
15694450.0,Bianchi,,France,M,nan,,99580.13,1.0,1.0,0.0,21007.96,0.0
15605666.0,Peyser,720.0,France,,34.0,6.0,-99999,,1.0,1.0,9398.45,0.0
15615126.0,Cocci,780.0,France,F,37.0,3.0,0.0,2.0,0.0,0.0,182156.81,1.0
,Seleznev,653.0,Spain,F,36.0,3.0,-99999,2.0,0.0,0.0,110525.6,
15645095.0,Huang,674.0,France,F,28.0,3.0,0.0,1.0,1.0,0.0,51536.99,0.0
15808960.0,Alleyne,620.0,Germany,M,nan,5.0,108197.11,2.0,1.0,0.0,49722.34,0.0
15729435.0,McKenzie,,France,M,40.0,6.0,0.0,2.0,1.0,1.0,66119.07,0.0
,,547.0,France,F,29.0,6.0,nan,1.0,1.0,1.0,37160.28,0.0
15659149.0,King,530.0,France,M,39.0,2.0,0.0,2.0,1.0,0.0,197923.05,0.0
15585490.0,Nkemdilim,746.0,France,F,34.0,,0.0,,0.0,1.0,65166.6,0.0
15674929.0,Anderson,512.0,France,F,nan,7.0,0.0,2.0,0.0,0.0,49326.07,0.0
15746341.0,Ejikemeifeuwa,630.0,France,M,40.0,8.0,-99999,2.0,1.0,1.0,42495.81,0.0
15662091.0,Adams,,Spain,M,nan,7.0,116099.82,1.0,1.0,1.0,148087.62,0.0
15620123.0,Christie,605.0,France,M,nan,6.0,111169.91,,0.0,0.0,9641.4,0.0
15616240.0,Yeh,530.0,,M,37.0,4.0,0.0,2.0,1.0,1.0,164844.37,
15624186.0,McGregor,813.0,Germany,F,25.0,5.0,123616.43,1.0,0.0,1.0,132959.33,0.0
15605036.0,Pisano,704.0,,F,37.0,9.0,155619.58,1.0,,1.0,135088.58,0.0
15805151.0,Ginikanwa,565.0,Germany,M,31.0,2.0,89558.39,2.0,1.0,1.0,4441.54,0.0
15753847.0,Hawkins,645.0,Spain,M,45.0,4.0,0.0,1.0,0.0,1.0,174916.85,1.0
15653222.0,,526.0,Germany,F,32.0,6.0,131938.92,2.0,,1.0,1795.93,
15757541.0,Rickard,778.0,France,F,33.0,9.0,151772.63,2.0,0.0,0.0,180249.94,1.0
15726945.0,Andreev,677.0,France,F,72.0,8.0,0.0,2.0,,1.0,153604.44,
,,588.0,,F,nan,3.0,0.0,,1.0,1.0,189703.65,0.0
15568328.0,Black,488.0,France,F,22.0,6.0,0.0,2.0,1.0,1.0,66393.89,
15604355.0,Shand,,France,M,39.0,1.0,97700.02,1.0,1.0,1.0,,0.0
15735788.0,Chiagoziem,,France,M,31.0,6.0,0.0,2.0,1.0,,71009.84,
15618255.0,Fedorov,642.0,Germany,F,56.0,6.0,103244.86,2.0,1.0,0.0,143049.72,1.0
15720941.0,Tien,710.0,Germany,M,34.0,8.0,147833.3,2.0,0.0,1.0,1561.58,
15769110.0,Stehle,653.0,France,F,46.0,5.0,0.0,2.0,1.0,0.0,49707.85,0.0
15576094.0,Sung,743.0,France,M,71.0,,0.0,2.0,0.0,1.0,29837.65,0.0
15756150.0,Alexander,418.0,France,F,39.0,2.0,0.0,2.0,0.0,0.0,9041.71,0.0
15719579.0,McIntosh,670.0,Germany,F,33.0,9.0,84521.48,2.0,0.0,1.0,198017.05,0.0
15748854.0,Sung,723.0,Germany,F,28.0,5.0,91938.31,1.0,1.0,0.0,143481.85,0.0
15612455.0,Yao,549.0,Germany,M,45.0,6.0,124240.93,1.0,1.0,1.0,146372.51,0.0
15664802.0,Chinweuba,543.0,,F,42.0,5.0,0.0,2.0,,0.0,101905.34,0.0
15735687.0,Chinweuba,,Spain,M,37.0,2.0,157084.99,1.0,1.0,0.0,134767.13,0.0
15664734.0,T'ao,673.0,Germany,F,25.0,3.0,108244.82,2.0,1.0,1.0,103573.96,0.0
15767894.0,Ch'ien,741.0,,F,21.0,9.0,0.0,2.0,0.0,1.0,,0.0
15666884.0,Su,508.0,Germany,F,150,5.0,82161.7,2.0,1.0,0.0,187776.49,
15750156.0,Yu,662.0,Germany,M,nan,2.0,104568.41,1.0,1.0,,8059.44,
,Loyau,752.0,France,F,150,2.0,119912.46,1.0,1.0,0.0,124354.92,0.0
15575748.0,Conti,809.0,France,M,36.0,,68881.59,2.0,0.0,1.0,109135.11,0.0
15714610.0,Alexeeva,575.0,Spain,,30.0,2.0,0.0,2.0,1.0,,82222.86,
15720305.0,Power,591.0,Spain,F,40.0,1.0,86376.29,1.0,,1.0,136767.16,1.0
15678129.0,,643.0,Spain,F,45.0,9.0,nan,2.0,1.0,0.0,,0.0
,Freeman,698.0,Germany,M,55.0,8.0,nan,2.0,1.0,1.0,,0.0
15680436.0,Hsing,496.0,France,F,nan,4.0,nan,2.0,1.0,0.0,164806.89,0.0
15674343.0,Esposito,597.0,France,M,44.0,8.0,78128.13,2.0,0.0,1.0,109153.04,0.0
15658890.0,,603.0,Germany,M,46.0,4.0,98899.76,2.0,1.0,1.0,86190.34,0.0
15599004.0,Tsao,655.0,Spain,,37.0,1.0,0.0,1.0,1.0,1.0,106040.97,0.0
15726487.0,P'eng,,France,M,63.0,6.0,nan,1.0,1.0,1.0,168008.17,0.0
,Baker,,France,F,70.0,3.0,87926.24,2.0,1.0,0.0,33350.26,
15710527.0,Matthews,782.0,France,F,35.0,4.0,0.0,1.0,1.0,1.0,,0.0
15655590.0,Garcia,,Spain,M,150,2.0,-99999,2.0,0.0,0.0,,0.0
15732266.0,,553.0,Germany,M,53.0,5.0,127997.83,1.0,1.0,0.0,165378.66,1.0
15669326.0,Gordon,658.0,France,M,44.0,2.0,168396.34,1.0,,1.0,14178.73,0.0
15672246.0,Jefferies,686.0,Germany,M,43.0,2.0,134896.03,1.0,1.0,1.0,97847.05,0.0
15620276.0,Palermo,539.0,Spain,M,36.0,6.0,0.0,3.0,1.0,1.0,118959.64,0.0
15640258.0,Chou,685.0,,F,50.0,6.0,nan,2.0,1.0,,50664.07,1.0
15740283.0,Ewing,850.0,France,,29.0,1.0,0.0,2.0,0.0,0.0,152996.89,0.0
15759717.0,Mazzi,763.0,Spain,F,39.0,7.0,0.0,2.0,1.0,0.0,19458.75,0.0
15620268.0,Thomson,634.0,Germany,M,43.0,3.0,212696.32,1.0,1.0,0.0,115268.86,
15743871.0,Nkemdirim,567.0,France,M,59.0,3.0,nan,2.0,1.0,0.0,25843.7,1.0
15614491.0,Lockyer,539.0,France,M,150,3.0,139153.68,2.0,1.0,0.0,147662.33,0.0
15595047.0,Murray,764.0,France,M,nan,7.0,0.0,2.0,0.0,0.0,,0.0
15732334.0,Black,653.0,France,F,40.0,0.0,0.0,2.0,1.0,0.0,35795.85,
15701206.0,Torreggiani,566.0,Spain,M,44.0,5.0,0.0,2.0,,0.0,66462.79,0.0
15581280.0,Atkinson,714.0,Germany,M,29.0,6.0,92887.13,1.0,1.0,1.0,69578.49,0.0
15651943.0,Richards,580.0,Spain,F,65.0,1.0,0.0,2.0,0.0,1.0,103182.46,0.0
15609545.0,Azubuike,548.0,France,M,29.0,5.0,-99999,1.0,0.0,,177017.39,0.0
15658548.0,Ignatiev,646.0,Germany,F,36.0,6.0,144773.29,2.0,1.0,0.0,53217.3,0.0
15626008.0,Miller,,Germany,F,52.0,9.0,111973.97,1.0,,,162756.29,1.0
15774133.0,,706.0,France,F,35.0,8.0,178032.53,1.0,0.0,1.0,42181.68,0.0
15763798.0,McMillan,680.0,France,M,23.0,,-99999,1.0,0.0,1.0,31714.08,
15758013.0,Napolitano,698.0,France,M,37.0,5.0,nan,2.0,0.0,0.0,25017.28,0.0
,Lane,581.0,Spain,F,150,1.0,0.0,2.0,1.0,0.0,104272.04,0.0
15648362.0,Kennedy,728.0,Germany,M,45.0,,nan,2.0,,0.0,84300.4,1.0
15761102.0,T'ao,707.0,Spain,F,nan,4.0,132835.56,1.0,0.0,0.0,136877.24,0.0
15610165.0,,761.0,France,,26.0,1.0,0.0,2.0,,1.0,199409.19,0.0
15723717.0,Heath,483.0,Germany,M,41.0,1.0,118334.44,1.0,0.0,0.0,163147.99,
15654611.0,Parry,736.0,Germany,F,nan,9.0,81732.88,2.0,1.0,0.0,136497.28,0.0
,Herbert,,Germany,M,66.0,5.0,121411.9,1.0,0.0,0.0,10070.4,1.0
15603170.0,Kang,654.0,France,,nan,9.0,121455.65,1.0,1.0,0.0,190068.53,1.0
,Andreyeva,649.0,Spain,M,20.0,5.0,0.0,2.0,1.0,1.0,58309.54,0.0
15671915.0,Bowen,649.0,France,M,46.0,5.0,0.0,2.0,1.0,1.0,,0.0
,Golubev,612.0,France,F,31.0,8.0,117989.76,,1.0,1.0,54129.86,0.0
15652789.0,Hancock,657.0,Spain,,40.0,10.0,0.0,2.0,1.0,1.0,52990.7,0.0
15739168.0,Fowler,511.0,France,,nan,5.0,137411.29,1.0,0.0,1.0,161854.98,0.0
15719950.0,Sutherland,682.0,France,M,61.0,10.0,73688.2,1.0,,1.0,172141.33,0.0
15743818.0,Rowley,748.0,Spain,M,58.0,9.0,122330.7,2.0,0.0,1.0,124429.19,0.0
15717937.0,Gibbons,554.0,Germany,M,43.0,5.0,99906.89,1.0,0.0,0.0,24983.39,0.0
15602841.0,Lockett,794.0,Spain,F,150,5.0,0.0,2.0,,1.0,86699.98,
15619972.0,Akabueze,807.0,France,F,47.0,9.0,-99999,1.0,0.0,0.0,125440.11,1.0
15796114.0,Phelps,594.0,France,F,34.0,,141525.55,1.0,0.0,0.0,9443.15,0.0
15633546.0,Frederick,652.0,Spain,F,33.0,3.0,124832.51,1.0,1.0,0.0,195877.06,0.0
15758755.0,Beneventi,729.0,France,F,nan,9.0,132121.71,1.0,,1.0,105409.31,
15695168.0,Bruce,625.0,France,M,39.0,2.0,0.0,2.0,1.0,0.0,100403.05,0.0
,Green,597.0,,F,60.0,0.0,78539.84,1.0,0.0,1.0,48502.88,0.0
15756610.0,Carlson,657.0,Germany,F,38.0,5.0,123770.46,1.0,0.0,0.0,47019.66,1.0
15640917.0,Tang,633.0,France,M,nan,5.0,0.0,2.0,,1.0,48249.88,
15663164.0,Yudin,663.0,,,49.0,7.0,116150.65,3.0,1.0,1.0,84358.71,1.0
15616811.0,MacDonald,535.0,France,M,47.0,0.0,160729.1,,0.0,1.0,145986.35,0.0
15610781.0,,702.0,France,F,29.0,,88378.6,,1.0,,,0.0
15600911.0,Mbadiwe,712.0,France,M,33.0,2.0,182888.08,1.0,1.0,0.0,3061.0,0.0
,Chuang,607.0,France,M,31.0,8.0,0.0,,1.0,1.0,43196.5,0.0
15714981.0,Sabbatini,476.0,,M,nan,4.0,0.0,1.0,1.0,1.0,55775.84,1.0
15775892.0,,748.0,Spain,F,23.0,8.0,85600.08,,0.0,0.0,134077.71,0.0
15782778.0,Ewers,815.0,France,M,35.0,4.0,0.0,2.0,,,198490.33,0.0
15786643.0,Tsao,602.0,France,M,nan,10.0,0.0,2.0,1.0,1.0,116052.92,0.0
15595657.0,Hannam,649.0,,M,40.0,4.0,95001.33,1.0,0.0,1.0,,
15743673.0,Wood,551.0,,M,27.0,2.0,113873.22,1.0,1.0,1.0,85129.77,1.0
15634310.0,Ko,509.0,France,M,30.0,6.0,-99999,2.0,1.0,0.0,180598.86,0.0
15790809.0,Lo Duca,685.0,Spain,M,40.0,7.0,nan,1.0,1.0,,198694.2,0.0
15668695.0,Endrizzi,536.0,France,F,22.0,5.0,89492.62,1.0,0.0,0.0,42934.43,0.0
,Ch'iu,711.0,Spain,M,38.0,3.0,128718.78,1.0,0.0,0.0,114793.45,0.0
15621031.0,Mofflin,,Spain,M,27.0,8.0,0.0,2.0,1.0,0.0,63297.7,0.0
15720071.0,Fiorentini,535.0,France,F,49.0,3.0,0.0,1.0,0.0,,,1.0
15792180.0,,566.0,Germany,M,22.0,,144954.75,2.0,1.0,0.0,102246.0,0.0
15813894.0,Bogle,620.0,Spain,M,21.0,9.0,nan,,0.0,0.0,154882.79,0.0
15669490.0,Ifeanacho,837.0,Germany,M,37.0,6.0,nan,2.0,1.0,,140723.05,0.0
15783030.0,Owens,685.0,France,F,150,,nan,1.0,1.0,0.0,72852.74,1.0
15695792.0,Ch'ien,673.0,France,M,nan,0.0,0.0,1.0,1.0,1.0,85733.33,0.0
15575676.0,Chung,,France,,24.0,1.0,0.0,2.0,0.0,1.0,162597.15,0.0
15627665.0,Sung,614.0,France,,nan,4.0,0.0,1.0,1.0,0.0,74379.57,1.0
15814092.0,Wang,626.0,France,F,44.0,2.0,0.0,1.0,0.0,1.0,,1.0
15695225.0,Sun,834.0,Spain,M,38.0,8.0,nan,2.0,1.0,1.0,66485.26,0.0
15615091.0,Maitland,691.0,France,M,nan,6.0,0.0,2.0,1.0,1.0,92811.2,0.0
15794345.0,Ma,706.0,Spain,M,38.0,8.0,nan,2.0,,1.0,46635.11,0.0
15726484.0,,633.0,France,M,37.0,,141546.35,1.0,1.0,1.0,124830.11,0.0
15650442.0,Hsieh,644.0,Germany,F,32.0,8.0,141528.88,1.0,1.0,1.0,167087.34,1.0
15714256.0,Gerasimov,666.0,France,M,30.0,7.0,109805.3,1.0,0.0,,,0.0
15778752.0,Johnson,708.0,France,M,32.0,,-99999,2.0,1.0,1.0,172129.26,0.0
15601659.0,Fiorentino,496.0,Germany,F,59.0,,91680.1,2.0,1.0,0.0,163141.18,1.0
15602811.0,Chioke,730.0,Germany,M,38.0,0.0,38848.19,2.0,0.0,0.0,,0.0
,Rossi,696.0,Spain,,40.0,3.0,153639.11,1.0,1.0,1.0,138351.68,0.0
15763097.0,Siciliano,809.0,Spain,M,80.0,8.0,nan,2.0,0.0,1.0,34164.05,0.0
15633666.0,Efremov,,Spain,F,33.0,7.0,123870.07,1.0,1.0,,97794.71,0.0
15718789.0,Brigstocke,604.0,France,M,nan,5.0,0.0,2.0,1.0,0.0,75786.55,0.0
15690620.0,Olisaemeka,,France,M,39.0,10.0,46323.57,1.0,1.0,0.0,136812.02,0.0
15737071.0,Tang,639.0,France,F,60.0,5.0,162039.78,1.0,1.0,1.0,84361.72,1.0
15665062.0,Lucchese,696.0,France,M,150,1.0,110928.51,1.0,,1.0,2766.63,0.0
15600692.0,West,,France,M,38.0,5.0,0.0,2.0,,0.0,163185.76,0.0
15792064.0,Pai,545.0,Germany,M,53.0,5.0,114421.55,1.0,1.0,0.0,180598.28,1.0
15811486.0,Tang,634.0,Germany,F,29.0,8.0,130036.21,2.0,0.0,1.0,69849.55,0.0
15626141.0,Fedorov,750.0,France,F,26.0,1.0,151510.17,2.0,1.0,1.0,19921.72,0.0
15738546.0,Gboliwe,530.0,Spain,F,nan,4.0,0.0,2.0,0.0,1.0,147606.71,0.0
15677052.0,Ko,589.0,,F,59.0,2.0,0.0,2.0,1.0,1.0,126160.24,1.0
15656454.0,,654.0,France,M,37.0,,83568.55,1.0,,,47046.72,0.0
15645496.0,Seleznyova,648.0,France,F,43.0,7.0,139972.18,1.0,1.0,0.0,143668.58,0.0
15612505.0,Joseph,,Spain,M,nan,3.0,100212.13,1.0,1.0,0.0,152577.62,0.0
15708513.0,Bevan,446.0,France,,39.0,1.0,90217.07,1.0,1.0,,191350.48,0.0
15685654.0,Allan,514.0,Spain,M,66.0,9.0,0.0,2.0,1.0,1.0,14234.31,0.0
,Lavrentiev,,Germany,M,nan,4.0,124067.32,1.0,,,77906.87,0.0
15726814.0,Walton,554.0,Spain,M,46.0,4.0,0.0,2.0,0.0,1.0,57320.92,0.0
15653776.0,Salier,720.0,Germany,F,150,1.0,162082.31,4.0,0.0,0.0,27145.73,1.0
15597914.0,Evdokimov,,Germany,F,51.0,,nan,4.0,,1.0,,1.0
15631603.0,Ponomaryova,813.0,France,M,32.0,1.0,122889.88,,1.0,1.0,26476.18,0.0
15789753.0,Millar,480.0,,M,40.0,6.0,148790.61,1.0,0.0,1.0,79329.7,0.0
15678034.0,Grosse,811.0,France,M,nan,9.0,180226.24,1.0,1.0,0.0,,1.0
15690209.0,Hsiao,715.0,Germany,F,32.0,3.0,104857.19,2.0,1.0,0.0,114149.8,0.0
15592091.0,,620.0,Spain,M,31.0,2.0,166833.86,,1.0,1.0,135171.6,0.0
15647453.0,Ifeajuna,721.0,France,M,42.0,,102936.72,1.0,0.0,0.0,1187.88,0.0
15697100.0,Wright,772.0,Germany,F,48.0,6.0,108736.52,1.0,1.0,0.0,,1.0
15811290.0,Komarova,680.0,Germany,,44.0,0.0,129974.79,2.0,1.0,,33391.38,0.0
15629187.0,Titheradge,535.0,France,M,38.0,8.0,85982.07,1.0,1.0,0.0,9238.35,0.0
15758073.0,,655.0,France,F,20.0,7.0,134397.61,1.0,0.0,0.0,28029.54,
15640769.0,Hobbs,660.0,France,M,63.0,8.0,137841.53,1.0,1.0,1.0,42790.29,0.0
15606641.0,Beggs,762.0,Germany,M,56.0,10.0,100260.88,3.0,1.0,1.0,77142.42,1.0
15718280.0,Luffman,662.0,,M,39.0,5.0,139822.11,2.0,,1.0,146219.9,0.0
15764335.0,Caldwell,463.0,Germany,,150,8.0,nan,2.0,1.0,0.0,70127.93,0.0
15634218.0,Mancini,501.0,Germany,M,150,4.0,nan,2.0,,,132104.76,0.0
15808760.0,Evseev,603.0,Spain,,nan,6.0,0.0,1.0,1.0,,90437.87,0.0
15648461.0,Hs?eh,688.0,Spain,M,37.0,7.0,138162.41,2.0,1.0,1.0,113926.31,0.0
,Chinedum,430.0,France,M,38.0,9.0,0.0,2.0,1.0,1.0,,0.0
15569079.0,Hagins,632.0,,M,48.0,6.0,-99999,1.0,,0.0,64345.61,1.0
15800736.0,Kirwan,601.0,Spain,F,42.0,4.0,96763.89,1.0,1.0,1.0,199242.65,0.0
15792607.0,Little,769.0,France,F,38.0,2.0,0.0,2.0,0.0,0.0,75578.67,0.0
15640034.0,Milligan,,France,M,nan,2.0,139561.46,1.0,1.0,0.0,43435.43,
15807563.0,Ch'iu,841.0,France,F,52.0,5.0,-99999,1.0,,0.0,183239.71,1.0
15684461.0,McKay,469.0,Spain,F,31.0,6.0,0.0,1.0,,0.0,146213.75,1.0
15580134.0,Crawford,479.0,Spain,M,27.0,2.0,-99999,1.0,1.0,1.0,40315.27,0.0
,Onyemere,701.0,France,M,nan,8.0,107798.85,1.0,,0.0,16966.73,0.0
15742504.0,Azuka,593.0,France,,36.0,2.0,70181.48,,1.0,0.0,80608.12,0.0
15567328.0,Ch'en,738.0,Spain,M,38.0,5.0,177997.07,1.0,0.0,1.0,19233.41,0.0
,Royster,635.0,Spain,M,31.0,1.0,0.0,2.0,1.0,0.0,135382.23,0.0
15607142.0,,,France,M,32.0,8.0,0.0,1.0,1.0,,80410.68,
15738516.0,Kozlova,687.0,Spain,F,nan,5.0,0.0,1.0,1.0,0.0,17696.22,0.0
15806403.0,Hu,650.0,France,M,37.0,9.0,nan,2.0,1.0,0.0,17974.08,
15656707.0,Ma,,Spain,,21.0,2.0,123200.78,,,1.0,180712.28,0.0
15653715.0,Coates,602.0,France,F,63.0,,0.0,2.0,1.0,1.0,,0.0
15806184.0,Burns,618.0,Spain,M,33.0,4.0,0.0,2.0,,,77550.18,0.0
15585734.0,Gouger,803.0,Germany,M,41.0,9.0,137742.9,2.0,1.0,1.0,166957.82,0.0
15725639.0,Ignatyev,793.0,France,F,63.0,9.0,116270.72,1.0,1.0,1.0,184243.25,0.0
15618401.0,Douglas,616.0,Germany,M,41.0,10.0,nan,2.0,1.0,1.0,,0.0
15785385.0,Fiorentino,550.0,Spain,M,51.0,5.0,0.0,2.0,1.0,0.0,,0.0
15734762.0,Ignatiev,602.0,France,F,56.0,3.0,115895.22,,1.0,0.0,4176.17,1.0
15767129.0,Munz,452.0,France,F,60.0,6.0,121730.49,1.0,1.0,1.0,142963.29,0.0
15797204.0,Paling,655.0,Spain,F,28.0,3.0,113811.85,2.0,0.0,,76844.23,0.0
15769272.0,Clark,510.0,France,,26.0,6.0,136214.08,1.0,0.0,0.0,159742.33,0.0
15771966.0,Akobundu,,France,M,39.0,8.0,146200.01,1.0,1.0,0.0,177944.64,0.0
15691952.0,Fanucci,676.0,France,,37.0,10.0,106242.67,1.0,1.0,1.0,166678.28,0.0
15593250.0,Hsiao,640.0,France,F,29.0,4.0,0.0,2.0,,0.0,44904.26,0.0
15605333.0,Clancy,529.0,Spain,M,31.0,6.0,nan,1.0,1.0,0.0,10625.91,0.0
15800083.0,,,France,M,45.0,8.0,24043.45,1.0,0.0,1.0,,1.0
15575691.0,Palerma,689.0,France,,58.0,5.0,nan,2.0,0.0,1.0,49848.86,0.0
15689886.0,,626.0,,,39.0,10.0,132287.92,3.0,1.0,1.0,51467.92,1.0
,Moore,697.0,Spain,M,nan,1.0,0.0,,,0.0,735.79,0.0
15736154.0,Gallo,823.0,France,F,44.0,1.0,0.0,2.0,0.0,1.0,182495.7,0.0
,,565.0,Germany,F,nan,4.0,90322.99,2.0,0.0,1.0,118740.37,0.0
15704910.0,Rios,631.0,Spain,M,23.0,3.0,nan,2.0,1.0,0.0,,
15656613.0,McGregor,646.0,France,F,34.0,,nan,1.0,0.0,0.0,130500.65,0.0
15611551.0,Hill,,,M,48.0,1.0,131659.59,2.0,0.0,1.0,14152.15,
15732430.0,H?,850.0,Spain,,nan,4.0,120952.74,1.0,1.0,0.0,66963.15,
15741865.0,Ferrari,810.0,France,F,38.0,9.0,153166.17,1.0,1.0,1.0,93261.69,0.0
15634143.0,Onyemauchechi,581.0,,M,30.0,0.0,53291.86,1.0,0.0,0.0,196582.28,0.0
15609676.0,Nkemakonam,718.0,France,F,35.0,2.0,167924.95,1.0,1.0,0.0,43024.64,0.0
15761600.0,White,713.0,France,M,43.0,5.0,86394.14,1.0,1.0,1.0,130001.13,0.0
15676404.0,Kirillov,672.0,France,F,50.0,1.0,-99999,1.0,1.0,,12106.82,1.0
15659236.0,,781.0,Spain,M,33.0,3.0,0.0,2.0,,1.0,42556.33,
15690440.0,Stiles,656.0,Spain,M,150,,0.0,2.0,,,197961.93,
15694601.0,Ankudinov,583.0,France,F,31.0,4.0,158978.79,1.0,1.0,0.0,12538.92,0.0
15812262.0,Gaffney,808.0,Germany,F,37.0,2.0,100431.84,1.0,1.0,0.0,35140.49,1.0
15762821.0,Udinese,721.0,Spain,M,33.0,,0.0,2.0,0.0,1.0,117626.9,0.0
15669301.0,Romani,778.0,Germany,F,nan,6.0,150358.97,1.0,1.0,0.0,62454.01,
15672640.0,,850.0,Spain,F,45.0,4.0,114347.85,,1.0,1.0,109089.04,0.0
15750458.0,Hawkins,693.0,France,F,39.0,4.0,0.0,2.0,0.0,1.0,142331.39,0.0
15627251.0,Tsui,,France,M,34.0,4.0,134007.9,1.0,1.0,1.0,193209.11,0.0
15764294.0,Ifeatu,759.0,Germany,M,31.0,,98899.91,1.0,1.0,1.0,47832.82,0.0
15659962.0,McIntosh,,France,M,60.0,3.0,0.0,2.0,1.0,1.0,70174.03,0.0
15788536.0,,755.0,Germany,M,40.0,2.0,137430.82,2.0,0.0,0.0,176768.59,0.0
15596979.0,Fang,662.0,France,F,150,6.0,nan,2.0,1.0,1.0,129392.75,0.0
15681220.0,Chou,,France,F,37.0,8.0,0.0,2.0,1.0,1.0,97893.32,0.0
15635097.0,Okeke,599.0,Germany,M,39.0,2.0,188976.89,2.0,0.0,1.0,176142.09,0.0
15780779.0,Ramsbotham,583.0,Spain,F,40.0,4.0,0.0,2.0,1.0,0.0,114093.73,0.0
15798470.0,Scannell,764.0,Spain,F,48.0,1.0,75990.97,1.0,,0.0,158323.81,1.0
,Edman,513.0,France,M,29.0,10.0,0.0,2.0,,1.0,25514.77,0.0
15616929.0,De Luca,730.0,,M,62.0,5.0,112181.08,1.0,0.0,,61513.87,0.0
15758775.0,,820.0,Spain,M,34.0,10.0,97208.46,1.0,1.0,1.0,59553.34,0.0
15663386.0,Tuan,597.0,Spain,F,26.0,7.0,0.0,2.0,1.0,0.0,110253.2,0.0
15621267.0,Ejimofor,637.0,France,M,32.0,5.0,nan,1.0,0.0,0.0,148769.08,0.0
15720509.0,Hs?,696.0,France,,34.0,9.0,150856.79,1.0,0.0,1.0,8236.78,0.0
15693322.0,Shaver,,Germany,F,150,9.0,146748.07,1.0,0.0,1.0,11407.58,0.0
15589544.0,,673.0,Spain,F,57.0,4.0,0.0,2.0,1.0,1.0,49684.09,0.0
15772030.0,Coupp,662.0,Spain,M,33.0,3.0,0.0,2.0,,1.0,68064.83,0.0
15693337.0,Perry,683.0,Spain,M,41.0,0.0,148863.17,1.0,1.0,1.0,,0.0
15676571.0,Bezrukova,850.0,France,M,55.0,6.0,0.0,1.0,1.0,0.0,944.41,1.0
15701392.0,Lucciano,,Spain,M,28.0,6.0,0.0,2.0,0.0,1.0,185547.71,0.0
,Ingram,671.0,Spain,M,34.0,10.0,-99999,1.0,1.0,0.0,140509.86,0.0
15643865.0,Lo Duca,601.0,France,F,40.0,3.0,92055.36,1.0,0.0,1.0,164652.02,1.0
15769389.0,Wan,709.0,Germany,F,150,,124723.92,1.0,1.0,0.0,73641.86,0.0
15807768.0,Cohn,702.0,Germany,M,nan,1.0,103033.83,1.0,1.0,1.0,40321.87,0.0
15801630.0,Yen,558.0,France,,40.0,6.0,0.0,2.0,1.0,,173844.89,0.0
,Peng,691.0,Spain,M,40.0,1.0,nan,2.0,1.0,1.0,145613.17,0.0
15763107.0,Little,700.0,France,F,30.0,9.0,0.0,1.0,1.0,1.0,174971.64,0.0
15667085.0,Meng,,,M,33.0,4.0,0.0,2.0,1.0,1.0,131834.75,
15647008.0,Adams,624.0,Germany,M,54.0,3.0,nan,,1.0,0.0,110498.1,1.0
15584505.0,Hill,580.0,France,F,23.0,5.0,113923.81,2.0,0.0,0.0,196241.43,
15748068.0,Boyle,571.0,Spain,F,31.0,3.0,0.0,2.0,1.0,1.0,194667.92,0.0
15663964.0,Pagnotto,561.0,France,M,37.0,,0.0,2.0,1.0,0.0,83093.25,0.0
15782311.0,Feng,529.0,France,M,28.0,9.0,0.0,,1.0,1.0,52545.24,0.0
15588197.0,Endrizzi,670.0,France,M,36.0,7.0,0.0,2.0,0.0,0.0,59571.5,0.0
15610105.0,Shen,666.0,Germany,F,21.0,1.0,121827.43,2.0,,1.0,99818.31,0.0
15606133.0,Lay,628.0,Spain,M,42.0,7.0,0.0,2.0,0.0,1.0,172967.87,0.0
15599403.0,Wu,577.0,,M,60.0,10.0,125389.7,2.0,1.0,,178616.73,0.0
15648225.0,Shephard,652.0,Spain,,38.0,1.0,103895.31,1.0,0.0,1.0,159649.44,0.0
15608406.0,Schmidt,678.0,France,M,26.0,5.0,nan,1.0,1.0,0.0,60941.27,1.0
15633378.0,Davidson,692.0,Spain,F,49.0,9.0,0.0,2.0,1.0,0.0,178342.63,0.0
15664759.0,Lamb,675.0,,M,32.0,10.0,0.0,2.0,1.0,,191545.65,0.0
15625545.0,Hussey,712.0,Spain,M,150,,0.0,,1.0,1.0,117977.45,1.0
15772148.0,Ferrari,639.0,Germany,F,37.0,5.0,151242.48,1.0,0.0,1.0,49637.65,0.0
15810829.0,Macfarlan,,France,M,48.0,7.0,0.0,1.0,1.0,,13921.82,1.0
,,554.0,France,M,39.0,2.0,129709.62,,1.0,,,0.0
15738634.0,Yuan,533.0,France,M,150,9.0,nan,1.0,1.0,1.0,137696.25,0.0
,Matveyev,540.0,Spain,F,150,6.0,84121.04,1.0,0.0,1.0,80698.54,0.0
15667602.0,Cheng,704.0,Spain,M,33.0,3.0,0.0,2.0,1.0,0.0,73018.74,0.0
15684147.0,Palerma,678.0,France,,43.0,5.0,102338.19,1.0,1.0,1.0,79649.62,0.0
,Wang,,France,F,29.0,3.0,nan,2.0,0.0,0.0,166194.53,
15757952.0,Teng,651.0,France,M,44.0,2.0,0.0,,1.0,0.0,102530.35,1.0
15698732.0,K'ung,789.0,Germany,M,51.0,3.0,nan,1.0,1.0,0.0,74265.38,0.0
15714355.0,Sinclair,775.0,Germany,,32.0,8.0,121669.23,1.0,0.0,1.0,125898.39,0.0
15599090.0,McKelvey,564.0,Germany,M,40.0,7.0,108407.34,1.0,1.0,1.0,83681.2,0.0
15762048.0,Yuan,841.0,Germany,F,150,7.0,154969.79,2.0,1.0,1.0,99505.75,0.0
15790596.0,Moran,850.0,Spain,M,39.0,0.0,141829.67,1.0,,1.0,92748.16,0.0
15609623.0,McConnell,637.0,France,F,63.0,5.0,0.0,,,0.0,28092.77,1.0
15711901.0,Iheatu,500.0,France,M,45.0,2.0,109162.82,1.0,1.0,1.0,126145.08,0.0
15779809.0,Giordano,655.0,France,M,44.0,8.0,nan,1.0,0.0,1.0,188593.98,0.0
15729018.0,Alexander,666.0,France,,33.0,2.0,147229.65,1.0,,1.0,,0.0
15698246.0,Gordon,658.0,France,,24.0,2.0,0.0,2.0,1.0,1.0,84694.49,0.0
15712409.0,Tang,749.0,Germany,M,66.0,6.0,182532.23,2.0,1.0,1.0,195429.92,0.0
15758306.0,T'an,654.0,France,M,32.0,6.0,0.0,2.0,1.0,1.0,,
15621435.0,Davies,623.0,France,F,nan,1.0,160903.2,1.0,0.0,0.0,78774.36,0.0
15566295.0,Sanders,761.0,France,F,33.0,6.0,138053.79,2.0,1.0,,148779.41,0.0
15569098.0,Winifred,627.0,France,M,44.0,6.0,153548.12,1.0,0.0,0.0,35300.08,1.0
15662532.0,Holmes,757.0,Germany,M,31.0,8.0,149085.9,2.0,1.0,1.0,197077.36,0.0
15664001.0,Riddle,695.0,Germany,F,53.0,8.0,95231.91,1.0,0.0,0.0,70140.8,1.0
15703437.0,Chinedum,726.0,France,M,34.0,,0.0,2.0,1.0,0.0,196288.46,0.0
15708003.0,Aleksandrova,587.0,Spain,M,41.0,8.0,85109.21,1.0,1.0,0.0,1557.82,0.0
15599452.0,Conti,605.0,Germany,,43.0,8.0,nan,2.0,1.0,0.0,23970.13,0.0
15719793.0,,850.0,Spain,M,62.0,5.0,0.0,2.0,1.0,1.0,180243.56,0.0
15771580.0,Davison,850.0,,F,38.0,0.0,106831.69,1.0,,,148977.72,0.0
15732268.0,Cook,751.0,France,M,29.0,3.0,-99999,1.0,1.0,,39934.41,0.0
15722350.0,Udinesi,627.0,Germany,F,37.0,7.0,147361.57,1.0,1.0,1.0,133031.96,0.0
15611371.0,Siciliani,736.0,France,M,43.0,4.0,176134.54,1.0,1.0,1.0,52856.88,0.0
15673584.0,Bell,652.0,,F,74.0,5.0,0.0,2.0,1.0,1.0,937.15,0.0
15636396.0,Jackson,627.0,France,F,35.0,7.0,0.0,2.0,,1.0,193022.44,0.0
15706170.0,Onyemere,636.0,France,M,nan,1.0,84055.43,1.0,,0.0,37490.84,
15725478.0,McClemans,775.0,France,M,60.0,7.0,0.0,2.0,1.0,1.0,111558.7,
15654562.0,Ma,850.0,Spain,F,150,5.0,nan,4.0,1.0,0.0,5669.31,1.0
,Morrison,850.0,Spain,M,34.0,8.0,199229.14,1.0,0.0,0.0,,0.0
15690796.0,Chambers,,,M,37.0,,0.0,1.0,1.0,0.0,101834.58,0.0
15716728.0,Basedow,513.0,Spain,,42.0,10.0,nan,2.0,0.0,1.0,73151.25,0.0
,Nwora,,Germany,F,69.0,,nan,2.0,1.0,1.0,37196.15,0.0
15748481.0,,564.0,France,F,27.0,,0.0,1.0,0.0,0.0,7819.76,0.0
15757777.0,Pai,636.0,France,F,150,2.0,nan,2.0,1.0,1.0,23129.46,0.0
15747808.0,Ni,712.0,France,M,29.0,3.0,102540.61,1.0,1.0,,189680.79,
15810593.0,,568.0,France,M,51.0,4.0,0.0,,1.0,1.0,66586.56,0.0
,Baryshnikov,741.0,Spain,M,43.0,0.0,nan,2.0,1.0,1.0,2920.63,1.0
15579808.0,Kramer,754.0,Germany,F,39.0,8.0,129401.87,1.0,1.0,1.0,87684.93,0.0
,Sochima,709.0,France,F,32.0,,0.0,2.0,1.0,1.0,199418.02,0.0
15737080.0,Marchesi,,France,F,32.0,1.0,0.0,2.0,0.0,1.0,28515.17,0.0
15668580.0,Todd,716.0,,M,33.0,,0.0,2.0,1.0,1.0,92916.53,0.0
15569438.0,,607.0,Germany,M,36.0,,106702.94,2.0,0.0,0.0,198313.69,0.0
15675842.0,Pinto,656.0,,M,nan,4.0,139584.57,1.0,1.0,0.0,,0.0
15577587.0,Reynolds,550.0,Germany,,52.0,5.0,121016.23,1.0,1.0,1.0,41730.37,1.0
15625592.0,Sal,486.0,France,M,26.0,,0.0,2.0,1.0,,31399.4,0.0
15635141.0,Miller,598.0,Germany,,59.0,8.0,118210.42,2.0,0.0,0.0,60192.14,1.0
15642570.0,Scott,675.0,Spain,M,35.0,8.0,nan,2.0,1.0,0.0,29062.25,0.0
15702175.0,Herrin,755.0,France,F,29.0,4.0,148654.84,2.0,1.0,1.0,28805.09,0.0
,Stevenson,656.0,Spain,M,32.0,5.0,nan,1.0,1.0,0.0,133814.28,0.0
15786153.0,McKenzie,644.0,Germany,M,47.0,9.0,137774.11,2.0,,0.0,151902.78,
,Gardiner,598.0,France,F,32.0,4.0,nan,1.0,1.0,1.0,167376.26,0.0
15659568.0,Atkinson,850.0,Spain,F,nan,3.0,121237.65,1.0,1.0,1.0,31022.56,0.0
15715597.0,,679.0,France,M,36.0,1.0,97234.58,1.0,1.0,0.0,188997.08,0.0
15610147.0,Ross,632.0,France,M,150,2.0,0.0,2.0,0.0,1.0,2085.32,0.0
,Newland,,Spain,M,45.0,0.0,0.0,2.0,0.0,1.0,,0.0
,Hu,572.0,Germany,F,nan,9.0,97382.53,1.0,1.0,1.0,195771.95,0.0
15747168.0,Sanders,626.0,Germany,F,47.0,2.0,103108.8,,0.0,1.0,166475.44,1.0
15796910.0,Tsui,625.0,Spain,F,57.0,7.0,0.0,1.0,0.0,0.0,84106.17,1.0
15707674.0,Marino,515.0,France,F,150,2.0,-99999,1.0,1.0,0.0,81436.68,1.0
15565706.0,,612.0,Spain,M,nan,1.0,0.0,1.0,,1.0,83256.26,1.0
15587596.0,,628.0,Spain,F,39.0,8.0,107553.33,1.0,,0.0,117523.41,0.0
15751943.0,Mai,529.0,Spain,F,43.0,5.0,0.0,,0.0,,79476.63,0.0
15621227.0,Hs?eh,,Germany,F,46.0,7.0,161806.09,1.0,1.0,1.0,173052.19,0.0
15757588.0,Wright,526.0,France,M,30.0,9.0,nan,2.0,0.0,0.0,,0.0
15640922.0,Demaine,,France,F,52.0,7.0,0.0,1.0,1.0,1.0,122782.5,0.0
15567557.0,Chien,573.0,,M,27.0,2.0,-99999,1.0,1.0,1.0,11631.34,
15670103.0,Dickinson,,France,F,38.0,5.0,126645.13,1.0,1.0,,168303.55,0.0
15720929.0,Kazantseva,604.0,,F,47.0,8.0,62094.71,3.0,0.0,0.0,9308.1,1.0
15732774.0,Marchesi,,France,M,150,7.0,112291.34,,1.0,0.0,153157.97,0.0
15628558.0,Pan,447.0,France,F,44.0,5.0,89188.83,1.0,1.0,1.0,,0.0
15729201.0,Harewood,682.0,France,M,55.0,9.0,nan,1.0,1.0,0.0,153356.8,1.0
15731117.0,,437.0,Spain,M,28.0,2.0,109161.25,1.0,1.0,0.0,152987.42,0.0
15615207.0,Yeh,792.0,Spain,M,47.0,0.0,0.0,1.0,1.0,1.0,5557.88,1.0
15773512.0,Bischof,627.0,Spain,,25.0,4.0,0.0,,1.0,1.0,194313.93,0.0
15572145.0,Ashton,767.0,France,F,34.0,8.0,0.0,2.0,1.0,0.0,94767.77,0.0
15642710.0,Napolitani,686.0,France,M,26.0,7.0,0.0,2.0,,0.0,1540.89,0.0
15574213.0,,789.0,France,F,53.0,1.0,158271.74,1.0,1.0,1.0,,1.0
15718852.0,Uren,794.0,France,M,56.0,,96951.21,1.0,1.0,1.0,71776.76,0.0
15583840.0,,587.0,Germany,M,35.0,5.0,121863.61,1.0,1.0,1.0,23481.69,1.0
15782418.0,Ku,589.0,Germany,F,nan,9.0,83495.11,1.0,1.0,1.0,143022.31,1.0
15813504.0,Onyemachukwu,543.0,,F,nan,1.0,146566.01,1.0,0.0,1.0,161407.48,0.0
,Kao,589.0,Spain,F,nan,1.0,0.0,1.0,0.0,0.0,125939.22,
15621064.0,,701.0,Germany,M,23.0,,186101.18,2.0,,1.0,76611.33,0.0
15627847.0,Woronoff,850.0,France,M,40.0,6.0,0.0,1.0,1.0,0.0,136985.08,1.0
15588090.0,Ferri,726.0,Germany,,51.0,8.0,107494.86,2.0,1.0,0.0,140937.91,1.0
15735270.0,Ruggiero,767.0,Spain,M,47.0,2.0,0.0,1.0,1.0,0.0,48161.18,
15671804.0,Wilding,648.0,Spain,,36.0,8.0,146943.38,,,1.0,130041.45,0.0
15753215.0,Yashina,651.0,Spain,F,36.0,8.0,0.0,2.0,1.0,0.0,91652.43,0.0
15789941.0,Yevseyev,633.0,,F,36.0,6.0,125130.28,1.0,0.0,0.0,125961.48,0.0
15691061.0,Rapuokwu,740.0,,F,37.0,9.0,0.0,2.0,1.0,,73225.31,
15808326.0,Maslov,592.0,France,F,34.0,9.0,0.0,2.0,,1.0,20460.2,
15566660.0,Cole,670.0,France,F,41.0,10.0,0.0,3.0,1.0,0.0,81602.02,0.0
15778947.0,Sullivan,628.0,France,M,36.0,3.0,0.0,2.0,1.0,1.0,8742.91,0.0
15632977.0,Hsiao,745.0,,M,47.0,5.0,0.0,2.0,0.0,0.0,145789.71,0.0
15591747.0,Rossi,,France,M,32.0,3.0,0.0,2.0,0.0,,129576.99,0.0
15567335.0,Allsop,559.0,France,F,nan,7.0,0.0,2.0,1.0,1.0,190040.29,0.0
15609299.0,,595.0,France,M,29.0,6.0,150685.79,1.0,1.0,0.0,87771.06,0.0
15669945.0,Jackson,492.0,France,M,150,4.0,141359.37,2.0,1.0,0.0,39519.53,0.0
15736271.0,Dumetochukwu,498.0,,,29.0,,0.0,1.0,1.0,0.0,190035.83,0.0
15710390.0,Uspensky,655.0,France,F,150,6.0,94631.26,2.0,1.0,1.0,148948.52,0.0
15756481.0,Garcia,636.0,France,F,39.0,3.0,118336.14,1.0,1.0,0.0,184691.77,0.0
15736730.0,Soto,,France,F,45.0,2.0,0.0,1.0,1.0,1.0,143458.31,0.0
15626040.0,McDonald,793.0,Spain,,63.0,0.0,nan,2.0,0.0,1.0,27166.75,0.0
15746553.0,Castles,526.0,Germany,M,50.0,5.0,124233.24,1.0,0.0,1.0,159456.87,1.0
15622518.0,Stephenson,768.0,France,F,26.0,5.0,51116.26,1.0,1.0,1.0,70454.79,1.0
15684908.0,Davidson,540.0,Germany,,64.0,1.0,91869.69,1.0,0.0,1.0,95421.0,
15569446.0,Tu,732.0,France,,34.0,8.0,122338.43,2.0,1.0,,187985.85,0.0
15777504.0,Colbert,617.0,France,F,nan,8.0,0.0,,,1.0,92621.9,0.0
15677906.0,Owens,637.0,Spain,F,54.0,5.0,0.0,,0.0,1.0,150836.98,0.0
15703292.0,Chimezie,573.0,France,,26.0,8.0,86270.93,2.0,1.0,1.0,90177.3,0.0
15712938.0,Genovese,531.0,France,M,44.0,3.0,0.0,2.0,1.0,1.0,34416.79,0.0
15631359.0,,489.0,,F,38.0,5.0,117289.92,1.0,0.0,0.0,85231.88,0.0
15720847.0,Sheffield,601.0,France,M,35.0,2.0,0.0,,1.0,1.0,118983.18,0.0
15787830.0,Bailey,,Germany,M,33.0,7.0,153663.27,1.0,1.0,0.0,111868.23,0.0
15599869.0,Dyson,728.0,Spain,F,29.0,1.0,0.0,1.0,,1.0,83056.22,0.0
15592078.0,,,Germany,F,27.0,,123599.49,2.0,,0.0,1676.92,0.0
,Uwaezuoke,490.0,France,M,29.0,4.0,0.0,2.0,1.0,0.0,32089.57,0.0
15578462.0,Hs?,596.0,Spain,F,76.0,9.0,134208.25,1.0,1.0,1.0,13455.43,
15756894.0,Onwuka,635.0,France,,29.0,1.0,0.0,1.0,,1.0,24865.54,0.0
15796167.0,Flores,782.0,Germany,M,35.0,7.0,-99999,2.0,1.0,0.0,117644.36,0.0
15664808.0,Nicoll,790.0,Spain,F,37.0,,0.0,3.0,0.0,0.0,98897.32,0.0
15664555.0,,587.0,France,M,40.0,2.0,0.0,4.0,0.0,1.0,106174.7,1.0
15607278.0,Romano,794.0,Spain,F,46.0,8.0,134593.79,1.0,1.0,1.0,46386.37,0.0
15585222.0,Norman,515.0,France,M,nan,8.0,nan,2.0,1.0,1.0,185054.14,0.0
15750299.0,Davison,746.0,Spain,M,24.0,10.0,68781.82,1.0,0.0,1.0,47997.39,
15761294.0,Manna,,Germany,F,56.0,8.0,137464.04,1.0,1.0,0.0,130846.79,
15810454.0,Reed,709.0,France,M,32.0,4.0,147307.91,1.0,0.0,,40861.55,0.0
15673984.0,Daniels,536.0,France,F,35.0,8.0,0.0,1.0,1.0,0.0,,1.0
15609319.0,Hunt,711.0,France,F,41.0,3.0,145754.91,1.0,1.0,1.0,101455.07,0.0
,Feng,753.0,France,,46.0,8.0,0.0,3.0,1.0,0.0,90747.94,1.0
15580252.0,Waters,748.0,France,M,44.0,,112610.77,1.0,0.0,1.0,2048.55,
15741275.0,Yuan,623.0,France,F,57.0,7.0,71481.79,2.0,1.0,1.0,84421.34,0.0
15707132.0,Yudin,465.0,France,M,33.0,5.0,0.0,2.0,0.0,1.0,,0.0
15600708.0,Calabresi,640.0,Spain,F,nan,3.0,77826.8,1.0,1.0,1.0,168544.85,0.0
15804787.0,Onyemauchechukwu,562.0,France,M,75.0,5.0,87140.85,1.0,1.0,1.0,39351.64,
15690021.0,Martin,502.0,Germany,F,42.0,0.0,132002.7,1.0,0.0,1.0,28204.98,1.0
15763895.0,Hung,536.0,France,M,32.0,7.0,-99999,2.0,1.0,0.0,22375.14,0.0
15623478.0,Maslova,670.0,Germany,F,32.0,4.0,102954.68,2.0,,1.0,,0.0
15797910.0,Zetticci,775.0,Germany,M,51.0,2.0,-99999,1.0,1.0,1.0,134901.57,0.0
15577751.0,Pisano,759.0,Germany,M,30.0,4.0,101802.67,1.0,0.0,0.0,8693.8,0.0
,Sutherland,604.0,France,M,33.0,3.0,148659.48,,0.0,0.0,,
15740527.0,Lai,766.0,Germany,F,62.0,7.0,142724.48,1.0,0.0,,5893.23,1.0
15721251.0,Watson,554.0,Spain,,41.0,4.0,nan,1.0,0.0,1.0,36242.19,0.0
15602994.0,Gorbunov,487.0,France,F,53.0,10.0,89550.85,1.0,0.0,1.0,90076.85,0.0
15750769.0,Padovano,725.0,France,M,35.0,7.0,75915.75,1.0,1.0,,150507.43,0.0
15740175.0,Raynor,732.0,Germany,F,42.0,2.0,118889.66,2.0,0.0,0.0,87422.15,0.0
15679968.0,Ting,623.0,France,M,40.0,5.0,118788.57,1.0,1.0,0.0,192867.4,0.0
15694404.0,Eberegbulam,781.0,France,F,42.0,3.0,156555.54,1.0,1.0,1.0,,0.0
15657529.0,Chin,714.0,,,53.0,1.0,99141.86,1.0,1.0,1.0,72496.05,
15762882.0,Manna,577.0,Germany,,31.0,4.0,61211.18,1.0,1.0,1.0,,0.0
15642579.0,,731.0,,F,37.0,1.0,128932.4,1.0,1.0,,180712.52,0.0
15598884.0,,,Spain,F,23.0,5.0,0.0,1.0,1.0,1.0,180622.43,0.0
15770185.0,Buckley,779.0,France,M,32.0,10.0,-99999,,,0.0,86306.75,0.0
15800287.0,Micco,706.0,Spain,F,46.0,2.0,127660.46,2.0,1.0,0.0,150156.82,1.0
15665861.0,Avdeev,733.0,Spain,,44.0,3.0,106070.89,1.0,,1.0,101617.43,0.0
15662203.0,Bremer,579.0,Germany,F,42.0,3.0,137560.38,2.0,1.0,1.0,85424.34,0.0
15616454.0,Davidson,476.0,Germany,F,34.0,8.0,nan,1.0,0.0,1.0,197221.81,1.0
15702788.0,Gadsdon,775.0,France,M,40.0,9.0,126212.64,,1.0,0.0,70196.57,0.0
15778149.0,Connolly,538.0,,M,68.0,9.0,0.0,2.0,1.0,0.0,110440.5,1.0
15680001.0,McDonald,602.0,France,M,150,7.0,111835.94,2.0,1.0,0.0,124389.61,0.0
15711991.0,,615.0,France,M,30.0,8.0,0.0,2.0,0.0,0.0,3183.15,0.0
,Milne,700.0,Germany,,28.0,,99705.69,2.0,0.0,0.0,,
15765266.0,Fleming,615.0,France,M,32.0,1.0,0.0,2.0,0.0,0.0,2139.25,0.0
15791867.0,Hicks,544.0,Germany,,150,2.0,108895.93,1.0,0.0,0.0,69228.2,1.0
15675380.0,Logan,573.0,Spain,M,56.0,,154669.77,1.0,0.0,1.0,115462.27,1.0
15770576.0,,,Spain,M,50.0,7.0,128061.0,2.0,1.0,1.0,62375.1,0.0
15775294.0,Weber,692.0,France,F,31.0,2.0,0.0,2.0,1.0,0.0,91829.17,1.0
15727059.0,Lettiere,,France,F,40.0,4.0,0.0,2.0,0.0,0.0,,0.0
15702499.0,Schnaars,770.0,Spain,M,46.0,9.0,190678.02,1.0,1.0,1.0,14725.36,0.0
,Tao,641.0,France,F,40.0,7.0,nan,1.0,1.0,0.0,126996.67,0.0
15654000.0,Algarin,705.0,France,F,35.0,5.0,0.0,1.0,1.0,0.0,133991.11,1.0
15657881.0,Onyemere,784.0,France,,38.0,5.0,136712.91,1.0,0.0,1.0,,0.0
15719991.0,Korovina,727.0,Spain,F,nan,,154733.97,1.0,1.0,0.0,80259.67,1.0
15720687.0,Chidubem,576.0,France,,41.0,,112609.91,1.0,0.0,0.0,,1.0
15687079.0,King,646.0,Spain,M,69.0,10.0,115462.44,1.0,,0.0,40421.87,0.0
15582276.0,Greco,638.0,France,M,34.0,5.0,133501.36,1.0,0.0,1.0,155643.04,0.0
15763980.0,Beneventi,632.0,Germany,M,30.0,1.0,58668.02,1.0,1.0,1.0,78670.52,0.0
15720774.0,P'eng,850.0,Spain,M,44.0,7.0,89118.26,1.0,1.0,0.0,104240.77,1.0
15592194.0,Metcalf,492.0,France,F,28.0,9.0,0.0,2.0,1.0,0.0,95957.09,0.0
15803685.0,Greco,673.0,Germany,F,77.0,10.0,76510.52,2.0,0.0,1.0,59595.66,0.0
15759456.0,Lupton,609.0,Spain,,34.0,7.0,140694.78,,1.0,0.0,46266.63,0.0
15611544.0,Ibeamaka,701.0,,M,36.0,7.0,95448.32,,1.0,0.0,189085.07,0.0
15794257.0,Hsiung,651.0,France,M,34.0,4.0,91562.99,1.0,1.0,1.0,123954.15,0.0
15681697.0,Rueda,508.0,France,M,31.0,8.0,72541.48,1.0,1.0,0.0,129803.08,0.0
15579566.0,Li Fonti,616.0,Spain,F,43.0,3.0,120867.18,1.0,1.0,0.0,18761.92,1.0
15577970.0,Alexeeva,,France,M,nan,5.0,nan,1.0,0.0,0.0,43540.59,0.0
15727489.0,Madueke,567.0,Spain,,45.0,1.0,157320.51,1.0,1.0,,62193.92,0.0
15764284.0,Torres,714.0,,,27.0,,0.0,,1.0,,129130.09,0.0
15581811.0,Chukwubuikem,678.0,Germany,F,30.0,,-99999,2.0,0.0,,16146.0,
15622527.0,Holloway,,France,,55.0,6.0,0.0,1.0,,1.0,22442.13,0.0
15753362.0,Evdokimov,748.0,Spain,M,nan,3.0,0.0,2.0,1.0,,78194.37,0.0
15666652.0,Anayolisa,781.0,France,F,19.0,3.0,-99999,2.0,1.0,,124297.32,0.0
15789714.0,Semmens,691.0,Spain,M,21.0,3.0,103000.94,1.0,1.0,1.0,,0.0
15771543.0,Tu,507.0,Germany,M,31.0,2.0,134237.07,1.0,1.0,1.0,166423.66,1.0
15748327.0,,724.0,Germany,M,34.0,,118235.7,2.0,,0.0,157137.23,0.0
15754649.0,Fang,705.0,,F,57.0,3.0,-99999,2.0,1.0,1.0,34134.14,0.0
15810460.0,Fanucci,708.0,Spain,,150,5.0,0.0,3.0,0.0,1.0,,
15771742.0,Boyle,580.0,Germany,M,38.0,9.0,nan,2.0,1.0,0.0,128481.5,1.0
15642160.0,Milanesi,850.0,France,M,38.0,5.0,0.0,2.0,,0.0,16491.64,0.0
,Davidson,714.0,Spain,M,150,2.0,-99999,1.0,1.0,,132979.43,0.0
15605293.0,McKay,559.0,France,F,43.0,1.0,0.0,2.0,1.0,1.0,196645.87,0.0
,Bogdanova,577.0,Spain,F,44.0,8.0,115557.0,,0.0,1.0,127506.76,0.0
15665376.0,Lavrentiev,647.0,Germany,F,35.0,3.0,166518.63,2.0,,0.0,147930.46,0.0
,,554.0,Spain,M,nan,6.0,135370.12,1.0,1.0,1.0,179689.05,1.0
15654577.0,,549.0,Germany,M,54.0,5.0,92877.33,1.0,1.0,0.0,2619.64,1.0
15585427.0,Madueke,528.0,France,F,26.0,10.0,102073.67,,0.0,0.0,166799.93,0.0
15584536.0,Barber,720.0,Germany,M,46.0,3.0,97042.6,1.0,1.0,1.0,133516.51,1.0
15585853.0,McCardle,743.0,Spain,M,41.0,7.0,0.0,1.0,1.0,0.0,163736.09,1.0
15645271.0,,615.0,Germany,,24.0,8.0,108528.07,,0.0,0.0,179488.41,1.0
15579387.0,Ni,635.0,Germany,F,44.0,2.0,79064.85,,0.0,1.0,,0.0
15623107.0,Chukwumaobim,686.0,Spain,M,nan,,74274.87,3.0,1.0,0.0,64907.48,1.0
15754072.0,Dennis,840.0,Spain,F,36.0,6.0,0.0,2.0,1.0,0.0,141364.27,0.0
15666163.0,Hayward,695.0,,M,150,,nan,1.0,1.0,1.0,101141.28,0.0
15765192.0,Jones,564.0,,M,26.0,7.0,-99999,2.0,0.0,,183490.99,0.0
15804822.0,,805.0,France,F,31.0,4.0,0.0,2.0,,0.0,4798.12,0.0
15612893.0,Nelson,558.0,Spain,M,45.0,4.0,0.0,,1.0,0.0,131807.14,0.0
15593636.0,Cardus,,France,F,39.0,4.0,80293.81,1.0,1.0,0.0,97192.76,0.0
15693326.0,Whitehouse,641.0,France,F,150,7.0,125437.14,2.0,0.0,0.0,,
15809901.0,Johnstone,755.0,France,M,nan,,0.0,2.0,1.0,0.0,176809.87,0.0
15759751.0,Tsui,483.0,France,M,48.0,1.0,0.0,2.0,1.0,1.0,110059.38,0.0
15605425.0,Chia,545.0,Germany,,44.0,2.0,127536.44,1.0,1.0,0.0,108398.63,
15801934.0,Su,678.0,France,M,66.0,8.0,0.0,2.0,1.0,1.0,47117.03,0.0
15592000.0,Calabresi,781.0,Germany,F,48.0,9.0,nan,1.0,1.0,0.0,124720.68,
15618695.0,,,Spain,F,22.0,3.0,108117.1,1.0,0.0,1.0,53328.7,0.0
15637110.0,McCulloch,634.0,Spain,F,35.0,10.0,0.0,1.0,1.0,0.0,82634.41,
15727408.0,Koo,523.0,Germany,M,27.0,8.0,61688.61,,1.0,0.0,147059.16,0.0
15716328.0,Miller,501.0,France,F,40.0,2.0,0.0,2.0,,0.0,141946.92,
15669060.0,Woolnough,662.0,France,M,74.0,6.0,0.0,2.0,1.0,0.0,123583.85,0.0
15675854.0,Douglas,573.0,Spain,M,50.0,0.0,159304.07,1.0,,,155915.24,1.0
15621116.0,Fang,648.0,Germany,M,33.0,5.0,138664.24,,1.0,0.0,29076.27,0.0
15781495.0,Munro,662.0,,F,22.0,2.0,126362.57,2.0,1.0,1.0,97382.8,0.0
15740470.0,Vinogradov,725.0,France,M,39.0,4.0,160652.45,2.0,1.0,0.0,57643.55,0.0
,Lai,563.0,France,F,35.0,2.0,183572.84,,1.0,1.0,66006.75,1.0
15730137.0,Udegbulam,628.0,France,M,31.0,0.0,88421.81,1.0,0.0,0.0,72350.47,0.0
15596455.0,Mao,546.0,Spain,F,45.0,2.0,0.0,1.0,0.0,0.0,197789.83,1.0
15717290.0,Onyekaozulu,688.0,Germany,M,41.0,2.0,nan,2.0,0.0,1.0,65520.74,
15616555.0,Fu,850.0,Germany,,41.0,8.0,60880.68,1.0,1.0,0.0,31825.84,0.0
15659820.0,Cross,614.0,France,F,34.0,5.0,0.0,2.0,1.0,0.0,185561.89,0.0
15696301.0,Snider,719.0,France,,nan,9.0,101455.7,1.0,1.0,0.0,,
15771087.0,Harrison,757.0,,F,71.0,0.0,nan,2.0,1.0,1.0,,0.0
15808831.0,Dale,669.0,,M,29.0,7.0,0.0,2.0,1.0,1.0,138145.62,0.0
15812241.0,Udinese,438.0,Germany,M,59.0,7.0,127197.14,1.0,1.0,0.0,51565.98,1.0
15680370.0,DeRose,492.0,France,M,39.0,7.0,0.0,2.0,0.0,1.0,71323.23,0.0
15780561.0,Hay,,France,F,nan,9.0,83456.79,,0.0,0.0,38882.34,
15800784.0,Bruce,,France,M,42.0,,nan,,1.0,,676.06,0.0
15715796.0,Romani,728.0,,M,nan,0.0,0.0,2.0,1.0,1.0,72203.8,0.0
15605375.0,Tseng,651.0,France,M,35.0,,86911.8,1.0,1.0,0.0,174094.24,0.0
15621520.0,Tang,783.0,Germany,F,150,2.0,139707.28,1.0,1.0,,2150.22,0.0
15665460.0,Isayeva,732.0,Spain,F,67.0,1.0,0.0,2.0,1.0,1.0,,0.0
15801152.0,,553.0,Spain,,nan,1.0,142876.98,2.0,1.0,0.0,44363.42,0.0
15756425.0,Barnes,660.0,France,M,150,7.0,146301.31,1.0,0.0,,96847.91,0.0
15674328.0,Moreno,670.0,France,F,nan,,47364.45,1.0,1.0,,148579.43,1.0
15742404.0,McGregor,718.0,,M,38.0,7.0,0.0,2.0,1.0,0.0,38308.34,0.0
15757140.0,Genovese,787.0,France,M,51.0,0.0,58137.08,1.0,0.0,1.0,142538.31,0.0
15570051.0,Gill,775.0,Germany,F,38.0,6.0,179886.41,2.0,0.0,0.0,153122.58,0.0
15669175.0,Ts'ai,479.0,Germany,M,150,6.0,107637.97,,0.0,,169505.83,0.0
15790324.0,Green,660.0,France,F,20.0,6.0,167685.56,1.0,1.0,0.0,57929.9,
15691119.0,Martin,721.0,Germany,M,68.0,4.0,nan,1.0,0.0,0.0,175399.14,
15743478.0,Johnson,,Germany,M,39.0,8.0,52106.33,2.0,1.0,1.0,107964.36,0.0
15707007.0,Onio,743.0,France,F,150,8.0,nan,1.0,1.0,,94263.44,0.0
15572547.0,Vaguine,670.0,France,F,45.0,9.0,104930.38,1.0,1.0,0.0,155921.81,
15567063.0,Manna,766.0,Germany,F,34.0,,106434.94,1.0,0.0,1.0,,1.0
15689633.0,Toomey,845.0,Spain,F,38.0,2.0,112803.92,,1.0,0.0,179631.85,0.0
15720637.0,Bell,710.0,Germany,F,46.0,10.0,120530.34,1.0,1.0,0.0,166586.99,1.0
15616859.0,Bonwick,602.0,Germany,F,43.0,2.0,113641.49,4.0,1.0,0.0,115116.35,1.0
15766166.0,Folliero,604.0,Spain,M,43.0,2.0,145081.72,1.0,1.0,1.0,23881.62,0.0
15617655.0,Holt,564.0,Spain,F,35.0,9.0,0.0,2.0,1.0,1.0,105837.38,0.0
15623450.0,Brown,637.0,Germany,F,150,7.0,135842.89,1.0,1.0,1.0,101418.05,0.0
15796612.0,Ch'ang,527.0,France,F,31.0,1.0,112203.25,1.0,1.0,0.0,182266.01,0.0
15795963.0,,687.0,France,M,34.0,7.0,129895.19,1.0,0.0,1.0,28698.17,0.0
15781598.0,Middleton,756.0,Germany,M,41.0,6.0,149049.92,,0.0,1.0,50422.36,1.0
15691871.0,Millar,503.0,Germany,M,42.0,9.0,153279.39,1.0,,1.0,151336.96,0.0
15740345.0,,657.0,Spain,M,42.0,5.0,41473.33,1.0,1.0,0.0,112979.6,1.0
,Feng,666.0,France,F,40.0,2.0,0.0,2.0,0.0,0.0,36371.27,0.0
15596575.0,Vale,615.0,Germany,M,39.0,5.0,113193.51,2.0,,,52166.25,0.0
15657321.0,Arkwookerum,,Germany,M,27.0,,113174.21,2.0,1.0,0.0,147261.58,0.0
15575955.0,Lujan,764.0,France,F,nan,0.0,0.0,2.0,1.0,0.0,88724.49,0.0
15743893.0,Alexeyeva,471.0,France,M,42.0,3.0,164951.56,1.0,1.0,0.0,190531.77,0.0
15697270.0,Gannon,608.0,Spain,M,27.0,4.0,153325.1,1.0,1.0,1.0,199953.33,0.0
15644356.0,Prokhorova,682.0,Spain,F,47.0,10.0,134032.01,1.0,1.0,,144290.97,0.0
15677586.0,Romero,587.0,Germany,F,32.0,3.0,125445.04,2.0,1.0,1.0,,0.0
15571261.0,,714.0,,F,35.0,6.0,126077.43,2.0,1.0,1.0,53954.24,0.0
15698758.0,Onwuamaegbu,630.0,Spain,F,31.0,1.0,0.0,2.0,1.0,1.0,169802.73,
15787014.0,King,648.0,Germany,F,28.0,8.0,90371.09,1.0,1.0,,,0.0
15739857.0,Trentino,785.0,,F,40.0,3.0,0.0,,1.0,1.0,96832.82,0.0
15774630.0,Peacock,601.0,Germany,F,47.0,1.0,142802.02,1.0,1.0,1.0,57553.02,0.0
15805523.0,Nnaife,717.0,France,F,28.0,1.0,nan,1.0,0.0,1.0,74800.99,0.0
15749557.0,Chao,707.0,France,F,44.0,,0.0,,1.0,1.0,,0.0
15681180.0,Barese,771.0,France,F,23.0,7.0,156123.73,1.0,1.0,0.0,72990.62,0.0
15742028.0,Udegbulam,602.0,France,F,nan,,0.0,2.0,,0.0,31050.02,0.0
15686463.0,Fu,626.0,France,M,38.0,7.0,141074.59,1.0,1.0,,52795.56,1.0
15654379.0,Onwuatuegwu,588.0,Spain,M,59.0,4.0,0.0,,,1.0,27435.41,0.0
15783629.0,Degtyaryov,616.0,Germany,F,42.0,6.0,117899.95,2.0,0.0,0.0,,0.0
,Nnaemeka,621.0,Spain,M,33.0,4.0,0.0,2.0,1.0,1.0,40299.23,0.0
15724099.0,Udinese,674.0,France,M,150,6.0,166257.96,1.0,1.0,1.0,149369.41,0.0
15568429.0,Mitchell,633.0,Spain,F,46.0,3.0,0.0,2.0,1.0,0.0,120250.58,0.0
15648967.0,Ch'en,698.0,Germany,,64.0,1.0,169362.43,1.0,1.0,,84760.32,1.0
15664498.0,Golovanov,508.0,France,M,26.0,7.0,205962.0,,1.0,0.0,156424.4,
15779522.0,Efimov,736.0,France,F,24.0,0.0,0.0,,1.0,0.0,109355.73,1.0
15583850.0,Davidson,672.0,Germany,M,68.0,0.0,126061.51,2.0,1.0,1.0,184936.77,
15696539.0,Wade,613.0,France,F,21.0,7.0,105627.95,1.0,1.0,1.0,36560.51,0.0
15760121.0,Maynard,712.0,,,32.0,9.0,100606.02,1.0,1.0,0.0,,0.0
,Murphy,624.0,,F,38.0,3.0,nan,2.0,1.0,1.0,,0.0
15766163.0,Zotova,676.0,France,M,38.0,1.0,0.0,2.0,0.0,1.0,35644.79,0.0
15566467.0,,683.0,Germany,F,32.0,0.0,138171.1,2.0,1.0,1.0,188203.58,0.0
,Cartagena,489.0,France,F,31.0,7.0,139395.08,1.0,0.0,1.0,,0.0
15736413.0,Hall,739.0,France,,150,1.0,0.0,2.0,,1.0,164484.78,0.0
15634815.0,Hunt,701.0,France,F,37.0,3.0,0.0,2.0,1.0,1.0,164268.28,0.0
15716381.0,Greece,666.0,Germany,F,50.0,7.0,109062.28,1.0,1.0,1.0,,1.0
15708162.0,Thomson,565.0,Germany,F,40.0,1.0,89994.71,2.0,0.0,1.0,121084.27,0.0
15569364.0,Victor,666.0,France,,36.0,3.0,nan,2.0,1.0,0.0,35156.54,0.0
15791191.0,Mitchell,633.0,France,M,59.0,2.0,nan,,1.0,1.0,103159.11,0.0
15621205.0,Olisaemeka,578.0,France,M,150,4.0,175111.11,,1.0,1.0,74858.3,
15704788.0,Krawczyk,,Spain,F,49.0,8.0,-99999,2.0,,,91556.57,1.0
15775756.0,Alexandrova,809.0,Germany,M,33.0,8.0,148055.74,1.0,0.0,0.0,199203.21,0.0
15641312.0,Paterson,615.0,France,M,nan,6.0,0.0,1.0,1.0,1.0,27011.8,1.0
15782531.0,Chou,684.0,Spain,F,31.0,8.0,0.0,2.0,1.0,0.0,188637.05,0.0
15724428.0,Abel,544.0,France,M,40.0,8.0,0.0,2.0,,0.0,61581.2,0.0
15743617.0,Chesnokova,713.0,Germany,M,47.0,1.0,nan,1.0,1.0,0.0,197529.23,0.0
15585839.0,Niu,633.0,France,M,37.0,2.0,0.0,2.0,1.0,0.0,182258.17,0.0
15658158.0,Sullivan,672.0,Germany,F,23.0,10.0,110741.56,1.0,1.0,0.0,80778.5,0.0
15637678.0,Ma,,France,M,nan,5.0,0.0,1.0,,0.0,155394.52,0.0
15701809.0,Cavill,749.0,Spain,F,28.0,3.0,nan,1.0,1.0,0.0,3408.7,0.0
15676937.0,Nicholls,635.0,Spain,F,32.0,8.0,0.0,2.0,1.0,1.0,,1.0
15778975.0,Nnonso,850.0,,F,70.0,1.0,96947.58,3.0,1.0,0.0,62282.99,1.0
15710375.0,,641.0,France,M,41.0,6.0,0.0,2.0,1.0,,65396.79,0.0
15579914.0,,633.0,Germany,M,30.0,2.0,109786.82,2.0,1.0,1.0,139712.81,0.0
,Renwick,413.0,Spain,M,35.0,2.0,0.0,2.0,1.0,1.0,60972.84,0.0
15595391.0,Norris,538.0,France,M,31.0,1.0,nan,2.0,1.0,0.0,1375.46,
15630363.0,Nkemakonam,437.0,France,F,150,0.0,nan,1.0,0.0,,22191.82,0.0
15692443.0,Piccio,612.0,Spain,,nan,,69478.57,1.0,1.0,0.0,8973.67,1.0
,,516.0,Germany,F,53.0,1.0,-99999,1.0,1.0,0.0,118502.34,1.0
15642824.0,,826.0,Spain,F,150,8.0,174506.1,2.0,,1.0,161802.82,1.0
15683524.0,Tobenna,660.0,Germany,F,150,6.0,166070.48,2.0,0.0,0.0,90494.72,
15713532.0,Wang,646.0,Germany,F,29.0,4.0,105957.44,1.0,1.0,0.0,15470.91,0.0
15719827.0,O'Donnell,,France,,36.0,3.0,0.0,1.0,0.0,0.0,65147.27,
15578435.0,Langlands,640.0,France,M,40.0,8.0,110340.68,1.0,1.0,1.0,157886.6,0.0
15723028.0,Smith,778.0,France,M,33.0,1.0,0.0,2.0,1.0,0.0,85439.73,0.0
15595609.0,Sykes,679.0,Germany,M,52.0,9.0,135870.01,2.0,0.0,0.0,54038.62,0.0
15622443.0,Marshall,549.0,France,M,31.0,4.0,0.0,2.0,0.0,1.0,25684.85,0.0
15579112.0,Gibson,598.0,France,M,47.0,2.0,0.0,2.0,1.0,1.0,186116.54,0.0
15648479.0,Stephenson,655.0,,F,45.0,0.0,0.0,2.0,1.0,0.0,166830.71,0.0
15659234.0,Y?,494.0,France,M,30.0,3.0,nan,1.0,,1.0,27886.06,0.0
15811970.0,,653.0,France,F,nan,1.0,0.0,2.0,1.0,1.0,5768.32,0.0
15774192.0,Miller,539.0,Germany,F,38.0,8.0,105435.74,1.0,0.0,0.0,80575.44,
15595136.0,Kryukov,645.0,France,F,150,1.0,0.0,2.0,1.0,1.0,68987.55,0.0
,Y?,751.0,Germany,M,34.0,9.0,108513.25,2.0,1.0,1.0,27097.82,
15660646.0,Fanucci,528.0,France,M,35.0,,156687.1,1.0,1.0,0.0,199320.77,0.0
15614365.0,Lombardi,,,M,150,3.0,150604.52,1.0,0.0,,5566.6,0.0
15776128.0,Hs?,,France,F,44.0,6.0,155114.9,1.0,0.0,0.0,133871.83,0.0
15787035.0,Anderson,602.0,France,F,35.0,8.0,0.0,2.0,1.0,1.0,,0.0
,Trentino,647.0,Spain,F,64.0,1.0,91216.0,1.0,1.0,1.0,41800.18,0.0
15726832.0,Donnelly,850.0,Germany,M,61.0,3.0,141784.02,1.0,1.0,1.0,92053.75,0.0
15773260.0,Tsou,590.0,France,F,nan,0.0,127763.24,1.0,1.0,0.0,100717.54,0.0
15624437.0,Johnson,825.0,Spain,F,32.0,1.0,0.0,,1.0,1.0,42935.15,0.0
15717138.0,Watson,850.0,Spain,M,31.0,6.0,82613.56,2.0,1.0,0.0,149170.92,0.0
15657317.0,Allan,789.0,France,F,32.0,7.0,69423.52,1.0,1.0,0.0,107499.39,0.0
,,701.0,France,F,42.0,6.0,nan,1.0,1.0,0.0,153342.38,
15758901.0,Henderson,713.0,Spain,,47.0,1.0,0.0,1.0,1.0,0.0,107825.08,1.0
15777759.0,Boucaut,570.0,France,M,30.0,,131406.56,1.0,1.0,1.0,47952.45,0.0
15773322.0,Obiajulu,536.0,Germany,F,44.0,4.0,121898.82,1.0,0.0,0.0,,0.0
15697318.0,Ifeatu,771.0,Germany,M,nan,,77487.2,1.0,0.0,0.0,,0.0
15678916.0,Kelly,512.0,France,F,75.0,2.0,0.0,1.0,1.0,0.0,123304.62,0.0
,Pirozzi,698.0,Spain,M,45.0,5.0,164450.94,,1.0,0.0,141970.02,
15788118.0,Siciliano,656.0,France,M,33.0,7.0,138705.02,2.0,1.0,0.0,37136.15,0.0
15788930.0,Silva,761.0,Spain,M,37.0,7.0,nan,1.0,1.0,0.0,199293.01,0.0
15628583.0,Iweobiegbunam,709.0,,F,30.0,5.0,0.0,2.0,0.0,1.0,161388.22,0.0
15635177.0,Williamson,597.0,Spain,F,66.0,,0.0,,1.0,1.0,70532.53,0.0
15587690.0,Madueke,592.0,France,M,28.0,2.0,116498.22,1.0,1.0,0.0,144290.25,0.0
15627630.0,Chiagoziem,599.0,France,F,41.0,,0.0,2.0,,0.0,,0.0
15610930.0,Kwemto,572.0,Germany,F,35.0,1.0,139979.07,1.0,,0.0,185662.84,0.0
15657747.0,,611.0,Germany,F,43.0,9.0,127216.31,2.0,0.0,1.0,17913.25,0.0
15568006.0,Ukaegbunam,634.0,France,F,45.0,2.0,0.0,,1.0,0.0,,1.0
15751748.0,Trevisani,666.0,France,M,51.0,,148222.65,1.0,0.0,0.0,156953.54,1.0
15722212.0,Edmondstone,696.0,France,F,41.0,8.0,0.0,2.0,0.0,0.0,28276.83,
15658670.0,,669.0,France,F,nan,8.0,nan,2.0,1.0,,84049.16,0.0
15761654.0,Boni,726.0,Spain,M,30.0,8.0,134152.29,1.0,1.0,1.0,147822.44,0.0
15812210.0,Yashina,497.0,Germany,F,32.0,8.0,111537.23,4.0,1.0,1.0,9497.99,1.0
15787051.0,,750.0,Spain,F,39.0,7.0,-99999,,1.0,0.0,87067.73,0.0
15642991.0,Tung,,,F,nan,7.0,nan,2.0,,0.0,23237.25,0.0
15713769.0,Michelides,617.0,Spain,M,nan,7.0,0.0,1.0,1.0,1.0,27239.28,0.0
15605826.0,,652.0,Germany,M,46.0,10.0,nan,3.0,1.0,0.0,151481.86,
15648898.0,Chuang,560.0,Spain,F,27.0,7.0,124995.98,1.0,1.0,,114669.79,
15705309.0,Yuriev,629.0,Spain,M,150,5.0,0.0,2.0,0.0,0.0,116748.14,0.0
15734202.0,Chidimma,660.0,Germany,F,52.0,4.0,86891.84,1.0,1.0,0.0,,0.0
15658852.0,Stevens,676.0,France,M,nan,8.0,0.0,2.0,1.0,1.0,133692.88,0.0
15612633.0,Kao,581.0,Spain,M,43.0,,-99999,1.0,0.0,1.0,30662.91,0.0
15604818.0,Edmund la Touche,798.0,,M,34.0,9.0,154495.79,1.0,1.0,0.0,191395.88,0.0
15593900.0,Belousov,705.0,France,,38.0,1.0,189443.72,1.0,0.0,1.0,106648.58,0.0
15624995.0,McCane,714.0,Spain,F,31.0,6.0,152926.6,1.0,,1.0,,0.0
15570087.0,Parry-Okeden,664.0,France,F,44.0,8.0,142989.69,1.0,1.0,1.0,115452.51,1.0
15802617.0,Hudson,,Germany,M,43.0,7.0,115371.94,2.0,1.0,0.0,64139.1,0.0
15656029.0,Marsden,609.0,France,M,37.0,6.0,0.0,2.0,0.0,,,0.0
15739194.0,Manfrin,548.0,Spain,M,38.0,0.0,178056.54,2.0,1.0,0.0,38434.73,0.0
15607275.0,Ch'ang,,Spain,M,39.0,6.0,206014.94,,0.0,1.0,42774.84,1.0
15629475.0,,656.0,France,M,41.0,2.0,0.0,2.0,1.0,,,0.0
15635034.0,Aldrich,727.0,,,37.0,9.0,101191.83,1.0,1.0,1.0,34551.35,1.0
15756333.0,Khan,642.0,France,F,55.0,7.0,0.0,,1.0,1.0,101515.76,0.0
15777436.0,Murray,,Spain,F,31.0,5.0,0.0,2.0,1.0,0.0,9561.73,0.0
15676835.0,Anayolisa,710.0,,M,33.0,1.0,0.0,2.0,1.0,0.0,168313.17,0.0
15574206.0,Shillito,718.0,France,F,37.0,7.0,0.0,2.0,1.0,1.0,55100.09,0.0
15613017.0,McMillan,586.0,Germany,,32.0,,149814.54,1.0,1.0,0.0,31830.06,
15815131.0,Howells,,Spain,F,36.0,7.0,115617.24,1.0,1.0,1.0,71519.4,0.0
,Stewart,630.0,France,M,28.0,9.0,0.0,2.0,0.0,0.0,32599.35,0.0
15692929.0,Ikechukwu,791.0,Germany,F,42.0,10.0,113657.41,2.0,0.0,1.0,139946.68,1.0
15758081.0,Repina,673.0,Spain,M,39.0,8.0,138160.0,1.0,1.0,1.0,110468.51,0.0
15667476.0,Cox,,Germany,F,36.0,3.0,117700.86,1.0,0.0,0.0,74042.0,0.0
15738248.0,Lo,662.0,France,F,37.0,5.0,0.0,2.0,1.0,0.0,151871.84,0.0
15672152.0,Grant,850.0,Germany,M,37.0,9.0,122506.38,1.0,0.0,,,1.0
15673372.0,Stevenson,,France,F,58.0,1.0,0.0,1.0,1.0,1.0,58907.08,1.0
15587611.0,Kauffmann,537.0,France,M,59.0,9.0,0.0,2.0,,0.0,103799.77,1.0
15803415.0,Samsonova,579.0,France,F,39.0,,-99999,2.0,1.0,0.0,93835.64,0.0
15715673.0,Niu,651.0,Spain,F,nan,4.0,89743.05,1.0,,0.0,156425.57,1.0
15655648.0,Bock,,France,F,25.0,2.0,0.0,2.0,1.0,0.0,123723.83,0.0
,Barlow,581.0,France,M,30.0,1.0,0.0,2.0,1.0,0.0,199464.08,0.0
15660385.0,,592.0,,M,39.0,7.0,0.0,2.0,,0.0,83084.33,0.0
15733261.0,Kung,688.0,Spain,F,35.0,6.0,0.0,1.0,1.0,0.0,25488.43,1.0
15796231.0,Nwankwo,681.0,France,F,18.0,1.0,nan,1.0,1.0,1.0,9596.4,0.0
15624866.0,Brewer,658.0,,M,nan,3.0,168735.74,2.0,0.0,0.0,70370.24,0.0
15623730.0,Ch'iu,792.0,France,M,34.0,1.0,0.0,1.0,0.0,1.0,86330.32,0.0
15668248.0,Quinn,528.0,,F,62.0,7.0,133201.17,1.0,0.0,0.0,168507.68,1.0
15694518.0,Kodilinyechukwu,624.0,Spain,F,36.0,0.0,0.0,2.0,1.0,0.0,111605.9,0.0
15638028.0,Ifeanyichukwu,562.0,,M,31.0,,127237.25,2.0,0.0,1.0,143317.42,0.0
15795895.0,Yermakova,678.0,Germany,M,nan,1.0,117864.85,,,0.0,27619.06,0.0
15694376.0,Sullivan,,Germany,F,64.0,,nan,,0.0,0.0,146573.66,
15669204.0,Grant,650.0,Germany,,23.0,,93911.3,2.0,1.0,0.0,69055.45,0.0
15773779.0,Jacka,593.0,Spain,,150,2.0,nan,1.0,,1.0,54453.72,0.0
15580682.0,Tsai,,France,F,40.0,,nan,2.0,1.0,1.0,33524.6,0.0
15768530.0,Emery,554.0,Spain,,nan,4.0,0.0,2.0,1.0,1.0,135083.73,
15672875.0,Piccio,584.0,Germany,M,32.0,,40172.91,1.0,1.0,1.0,,0.0
15617082.0,Sanders,516.0,France,M,33.0,7.0,115195.58,1.0,1.0,1.0,11205.5,
15760514.0,Sharp,789.0,Germany,F,43.0,9.0,116644.29,2.0,1.0,1.0,60176.1,0.0
,Myers,598.0,Germany,,nan,8.0,180293.84,2.0,1.0,1.0,29552.7,
15799964.0,Campbell,669.0,Germany,,30.0,7.0,139872.81,1.0,1.0,0.0,188795.85,0.0
15693906.0,Abbott,645.0,France,F,24.0,3.0,34547.82,1.0,1.0,1.0,11638.17,0.0
15739514.0,Preston,659.0,France,F,150,9.0,0.0,2.0,1.0,1.0,93155.75,0.0
15756926.0,Atherton,833.0,,,29.0,1.0,-99999,2.0,0.0,1.0,48986.18,0.0
15770984.0,Fanucci,697.0,Spain,,nan,7.0,130334.35,2.0,0.0,,116951.1,0.0
15703979.0,Evans,580.0,Germany,,39.0,3.0,119688.81,1.0,1.0,0.0,137041.26,0.0
15801821.0,Cookson,691.0,France,M,38.0,1.0,nan,2.0,0.0,,44653.5,0.0
15711028.0,Nnachetam,534.0,France,M,52.0,1.0,0.0,3.0,1.0,1.0,104035.41,1.0
15791842.0,Johnstone,478.0,France,F,32.0,6.0,71187.24,1.0,1.0,,,0.0
15746127.0,Hort,572.0,France,F,47.0,,0.0,2.0,1.0,0.0,,0.0
15663625.0,Johnson,501.0,France,M,37.0,4.0,0.0,2.0,0.0,0.0,12470.3,0.0
15604891.0,Zaytseva,624.0,Spain,F,150,8.0,0.0,2.0,1.0,0.0,,0.0
15589666.0,Sorokina,595.0,France,F,150,9.0,136422.41,1.0,,1.0,151757.81,0.0
15627881.0,Diehl,603.0,France,M,nan,8.0,0.0,2.0,1.0,1.0,,0.0
15664895.0,Onuchukwu,602.0,France,F,150,0.0,0.0,2.0,1.0,1.0,101274.17,0.0
15676094.0,Osonduagwuike,500.0,France,F,34.0,6.0,0.0,1.0,1.0,1.0,140268.45,0.0
15761720.0,Mead,422.0,France,M,41.0,6.0,153238.88,1.0,1.0,0.0,11663.09,0.0
15611961.0,,615.0,France,,35.0,7.0,0.0,2.0,1.0,0.0,150784.29,0.0
15680167.0,Thomson,635.0,France,F,78.0,6.0,-99999,1.0,1.0,1.0,119400.08,0.0
15762543.0,Goliwe,,France,F,150,,0.0,2.0,1.0,0.0,126188.42,0.0
15658475.0,Lori,834.0,France,M,36.0,8.0,142882.49,1.0,,0.0,89983.02,1.0
15779743.0,Onwuamaeze,633.0,France,F,44.0,7.0,0.0,2.0,1.0,,29761.29,0.0
15661532.0,Butusov,650.0,France,F,31.0,1.0,160566.11,,0.0,0.0,,0.0
15782360.0,Rogers,743.0,Germany,M,65.0,,131935.51,1.0,1.0,1.0,,1.0
,Nicholson,,France,M,38.0,6.0,127678.8,,0.0,0.0,45422.89,0.0
15677105.0,Rossi,706.0,,F,46.0,4.0,105214.58,,1.0,0.0,108699.59,1.0
15641474.0,Hall,,France,M,46.0,,139859.54,1.0,1.0,0.0,38967.29,0.0
15624451.0,Huddart,641.0,,F,nan,3.0,0.0,,1.0,0.0,116466.19,0.0
15577985.0,Chinomso,574.0,France,F,34.0,5.0,112324.45,2.0,,1.0,17993.43,
15571666.0,Shaw,642.0,Germany,,30.0,8.0,134497.27,1.0,0.0,0.0,43250.54,
15783691.0,,722.0,Spain,F,35.0,1.0,120171.58,1.0,1.0,0.0,125240.8,0.0
15671172.0,Swain,623.0,France,M,23.0,1.0,106012.2,2.0,0.0,1.0,191415.94,
15731760.0,Butcher,681.0,France,,25.0,5.0,nan,1.0,0.0,1.0,90860.97,0.0
15585599.0,Stone,530.0,France,F,nan,8.0,0.0,2.0,0.0,,141872.52,0.0
15784958.0,Allan,797.0,France,F,55.0,10.0,nan,4.0,,1.0,49418.87,1.0
15734524.0,Wang,653.0,France,M,51.0,3.0,0.0,1.0,1.0,0.0,170426.65,1.0
15614103.0,Colombo,850.0,Germany,M,42.0,,119839.69,1.0,0.0,1.0,51016.02,1.0
15794895.0,McKay,581.0,Spain,M,34.0,1.0,0.0,2.0,0.0,1.0,81175.25,0.0
15772381.0,Brient,589.0,Germany,M,38.0,8.0,nan,1.0,1.0,0.0,99106.97,0.0
15710553.0,Yin,555.0,Germany,M,48.0,3.0,142055.41,2.0,0.0,,79134.78,0.0
15649292.0,Bellucci,748.0,France,F,nan,,29602.08,1.0,0.0,,163550.58,1.0
15792565.0,Duncan,,France,F,46.0,7.0,0.0,2.0,1.0,1.0,67769.94,0.0
15718245.0,Pirozzi,730.0,France,,34.0,1.0,0.0,2.0,1.0,1.0,126592.01,0.0
15703117.0,Findlay,,France,F,nan,1.0,0.0,2.0,0.0,,89602.81,0.0
15758136.0,King,778.0,France,M,37.0,3.0,141803.77,1.0,0.0,1.0,179421.84,0.0
15799932.0,Iweobiegbunam,812.0,,M,24.0,10.0,0.0,2.0,1.0,1.0,156906.15,0.0
15633516.0,,526.0,France,M,42.0,1.0,0.0,1.0,0.0,1.0,168486.02,0.0
15622532.0,Izmailova,708.0,France,,47.0,0.0,126589.12,,,1.0,,1.0
15798960.0,Meng,680.0,France,M,33.0,2.0,108393.35,1.0,0.0,1.0,39057.67,0.0
15698664.0,Liang,567.0,Spain,M,43.0,2.0,115643.58,2.0,0.0,0.0,174606.35,
15703614.0,Hutchinson,564.0,Spain,M,48.0,5.0,132876.23,1.0,1.0,0.0,79259.77,0.0
,Shen,709.0,France,F,24.0,3.0,110949.41,1.0,1.0,1.0,168515.61,0.0
,Okwuoma,629.0,France,M,46.0,,130666.2,,1.0,1.0,161125.67,1.0
15695499.0,Chinwemma,510.0,France,,nan,10.0,103821.47,2.0,0.0,1.0,77878.62,0.0
15622321.0,Golubova,,France,F,150,3.0,0.0,1.0,1.0,1.0,80823.02,0.0
15715744.0,Schiavone,605.0,France,,39.0,7.0,0.0,,0.0,1.0,119348.28,0.0
15788151.0,Moore,650.0,Spain,M,32.0,,132187.73,2.0,1.0,1.0,178331.36,0.0
15687153.0,Graham,850.0,Germany,M,150,8.0,98649.55,1.0,1.0,0.0,119174.88,1.0
15684958.0,Amadi,489.0,Germany,M,38.0,2.0,126444.08,2.0,,1.0,82662.73,0.0
15706116.0,McKay,659.0,Germany,F,150,,154159.51,1.0,1.0,0.0,40441.1,0.0
15740557.0,Fedorova,753.0,,F,43.0,5.0,0.0,2.0,1.0,0.0,109881.71,0.0
15707291.0,Percy,477.0,Germany,M,48.0,8.0,129250.0,2.0,1.0,1.0,157937.35,0.0
15583353.0,Floyd,610.0,Spain,F,45.0,3.0,-99999,1.0,1.0,0.0,38276.84,1.0
15761024.0,Long,619.0,France,F,33.0,2.0,167733.51,2.0,1.0,1.0,65222.48,0.0
15630709.0,,619.0,Germany,F,31.0,,56116.3,2.0,0.0,0.0,,0.0
15639590.0,Melendez,758.0,France,F,150,3.0,141581.08,1.0,1.0,0.0,,0.0
15659399.0,Mazzi,516.0,,M,50.0,7.0,139675.07,2.0,1.0,0.0,45591.23,0.0
15567078.0,Kovaleva,789.0,France,F,27.0,,66201.96,1.0,1.0,,79458.12,0.0
15696373.0,Gill,687.0,France,F,44.0,9.0,0.0,2.0,0.0,0.0,103042.2,1.0
15786617.0,Arcuri,,Germany,M,34.0,3.0,133658.24,1.0,1.0,0.0,,
15657449.0,Chukwuma,,Germany,M,25.0,3.0,136202.78,1.0,1.0,0.0,176743.51,0.0
15672594.0,Stevenson,597.0,France,F,60.0,0.0,nan,1.0,0.0,0.0,10703.53,1.0
15714240.0,Ponomarev,712.0,Spain,M,74.0,5.0,nan,2.0,0.0,0.0,,0.0
15782144.0,Gilroy,522.0,France,F,34.0,3.0,nan,2.0,,1.0,3894.34,0.0
15665008.0,Sidorov,805.0,Germany,F,26.0,8.0,42712.87,2.0,1.0,,28861.69,0.0
,Bates,,France,F,28.0,4.0,0.0,2.0,1.0,0.0,,0.0
15751392.0,Fanucci,689.0,Spain,F,57.0,4.0,0.0,2.0,1.0,,136649.8,1.0
15785815.0,Toscano,,Germany,M,nan,1.0,142631.54,2.0,,1.0,175894.24,0.0
15664214.0,Hearn,670.0,France,M,33.0,2.0,141204.65,2.0,1.0,0.0,76257.46,0.0
,Iroawuchi,524.0,Germany,F,25.0,7.0,-99999,1.0,0.0,0.0,193668.49,0.0
,Martin,734.0,Spain,F,39.0,3.0,92636.96,2.0,,1.0,125671.29,0.0
15579617.0,Sinclair,489.0,,F,51.0,3.0,-99999,2.0,,1.0,174098.28,1.0
15593976.0,Swanson,578.0,Germany,F,31.0,5.0,102088.68,4.0,0.0,0.0,187866.21,1.0
,Chinomso,,Spain,M,39.0,9.0,0.0,2.0,0.0,1.0,,0.0
15654489.0,Fomin,843.0,France,,38.0,8.0,134887.53,1.0,1.0,1.0,,0.0
15736302.0,McKay,687.0,France,M,48.0,4.0,0.0,2.0,1.0,1.0,170893.85,0.0
15805909.0,Bergamaschi,700.0,Spain,M,28.0,8.0,159900.38,1.0,,0.0,22698.56,0.0
,Matveyeva,410.0,Germany,F,50.0,2.0,102278.79,2.0,1.0,0.0,89822.48,0.0
,,537.0,France,F,41.0,0.0,0.0,2.0,0.0,1.0,175262.49,0.0
15670416.0,Ferri,780.0,France,F,43.0,0.0,0.0,1.0,0.0,1.0,15705.27,0.0
15749528.0,Achebe,652.0,,M,58.0,,0.0,2.0,0.0,1.0,170025.43,0.0
15578783.0,Mai,620.0,Germany,,nan,0.0,76989.97,1.0,1.0,1.0,17242.79,0.0
15580719.0,Davis,697.0,France,F,23.0,10.0,0.0,2.0,1.0,1.0,79734.23,0.0
,Davey,786.0,France,M,35.0,3.0,0.0,2.0,1.0,0.0,92712.97,0.0
15691875.0,Tsou,850.0,Germany,F,39.0,5.0,-99999,1.0,1.0,,99689.48,
,Marino,749.0,Germany,M,54.0,3.0,144768.94,1.0,,0.0,93336.3,1.0
15780770.0,Kerr,445.0,France,M,31.0,7.0,145056.59,1.0,1.0,1.0,175893.53,
15751491.0,Hsiao,443.0,,M,nan,3.0,117206.3,1.0,1.0,0.0,42840.18,1.0
15706200.0,,637.0,Germany,M,41.0,,138014.4,2.0,1.0,0.0,140298.24,0.0
15808674.0,Ejikemeifeuwa,616.0,Germany,F,45.0,6.0,-99999,3.0,1.0,1.0,144000.59,1.0
15641411.0,Volkova,756.0,France,F,23.0,1.0,112568.31,,1.0,1.0,113408.11,
15764661.0,Wang,644.0,,M,33.0,2.0,0.0,1.0,,0.0,96420.58,0.0
15689492.0,Benjamin,850.0,Germany,M,41.0,1.0,176958.46,2.0,,1.0,125806.3,0.0
15602405.0,,703.0,Germany,F,nan,9.0,99167.54,,1.0,0.0,65720.92,0.0
15610271.0,,684.0,Spain,,42.0,3.0,103210.27,1.0,1.0,,31002.03,0.0
15791780.0,Ts'ao,706.0,Germany,,48.0,10.0,104478.12,3.0,0.0,1.0,,1.0
15589147.0,,580.0,Spain,M,61.0,8.0,125921.37,1.0,1.0,1.0,94677.83,0.0
15756975.0,Montemayor,777.0,Spain,F,35.0,3.0,nan,2.0,1.0,1.0,,0.0
15729582.0,Fu,,Germany,M,48.0,3.0,80697.44,1.0,0.0,0.0,101397.86,0.0
15742971.0,Whitehead,708.0,France,F,nan,2.0,161887.81,2.0,1.0,0.0,84870.23,0.0
15568046.0,Izuchukwu,809.0,France,M,150,7.0,109558.36,1.0,1.0,0.0,183515.13,0.0
15694890.0,Lai,588.0,France,M,38.0,1.0,124271.26,1.0,1.0,0.0,75969.19,0.0
15736963.0,Herring,623.0,France,M,nan,1.0,0.0,,,1.0,146379.3,0.0
15646490.0,Duffy,537.0,Spain,M,42.0,1.0,190569.23,1.0,0.0,1.0,127154.8,0.0
15607314.0,Chiefo,536.0,Spain,M,nan,2.0,-99999,1.0,1.0,0.0,2019.78,1.0
15576745.0,Fyodorov,769.0,France,M,48.0,2.0,nan,2.0,0.0,1.0,197885.72,0.0
15669606.0,Chu,690.0,France,M,33.0,,0.0,,,0.0,138017.68,0.0
15737832.0,Robertson,771.0,Spain,M,45.0,0.0,-99999,1.0,0.0,0.0,170984.97,1.0
15681990.0,Palmerston,497.0,Germany,M,24.0,6.0,111769.14,2.0,1.0,0.0,55859.27,0.0
15758050.0,Madukwe,622.0,Spain,M,37.0,4.0,0.0,2.0,,0.0,4459.5,0.0
15787848.0,Chinedum,602.0,Spain,M,30.0,9.0,113672.18,2.0,0.0,0.0,,
15713594.0,French,543.0,France,F,32.0,7.0,147256.86,1.0,1.0,0.0,112771.95,0.0
15588186.0,Polyakov,520.0,Spain,M,45.0,7.0,107023.03,1.0,1.0,0.0,32903.93,0.0
15786739.0,,669.0,France,M,37.0,,125529.55,1.0,1.0,1.0,162260.93,0.0
15699467.0,Connor,631.0,Spain,,41.0,0.0,0.0,1.0,0.0,0.0,87959.83,0.0
15680706.0,Balashov,537.0,,M,48.0,4.0,nan,1.0,1.0,0.0,166476.95,
15645717.0,Avdeeva,732.0,France,M,62.0,2.0,0.0,2.0,1.0,1.0,,0.0
15748597.0,,844.0,Spain,M,56.0,5.0,99529.7,1.0,0.0,1.0,157230.06,1.0
15773709.0,Hung,838.0,Spain,M,35.0,0.0,0.0,2.0,0.0,1.0,197305.91,0.0
15629787.0,Tu,652.0,,M,27.0,10.0,107303.72,2.0,0.0,0.0,44435.76,0.0
15661007.0,Thompson,660.0,France,M,33.0,0.0,72783.42,1.0,0.0,,181051.99,0.0
15686812.0,Jones,692.0,Spain,F,nan,8.0,0.0,1.0,0.0,1.0,159069.37,0.0
15754113.0,Li,588.0,France,F,35.0,0.0,nan,2.0,1.0,1.0,155485.24,0.0
15749489.0,Denisova,533.0,Germany,F,22.0,10.0,115743.6,1.0,0.0,0.0,,0.0
15574352.0,Clogstoun,850.0,France,M,43.0,4.0,-99999,1.0,1.0,1.0,140071.57,0.0
15701281.0,Tan,,France,M,nan,8.0,-99999,2.0,1.0,1.0,49089.36,0.0
15811985.0,Power,530.0,Spain,M,nan,6.0,0.0,2.0,0.0,0.0,55893.37,0.0
15713505.0,Harriman,554.0,France,M,31.0,1.0,-99999,2.0,0.0,1.0,,0.0
,Benson,585.0,Germany,,40.0,,162261.01,2.0,1.0,0.0,137028.51,
15758831.0,Thornton,754.0,France,M,39.0,3.0,74896.33,1.0,,0.0,34430.16,0.0
15618774.0,White,474.0,France,M,54.0,,0.0,1.0,1.0,0.0,108409.17,
15764448.0,,837.0,Germany,M,35.0,0.0,144037.6,1.0,1.0,0.0,145325.32,
15611024.0,Kalinina,567.0,France,F,23.0,9.0,93522.2,1.0,0.0,1.0,81425.61,0.0
15738220.0,Bennet,800.0,Spain,M,38.0,1.0,0.0,2.0,1.0,0.0,51553.43,0.0
15805764.0,Hallahan,646.0,France,M,18.0,10.0,0.0,,,1.0,52795.15,0.0
15580487.0,Martin,627.0,Germany,M,38.0,8.0,106922.92,2.0,0.0,1.0,84270.09,0.0
15675787.0,Rivera,505.0,France,M,26.0,8.0,112972.57,1.0,1.0,0.0,,0.0
15583580.0,Chiawuotu,566.0,Germany,F,35.0,1.0,123042.0,1.0,1.0,0.0,66245.44,1.0
15780654.0,,619.0,Germany,,33.0,3.0,100488.92,2.0,0.0,,36446.74,0.0
15695034.0,Christie,757.0,France,F,44.0,4.0,-99999,1.0,,0.0,137136.29,0.0
15805671.0,Louis,648.0,France,M,32.0,0.0,0.0,1.0,0.0,,117323.31,0.0
15790658.0,Iqbal,621.0,Spain,M,42.0,8.0,68683.68,1.0,1.0,1.0,,
15578648.0,Marino,543.0,Germany,,49.0,6.0,59532.18,1.0,1.0,0.0,104253.56,0.0
,Robertson,,France,F,43.0,7.0,140260.36,2.0,1.0,,2748.72,0.0
15721740.0,Pai,633.0,Germany,,nan,7.0,88302.65,1.0,1.0,1.0,195937.16,0.0
15641822.0,Barese,648.0,France,F,19.0,1.0,0.0,2.0,0.0,1.0,22101.86,0.0
15765650.0,Chigolum,,Germany,M,40.0,5.0,114655.58,1.0,0.0,0.0,126535.92,0.0
15788556.0,Trouette,683.0,France,F,42.0,4.0,148283.94,1.0,1.0,,44692.63,1.0
15576550.0,Ugochukwu,,Spain,F,38.0,1.0,0.0,1.0,1.0,0.0,112442.63,
15622230.0,Cribb,705.0,France,F,35.0,3.0,0.0,2.0,0.0,1.0,66331.01,0.0
15653937.0,McIntyre,638.0,Germany,F,53.0,1.0,123916.67,1.0,1.0,0.0,16657.68,1.0
15743538.0,Pickering,710.0,France,F,31.0,,0.0,2.0,1.0,0.0,20081.3,0.0
15591740.0,Fletcher,590.0,France,F,54.0,4.0,0.0,2.0,1.0,1.0,93820.49,1.0
15650086.0,Uchenna,725.0,France,M,43.0,2.0,165896.0,2.0,1.0,0.0,130795.52,0.0
15718773.0,Pisano,638.0,France,F,32.0,0.0,0.0,2.0,1.0,0.0,160129.99,0.0
15615140.0,Corson,791.0,,M,36.0,6.0,111168.97,1.0,1.0,1.0,189969.91,0.0
15644361.0,Hooper,702.0,France,,40.0,1.0,103549.24,,0.0,0.0,9712.52,1.0
,He,607.0,France,,150,6.0,0.0,2.0,0.0,0.0,196062.01,
15618661.0,Chidubem,535.0,France,M,150,6.0,103804.97,,1.0,1.0,125710.53,0.0
,Schofield,,,M,150,2.0,165901.59,2.0,1.0,0.0,23054.51,1.0
15762134.0,Liang,506.0,Germany,M,59.0,,nan,,1.0,1.0,170679.74,0.0
15685279.0,Somadina,511.0,Spain,F,57.0,8.0,122950.31,1.0,1.0,1.0,181258.76,0.0
15582849.0,McIntosh,,France,,51.0,1.0,0.0,1.0,1.0,1.0,22835.13,1.0
15655410.0,Hinton,768.0,Germany,M,49.0,1.0,133384.66,1.0,1.0,,102397.22,1.0
15649129.0,Sal,757.0,France,M,150,9.0,0.0,2.0,1.0,0.0,,0.0
15702380.0,De Luca,663.0,Spain,M,64.0,6.0,0.0,2.0,0.0,1.0,15876.52,0.0
15759067.0,Bromby,537.0,Germany,F,nan,7.0,158411.95,4.0,1.0,1.0,117690.58,1.0
15683027.0,Chang,570.0,Germany,M,29.0,4.0,122028.65,2.0,1.0,1.0,173792.77,0.0
15597487.0,Hunter,850.0,France,F,35.0,5.0,0.0,1.0,1.0,1.0,80992.8,0.0
,Sheppard,661.0,,F,64.0,8.0,128751.65,2.0,1.0,0.0,189398.18,1.0
15620111.0,Fan,659.0,France,M,54.0,8.0,133436.52,1.0,1.0,0.0,56787.8,0.0
15623053.0,Muir,,Spain,M,40.0,2.0,nan,1.0,1.0,0.0,148309.98,0.0
15595592.0,Lai,708.0,France,F,59.0,2.0,0.0,1.0,1.0,0.0,179673.11,1.0
15740072.0,Padovesi,720.0,France,F,nan,2.0,120328.88,2.0,1.0,,138470.21,0.0
15778005.0,Kemp,785.0,France,,39.0,1.0,130147.98,1.0,1.0,0.0,163798.41,1.0
15583278.0,Greece,,Spain,F,36.0,8.0,92716.96,1.0,1.0,1.0,33693.78,0.0
15601263.0,Young,493.0,Spain,F,48.0,7.0,0.0,2.0,1.0,0.0,,0.0
,Chukwueloka,557.0,Spain,M,34.0,3.0,0.0,1.0,0.0,1.0,123427.98,0.0
15713949.0,Woods,850.0,France,M,40.0,1.0,nan,,1.0,,174183.44,0.0
15717706.0,Forbes,799.0,France,F,32.0,3.0,106045.92,2.0,1.0,1.0,17938.0,0.0
15756071.0,Kang,756.0,France,M,34.0,1.0,103133.26,1.0,1.0,1.0,90059.04,0.0
15696564.0,Nweke,752.0,France,M,38.0,0.0,145974.79,2.0,1.0,1.0,137694.23,0.0
15657637.0,Ts'ui,696.0,Spain,F,36.0,3.0,0.0,3.0,1.0,0.0,65039.9,0.0
15755863.0,Milano,630.0,Spain,F,49.0,1.0,0.0,2.0,0.0,1.0,,0.0
15719858.0,Chao,659.0,Spain,F,nan,9.0,nan,2.0,1.0,1.0,,0.0
15688876.0,Wan,685.0,,,39.0,9.0,0.0,2.0,1.0,1.0,18826.06,0.0
15698528.0,Napolitani,599.0,Spain,F,31.0,3.0,0.0,1.0,1.0,1.0,130086.47,1.0
15770345.0,Kovaleva,559.0,Spain,F,150,,-99999,1.0,0.0,,143360.56,0.0
15761506.0,Russell,615.0,Spain,M,19.0,5.0,0.0,2.0,1.0,0.0,159920.92,0.0
15716619.0,Chiebuka,580.0,Germany,F,36.0,3.0,74974.89,,1.0,1.0,12099.67,0.0
15788367.0,Ellis,487.0,Spain,M,44.0,6.0,nan,1.0,1.0,1.0,53087.98,0.0
15709451.0,Gordon,646.0,Germany,F,35.0,1.0,121952.75,2.0,1.0,1.0,142839.82,0.0
15640421.0,Conway,811.0,France,F,35.0,7.0,0.0,1.0,1.0,1.0,178.19,0.0
15580068.0,,526.0,Spain,M,35.0,5.0,0.0,2.0,1.0,1.0,105618.14,0.0
15677123.0,Aksyonova,767.0,Spain,M,37.0,7.0,0.0,2.0,1.0,,24734.25,0.0
15619801.0,,548.0,France,,33.0,1.0,80107.83,,0.0,1.0,82245.67,0.0
15582246.0,Rowe,737.0,Spain,F,45.0,2.0,0.0,2.0,0.0,1.0,177695.67,0.0
15711843.0,Pisani,613.0,Germany,M,40.0,,147856.82,3.0,,0.0,107961.11,1.0
15680046.0,Onochie,,Spain,,36.0,8.0,0.0,2.0,1.0,,55207.41,0.0
15804131.0,Farmer,850.0,Spain,F,nan,7.0,65407.16,2.0,0.0,0.0,182633.63,1.0
15722611.0,Cameron,,France,F,53.0,8.0,114233.18,1.0,1.0,1.0,51587.04,0.0
15729224.0,Jennings,710.0,France,F,37.0,5.0,0.0,2.0,1.0,,115403.31,0.0
15811588.0,Eluemuno,664.0,Spain,F,53.0,7.0,187602.18,1.0,1.0,0.0,186392.99,1.0
15702138.0,Swift,510.0,France,F,22.0,3.0,156834.34,,0.0,,44374.44,0.0
15749799.0,Pisani,577.0,France,F,34.0,2.0,0.0,2.0,1.0,1.0,84033.35,0.0
15752885.0,Nnonso,529.0,France,M,42.0,1.0,157498.9,1.0,1.0,1.0,82276.62,0.0
15674932.0,,757.0,Spain,F,44.0,9.0,0.0,2.0,,0.0,177528.92,0.0
15743828.0,Stevens,691.0,France,M,nan,2.0,0.0,,1.0,1.0,56850.92,1.0
,Zito,621.0,Spain,M,34.0,8.0,0.0,1.0,0.0,0.0,47972.65,0.0
,Taylor,709.0,Spain,M,35.0,,0.0,2.0,1.0,0.0,104982.39,0.0
15809991.0,,756.0,Spain,,nan,4.0,130274.22,1.0,1.0,1.0,133535.29,
,Yeh,,,F,41.0,6.0,0.0,1.0,1.0,1.0,25571.37,0.0
15575498.0,Gould,705.0,France,F,39.0,5.0,149379.66,2.0,1.0,0.0,96075.55,0.0
15691387.0,Agafonova,483.0,France,M,nan,9.0,0.0,1.0,1.0,1.0,81634.45,0.0
15765457.0,Fowler,719.0,Spain,,35.0,1.0,100829.94,1.0,1.0,1.0,165008.97,0.0
15666173.0,Chidumaga,793.0,Germany,F,32.0,1.0,96408.98,1.0,1.0,1.0,138191.81,0.0
15627377.0,Sabbatini,593.0,France,M,41.0,6.0,0.0,2.0,1.0,1.0,99136.49,0.0
15656683.0,Johnson,551.0,France,M,52.0,1.0,0.0,1.0,0.0,0.0,63584.55,1.0
15679810.0,Chapman,690.0,France,M,39.0,6.0,0.0,2.0,1.0,0.0,160532.88,0.0
15606310.0,Birk,823.0,France,M,nan,5.0,nan,1.0,0.0,1.0,162683.06,0.0
,Capon,512.0,Spain,M,39.0,,0.0,,1.0,,134878.19,0.0
,Chidubem,802.0,Spain,M,41.0,5.0,0.0,2.0,,1.0,134626.3,0.0
15567802.0,,450.0,Spain,F,34.0,2.0,0.0,2.0,1.0,0.0,175480.93,0.0
15745452.0,Sun,651.0,Germany,M,41.0,1.0,-99999,1.0,1.0,,,0.0
15617252.0,,697.0,France,F,33.0,1.0,87347.7,1.0,1.0,0.0,172524.51,0.0
15753248.0,Tao,611.0,,M,28.0,2.0,0.0,,0.0,0.0,25395.83,0.0
15610755.0,Napolitano,643.0,France,F,33.0,0.0,137811.75,1.0,1.0,1.0,184856.89,0.0
15662238.0,Davis,822.0,France,M,150,3.0,nan,1.0,1.0,0.0,182624.93,0.0
15799186.0,Sagese,632.0,France,M,38.0,,0.0,2.0,0.0,,,0.0
15686941.0,Hutchinson,,Spain,F,26.0,7.0,0.0,2.0,,,112507.63,0.0
15601172.0,Nelson,672.0,,,nan,6.0,-99999,1.0,1.0,0.0,177295.92,0.0
15723858.0,Schiavone,517.0,Spain,M,39.0,3.0,0.0,2.0,0.0,1.0,12465.51,0.0
,Chienezie,621.0,Spain,M,39.0,8.0,0.0,,1.0,0.0,,0.0
15737647.0,,775.0,Germany,,77.0,6.0,135120.56,1.0,1.0,0.0,37836.64,0.0
15582841.0,Butusov,600.0,France,M,29.0,8.0,0.0,2.0,0.0,1.0,34747.43,0.0
15760090.0,Pisano,640.0,France,M,28.0,7.0,0.0,2.0,1.0,1.0,,0.0
15588587.0,Stetson,,,,36.0,1.0,86837.95,1.0,1.0,1.0,,0.0
15683157.0,Waring,613.0,,M,26.0,4.0,100446.57,1.0,0.0,1.0,149653.81,
15694209.0,Fanucci,484.0,France,F,32.0,3.0,0.0,2.0,1.0,1.0,139390.99,0.0
15655875.0,Thao,511.0,France,F,33.0,3.0,0.0,2.0,1.0,0.0,132436.71,0.0
15805704.0,Murphy,745.0,France,F,32.0,2.0,0.0,4.0,0.0,1.0,179705.13,1.0
15744789.0,McConnell,786.0,Spain,F,32.0,6.0,114512.59,,1.0,,15796.66,0.0
15799357.0,Armfield,727.0,France,M,nan,5.0,136364.46,,0.0,0.0,142754.71,
,Fanucci,622.0,France,M,31.0,,106260.67,1.0,1.0,1.0,2578.43,0.0
15713346.0,Panina,794.0,France,M,24.0,10.0,-99999,1.0,1.0,,88992.05,0.0
15665053.0,Nixon,636.0,Spain,M,52.0,4.0,111284.53,1.0,,1.0,32936.44,1.0
15592379.0,Walker,741.0,Spain,F,42.0,9.0,121056.63,2.0,,0.0,39122.58,0.0
15692599.0,Chiemela,687.0,France,M,34.0,5.0,128270.56,1.0,1.0,0.0,191092.62,0.0
15620758.0,,660.0,,M,30.0,4.0,0.0,2.0,1.0,0.0,129149.06,0.0
15637428.0,Briggs,660.0,France,M,35.0,7.0,0.0,2.0,1.0,0.0,13218.6,0.0
15808389.0,Iheatu,617.0,France,F,79.0,7.0,nan,1.0,1.0,1.0,160589.18,0.0
15807003.0,Jennings,762.0,France,,32.0,10.0,191775.65,,1.0,,179657.83,0.0
15702912.0,Ch'en,752.0,Spain,F,35.0,2.0,0.0,1.0,1.0,0.0,44335.54,1.0
15590623.0,Kovalyov,,Spain,M,nan,4.0,85141.79,2.0,1.0,1.0,29217.37,0.0
15728078.0,Yeh,609.0,France,M,26.0,,126392.18,1.0,0.0,1.0,43651.49,0.0
15708256.0,Chien,803.0,,M,28.0,3.0,0.0,,1.0,0.0,159654.0,0.0
15582335.0,Brown,556.0,France,F,40.0,,129860.37,1.0,0.0,,17992.94,0.0
15649150.0,Buddicom,531.0,France,F,53.0,5.0,127642.44,,1.0,0.0,141501.45,1.0
15691647.0,McGregor,411.0,France,F,35.0,2.0,0.0,2.0,1.0,1.0,93825.78,0.0
15668270.0,Thompson,587.0,Germany,F,44.0,5.0,125584.17,2.0,,1.0,41852.24,1.0
15624820.0,Ross,683.0,Spain,M,56.0,7.0,nan,3.0,,,97629.31,1.0
15736254.0,Ch'ang,654.0,France,M,29.0,2.0,nan,1.0,1.0,0.0,37065.66,0.0
15720814.0,Warren,670.0,Germany,F,36.0,2.0,84266.44,2.0,0.0,0.0,38614.69,0.0
15642997.0,Uspenskaya,,France,F,36.0,2.0,147149.59,1.0,1.0,1.0,87816.86,0.0
15693200.0,King,752.0,France,F,36.0,7.0,0.0,2.0,1.0,0.0,184866.86,0.0
15624596.0,Trentini,534.0,France,,150,5.0,104822.45,1.0,0.0,1.0,160176.47,0.0
15807167.0,Konovalova,635.0,,M,42.0,1.0,146766.72,2.0,0.0,1.0,164357.1,0.0
15660301.0,Dellucci,491.0,Germany,M,70.0,6.0,148745.92,2.0,1.0,1.0,17818.33,0.0
15593094.0,Goddard,516.0,France,M,27.0,9.0,0.0,1.0,1.0,0.0,142680.64,1.0
15618239.0,Neumann,530.0,France,F,150,0.0,nan,1.0,1.0,0.0,85081.09,0.0
15574137.0,Ch'in,687.0,Spain,M,35.0,,0.0,2.0,1.0,1.0,176450.19,0.0
15614740.0,Walters,684.0,France,F,41.0,6.0,135203.81,,1.0,1.0,121967.88,0.0
15574071.0,,706.0,Germany,M,23.0,2.0,93301.97,2.0,0.0,1.0,127187.04,0.0
15671148.0,Barry,490.0,Germany,M,33.0,5.0,96341.0,2.0,0.0,0.0,108313.34,
15721921.0,Woolnough,,,M,44.0,8.0,165326.2,1.0,1.0,1.0,57205.55,0.0
15717995.0,Keen,,France,M,27.0,0.0,nan,2.0,,1.0,157891.86,0.0
15632050.0,,779.0,France,,41.0,10.0,99786.2,1.0,1.0,0.0,86927.53,0.0
15647111.0,White,794.0,Spain,F,22.0,4.0,114440.24,1.0,1.0,1.0,107753.07,0.0
15759991.0,Hunter,748.0,Spain,M,36.0,,141573.55,1.0,1.0,0.0,82158.14,0.0
15790204.0,Myers,663.0,Spain,F,22.0,9.0,0.0,1.0,1.0,0.0,29135.89,1.0
15686780.0,Rogova,645.0,Spain,,55.0,1.0,133676.65,1.0,0.0,,17095.49,0.0
15640491.0,Raff,464.0,France,F,33.0,,147493.7,2.0,1.0,0.0,100447.53,0.0
,Cocci,737.0,France,M,54.0,9.0,0.0,1.0,1.0,0.0,83470.4,1.0
15734438.0,Kanayochukwu,590.0,France,F,29.0,4.0,0.0,,1.0,0.0,,0.0
15688760.0,Obialo,522.0,Germany,F,37.0,3.0,95022.57,1.0,1.0,1.0,129107.59,0.0
15768124.0,Liu,648.0,France,F,150,3.0,0.0,1.0,,0.0,54726.43,0.0
15661330.0,Gilbert,754.0,France,,nan,6.0,0.0,1.0,1.0,1.0,,0.0
15781272.0,Coles,669.0,France,,150,4.0,149713.61,3.0,1.0,1.0,124872.42,
,,648.0,Germany,,43.0,1.0,107963.38,1.0,0.0,0.0,186438.86,1.0
15575858.0,Bergamaschi,763.0,,M,40.0,,0.0,2.0,1.0,0.0,134281.11,0.0
15645937.0,Guerin,790.0,Spain,M,32.0,3.0,0.0,1.0,1.0,0.0,91044.47,0.0
15702337.0,,581.0,,M,37.0,7.0,0.0,2.0,1.0,1.0,74320.75,0.0
,Dominguez,703.0,France,M,43.0,8.0,0.0,2.0,1.0,0.0,,0.0
15619616.0,Costa,571.0,France,F,33.0,9.0,102017.25,2.0,0.0,0.0,128600.49,0.0
15585133.0,Wei,,Spain,,27.0,8.0,0.0,2.0,0.0,0.0,6468.24,0.0
15573971.0,Mills,737.0,France,M,150,7.0,0.0,2.0,0.0,0.0,57898.58,0.0
15579433.0,Pugh,793.0,Spain,M,29.0,8.0,96674.55,2.0,0.0,0.0,192120.66,0.0
15777045.0,Price,,Spain,F,nan,3.0,81811.71,1.0,1.0,0.0,164213.53,1.0
15611580.0,,,Spain,M,33.0,4.0,79281.61,1.0,1.0,0.0,117547.76,0.0
15614778.0,,579.0,France,,nan,,0.0,2.0,1.0,0.0,26149.25,
15771750.0,Sawtell,,Germany,F,36.0,10.0,122314.39,1.0,1.0,0.0,9181.66,0.0
15593280.0,Yuryeva,,Germany,M,43.0,8.0,-99999,1.0,1.0,1.0,166588.76,
15569274.0,,678.0,Germany,,49.0,2.0,nan,1.0,1.0,0.0,195053.58,1.0
15654408.0,,562.0,Spain,M,41.0,5.0,165445.04,2.0,1.0,0.0,85787.31,0.0
15657468.0,Simmons,711.0,,F,53.0,,123805.03,1.0,1.0,0.0,102428.51,0.0
15614213.0,Muramats,620.0,France,M,37.0,0.0,nan,,,,71175.94,
15589869.0,Tang,437.0,,M,49.0,9.0,111634.29,,0.0,1.0,166440.32,0.0
15693205.0,,691.0,Germany,F,41.0,8.0,109153.96,3.0,1.0,1.0,148848.76,1.0
15797113.0,Bevan,552.0,,F,34.0,4.0,0.0,2.0,1.0,,140286.69,0.0
15676958.0,Zito,765.0,Germany,M,34.0,5.0,86055.17,2.0,1.0,1.0,104220.5,0.0
15739592.0,Sokolov,707.0,Germany,F,51.0,10.0,98438.23,1.0,0.0,0.0,70778.63,1.0
15656263.0,Teng,764.0,Spain,M,29.0,5.0,0.0,2.0,1.0,0.0,65868.28,0.0
15636872.0,Amadi,585.0,France,F,32.0,8.0,144705.87,,0.0,0.0,,
15589435.0,Davide,784.0,France,,31.0,7.0,0.0,2.0,1.0,,143204.41,0.0
15640464.0,Parkes,,France,M,41.0,5.0,91612.91,1.0,1.0,1.0,28427.84,0.0
15723851.0,Mazzanti,699.0,Spain,M,40.0,2.0,0.0,1.0,1.0,0.0,78387.32,0.0
15722122.0,Findlay,544.0,France,F,40.0,7.0,0.0,1.0,0.0,1.0,161076.92,0.0
15696852.0,Hsu,803.0,France,F,32.0,9.0,192122.84,1.0,1.0,1.0,54277.45,1.0
15634936.0,Chukwukadibia,735.0,France,M,41.0,7.0,179904.0,1.0,1.0,1.0,137180.95,0.0
15575935.0,Baxter,673.0,France,M,59.0,0.0,178058.06,2.0,0.0,1.0,21063.71,1.0
15634491.0,Kung,652.0,France,M,30.0,2.0,176166.56,2.0,,1.0,152210.81,0.0
15628530.0,Booth,,,M,42.0,3.0,156864.2,2.0,0.0,0.0,88890.75,0.0
15678720.0,Evans,741.0,France,F,nan,7.0,0.0,2.0,1.0,1.0,190534.76,0.0
15627999.0,Kung,590.0,Spain,M,30.0,,0.0,2.0,1.0,0.0,83090.35,0.0
15571244.0,Tung,809.0,Spain,F,33.0,3.0,0.0,2.0,0.0,1.0,141426.78,0.0
15739931.0,Yuan,,France,M,34.0,2.0,161588.89,1.0,1.0,1.0,51358.66,0.0
15806256.0,Jackson,540.0,France,M,48.0,,109349.29,1.0,1.0,,88703.04,
15787258.0,Ross,596.0,Spain,F,29.0,6.0,0.0,,1.0,0.0,116696.77,0.0
15706463.0,Yang,597.0,France,F,36.0,9.0,0.0,2.0,1.0,1.0,7156.09,0.0
15691004.0,Yu,407.0,Spain,M,nan,1.0,0.0,1.0,1.0,1.0,49161.12,
15792228.0,Onwumelu,,,M,60.0,,nan,1.0,1.0,0.0,126743.33,1.0
15733447.0,Gay,562.0,France,F,51.0,1.0,124662.54,1.0,1.0,,65390.46,1.0
15679062.0,Morrison,734.0,Germany,F,47.0,10.0,91522.04,2.0,,1.0,138835.91,0.0
,,710.0,,M,45.0,1.0,nan,2.0,1.0,1.0,36154.66,0.0
15613816.0,Mao,539.0,Spain,F,39.0,6.0,62052.28,1.0,0.0,1.0,59755.14,
15681991.0,Walsh,542.0,France,M,32.0,7.0,107871.72,1.0,1.0,0.0,125302.64,0.0
15796074.0,Bruno,717.0,France,F,36.0,2.0,99472.76,2.0,1.0,0.0,94274.72,1.0
15625941.0,Gray,682.0,Spain,F,50.0,10.0,128039.01,1.0,1.0,1.0,102260.16,0.0
15615016.0,Maurer,515.0,France,M,33.0,2.0,0.0,2.0,1.0,1.0,136028.97,
15748414.0,Chiang,526.0,Spain,F,33.0,,114634.63,2.0,1.0,0.0,110114.38,
15751203.0,Cattaneo,702.0,,M,26.0,,56738.47,,1.0,1.0,100442.22,1.0
15662658.0,Grieve,,Germany,M,34.0,2.0,90355.12,2.0,0.0,0.0,193597.94,0.0
15574868.0,,792.0,Germany,M,nan,5.0,115725.24,2.0,0.0,0.0,1871.25,0.0
15790282.0,Trentino,817.0,Germany,M,58.0,,nan,2.0,1.0,1.0,42831.11,0.0
15762927.0,Sung,674.0,Germany,F,150,6.0,100762.64,,1.0,0.0,182156.86,0.0
15803456.0,Yen,641.0,France,F,40.0,9.0,0.0,1.0,0.0,0.0,151648.66,1.0
,Philipp,513.0,Spain,M,nan,7.0,89039.9,2.0,1.0,1.0,146738.83,0.0
,Dynon,561.0,France,M,34.0,1.0,78829.53,1.0,1.0,1.0,,0.0
15569670.0,Alexeyeva,,Germany,M,30.0,6.0,112372.96,1.0,,1.0,118029.09,0.0
15772341.0,Hs?eh,682.0,Germany,M,81.0,6.0,122029.15,1.0,1.0,1.0,50783.88,
15661548.0,Ferri,683.0,France,,29.0,0.0,nan,1.0,0.0,0.0,129891.66,0.0
15787597.0,Hsu,420.0,Germany,F,31.0,,108377.75,2.0,1.0,1.0,9904.63,0.0
15806913.0,Bishop,670.0,France,F,54.0,,95507.12,1.0,1.0,1.0,63213.31,0.0
15804862.0,Toscani,505.0,Germany,M,43.0,6.0,127146.68,1.0,0.0,0.0,,0.0
15792986.0,T'ao,580.0,Germany,M,24.0,1.0,133811.78,1.0,1.0,0.0,17185.95,1.0
15625632.0,Philip,577.0,France,M,36.0,3.0,-99999,2.0,0.0,1.0,143783.46,0.0
15727703.0,Li Fonti,773.0,Germany,M,34.0,10.0,nan,1.0,,0.0,36823.28,0.0
15606273.0,Rene,616.0,France,M,37.0,5.0,144235.73,,0.0,0.0,,1.0
15799652.0,Daigle,763.0,,F,38.0,0.0,-99999,2.0,0.0,0.0,31892.82,0.0
15715047.0,Joshua,640.0,Spain,M,43.0,9.0,172478.15,1.0,1.0,0.0,,1.0
15784687.0,Simmons,592.0,France,M,36.0,1.0,126477.42,1.0,0.0,0.0,179718.17,
15615322.0,Jamieson,528.0,Spain,M,43.0,7.0,97473.87,2.0,1.0,1.0,159823.16,0.0
,Hou,630.0,France,,53.0,5.0,138053.67,1.0,0.0,1.0,114110.97,0.0
15646784.0,Cochran,,France,F,31.0,2.0,164003.05,2.0,1.0,1.0,60993.23,0.0
15644692.0,,546.0,France,,47.0,8.0,0.0,1.0,1.0,1.0,66408.01,1.0
15670354.0,Jen,753.0,France,F,62.0,6.0,0.0,,1.0,1.0,136398.9,0.0
15716357.0,Corran,772.0,Spain,F,150,4.0,122486.11,2.0,1.0,1.0,,0.0
15786717.0,,567.0,France,M,36.0,1.0,0.0,2.0,0.0,0.0,8555.73,0.0
15771383.0,Loggia,628.0,,F,45.0,6.0,53667.44,,1.0,0.0,,0.0
15649793.0,Lovely,658.0,France,M,20.0,,0.0,2.0,0.0,0.0,187638.34,0.0
15731543.0,Becker,679.0,Spain,M,58.0,,nan,,1.0,1.0,3829.13,0.0
15684516.0,Plascencia,629.0,,M,34.0,1.0,121151.05,1.0,0.0,0.0,119357.93,0.0
15677249.0,Somadina,731.0,Spain,M,nan,9.0,101043.63,1.0,1.0,1.0,192175.52,0.0
,Walker,775.0,Germany,M,33.0,3.0,83501.66,2.0,,0.0,128841.31,0.0
15628420.0,Alekseeva,660.0,Spain,M,33.0,2.0,80462.24,1.0,0.0,0.0,,0.0
,Watson,752.0,,M,39.0,,0.0,1.0,1.0,0.0,188187.05,0.0
15594502.0,Zotov,655.0,France,M,37.0,6.0,109093.41,2.0,1.0,0.0,1775.52,0.0
15784361.0,Williamson,,,F,46.0,5.0,140355.6,1.0,1.0,1.0,,0.0
15767626.0,Carpenter,811.0,France,,nan,10.0,nan,2.0,1.0,1.0,3797.79,
,Cattaneo,689.0,Germany,M,45.0,0.0,nan,,1.0,,150856.38,0.0
15665088.0,Gordon,531.0,France,F,42.0,2.0,0.0,2.0,0.0,1.0,90537.47,0.0
15652084.0,Boni,515.0,France,M,40.0,,109542.29,1.0,1.0,,166370.81,0.0
15574761.0,Lynch,,France,F,41.0,3.0,nan,2.0,1.0,0.0,178994.13,1.0
15729515.0,McCarthy,782.0,France,M,36.0,,148795.17,2.0,,1.0,195681.43,0.0
15682070.0,Davies,611.0,France,M,64.0,9.0,0.0,2.0,1.0,1.0,53277.15,0.0
15743817.0,Hargreaves,621.0,Germany,M,nan,8.0,174126.75,3.0,1.0,0.0,172490.78,1.0
15572158.0,Blackburn,604.0,,M,nan,,0.0,1.0,0.0,0.0,11819.84,0.0
15584477.0,K?,655.0,Spain,F,35.0,1.0,106405.03,1.0,1.0,1.0,82900.25,0.0
15614893.0,Meng,689.0,Spain,M,38.0,2.0,0.0,1.0,,1.0,82709.8,0.0
15665963.0,Cattaneo,681.0,Spain,M,30.0,2.0,128393.29,1.0,1.0,1.0,180593.45,
15612524.0,Hunt,643.0,Germany,M,41.0,2.0,127841.52,1.0,,0.0,,
15596962.0,Owens,617.0,France,F,24.0,4.0,137295.19,2.0,1.0,1.0,91195.12,0.0
15744942.0,,638.0,Spain,,55.0,2.0,155828.22,1.0,0.0,1.0,,1.0
15573278.0,Kennedy,743.0,France,,nan,6.0,0.0,2.0,1.0,0.0,44265.28,0.0
15717056.0,Pan,828.0,Germany,F,25.0,7.0,144351.86,,1.0,0.0,116613.26,0.0
15795881.0,Alexander,776.0,Spain,M,35.0,8.0,106365.29,1.0,1.0,1.0,148527.56,0.0
15758939.0,Bray,540.0,Germany,M,35.0,7.0,127801.88,,0.0,1.0,84239.46,
15792250.0,Nnabuife,616.0,Germany,F,45.0,4.0,122793.96,1.0,1.0,1.0,62002.04,0.0
15740406.0,Padovesi,628.0,Germany,M,38.0,10.0,113525.84,1.0,1.0,0.0,46044.48,
15768137.0,,667.0,Spain,F,23.0,6.0,136100.69,2.0,0.0,0.0,,1.0
15569120.0,Lucas,615.0,France,M,30.0,7.0,0.0,2.0,1.0,1.0,156346.84,0.0
15723721.0,Tinline,543.0,France,,30.0,4.0,140916.81,1.0,,0.0,157711.18,0.0
,Esomchi,553.0,France,F,31.0,4.0,0.0,2.0,1.0,1.0,89087.4,0.0
15742681.0,Liao,554.0,Germany,M,150,4.0,121365.39,1.0,1.0,1.0,8742.36,0.0
15582090.0,Iroawuchi,684.0,Spain,F,36.0,4.0,0.0,1.0,1.0,0.0,117038.96,0.0
15711254.0,Retana,452.0,France,F,35.0,7.0,0.0,2.0,,0.0,164241.67,0.0
,Fang,606.0,France,,150,,93578.68,2.0,0.0,1.0,137720.56,1.0
15602851.0,Ozioma,629.0,France,M,nan,,0.0,1.0,1.0,0.0,106.67,0.0
,,659.0,,F,33.0,8.0,115409.6,1.0,0.0,1.0,1539.21,0.0
15701175.0,,,France,,33.0,,90791.69,1.0,,1.0,59659.53,0.0
15783019.0,Price,794.0,France,F,62.0,9.0,123681.32,3.0,1.0,0.0,173586.63,1.0
15728912.0,Swanson,554.0,France,F,44.0,6.0,92436.86,1.0,,0.0,,0.0
15585580.0,Chang,796.0,,,52.0,9.0,167194.36,1.0,1.0,1.0,62808.93,1.0
15583480.0,Morgan,807.0,,F,36.0,4.0,nan,2.0,0.0,1.0,147007.33,0.0
15620341.0,Nwebube,500.0,Germany,M,44.0,9.0,160838.13,2.0,1.0,0.0,196261.64,0.0
,Trevisan,722.0,Spain,M,43.0,1.0,0.0,1.0,,0.0,44560.17,1.0
15792916.0,Ositadimma,559.0,Spain,F,40.0,,144470.77,1.0,1.0,1.0,18917.95,0.0
15710408.0,,584.0,Spain,F,38.0,3.0,-99999,2.0,1.0,1.0,4525.4,0.0
15598695.0,,834.0,Germany,F,68.0,9.0,130169.27,2.0,0.0,1.0,93112.2,0.0
15649354.0,Johnston,754.0,Spain,M,35.0,4.0,0.0,,1.0,1.0,9658.41,0.0
15737556.0,Vasilyev,590.0,France,M,43.0,7.0,nan,2.0,1.0,1.0,182627.25,1.0
15671610.0,Hooper,740.0,France,M,36.0,,nan,1.0,1.0,1.0,13177.4,0.0
15625092.0,Colombo,502.0,Germany,,150,3.0,101465.31,1.0,1.0,0.0,43568.31,1.0
15741032.0,Tsao,,,M,48.0,5.0,-99999,1.0,0.0,1.0,117830.57,0.0
,Chikere,755.0,Germany,F,150,0.0,113865.23,2.0,1.0,1.0,117396.25,0.0
15784761.0,Ballard,554.0,Spain,F,46.0,,87603.35,3.0,0.0,1.0,96929.24,1.0
15768359.0,Akhtar,,France,,36.0,4.0,120037.96,1.0,1.0,0.0,,0.0
15805769.0,O'Loughlin,656.0,Spain,M,33.0,4.0,0.0,2.0,1.0,0.0,116706.0,0.0
15719508.0,Davis,575.0,Germany,M,49.0,7.0,121205.15,4.0,1.0,,168080.53,1.0
15609011.0,Barry,480.0,Spain,,47.0,8.0,75408.33,1.0,,0.0,25887.89,1.0
15703106.0,K'ung,575.0,,M,40.0,5.0,0.0,2.0,1.0,1.0,122488.59,0.0
15626795.0,Gorman,672.0,France,F,40.0,3.0,0.0,,1.0,,113171.61,1.0
15773731.0,John,758.0,Spain,F,35.0,5.0,0.0,2.0,0.0,0.0,100365.51,0.0
15756196.0,Tsou,682.0,France,M,50.0,6.0,nan,2.0,0.0,1.0,,0.0
15687903.0,Okonkwo,501.0,France,F,29.0,8.0,nan,2.0,1.0,0.0,112664.24,0.0
15777599.0,Esposito,,Germany,M,34.0,6.0,141806.0,2.0,1.0,1.0,183494.87,0.0
15754577.0,Boni,556.0,France,F,51.0,8.0,61354.14,1.0,1.0,0.0,198810.65,1.0
15584113.0,Pratt,823.0,Germany,F,53.0,,nan,1.0,0.0,1.0,131259.6,1.0
,Page,491.0,Germany,F,68.0,,nan,1.0,0.0,1.0,116471.14,1.0
15632793.0,,638.0,France,F,29.0,,103417.74,1.0,1.0,1.0,15336.4,0.0
15711130.0,Tseng,734.0,France,,45.0,2.0,0.0,2.0,1.0,0.0,99593.28,0.0
15615254.0,,555.0,,M,40.0,10.0,nan,,1.0,0.0,170514.21,0.0
15720583.0,Finch,745.0,Germany,F,44.0,0.0,119638.21,1.0,1.0,1.0,34265.08,1.0
15780432.0,Shen,728.0,,,37.0,3.0,122689.51,2.0,0.0,0.0,106977.53,1.0
15673223.0,Hou,626.0,France,,nan,10.0,nan,2.0,0.0,0.0,164287.86,0.0
15807989.0,Wall,681.0,Germany,M,37.0,8.0,73179.34,2.0,1.0,1.0,25292.53,0.0
15761168.0,Manna,,France,F,38.0,4.0,171913.87,1.0,1.0,0.0,51820.87,1.0
15651272.0,Reyes,709.0,France,M,38.0,5.0,0.0,2.0,,1.0,,0.0
15812832.0,Jideofor,562.0,Germany,M,33.0,8.0,-99999,,1.0,,1354.25,0.0
15680517.0,Sal,769.0,Germany,,34.0,7.0,137239.17,1.0,1.0,1.0,71379.92,1.0
15750569.0,Iweobiegbunam,684.0,Germany,F,46.0,,102955.14,2.0,1.0,0.0,,0.0
15690743.0,Shao,536.0,France,F,61.0,8.0,65190.29,1.0,1.0,1.0,64308.49,1.0
15627741.0,Heath,631.0,Germany,F,150,2.0,96863.52,2.0,1.0,1.0,31613.35,0.0
15712121.0,Chidimma,657.0,Spain,M,34.0,5.0,154983.98,1.0,1.0,0.0,27738.01,0.0
15805429.0,Murray,699.0,Germany,M,59.0,3.0,106819.65,,0.0,1.0,163570.25,0.0
15814923.0,Sullivan,606.0,Spain,M,150,7.0,128578.52,1.0,1.0,1.0,193878.51,0.0
15589230.0,Wu,612.0,France,F,63.0,2.0,126473.33,1.0,0.0,1.0,147545.65,0.0
,Downie,660.0,France,F,38.0,5.0,110570.78,2.0,1.0,0.0,195906.59,0.0
15749727.0,Chukwufumnanya,829.0,Spain,M,50.0,7.0,0.0,2.0,0.0,1.0,178458.86,0.0
15619238.0,Allan,567.0,Spain,M,29.0,8.0,0.0,2.0,1.0,0.0,156125.72,0.0
15593468.0,Findlay,850.0,France,,33.0,3.0,0.0,2.0,1.0,1.0,11159.19,0.0
15718454.0,Ch'eng,712.0,,F,150,2.0,nan,2.0,0.0,,45738.94,0.0
15789498.0,Miller,562.0,France,M,30.0,3.0,111099.79,2.0,0.0,0.0,140650.19,0.0
15744691.0,Tsai,755.0,France,F,29.0,3.0,0.0,3.0,1.0,0.0,4733.94,0.0
15708289.0,,793.0,Spain,M,25.0,3.0,100913.57,1.0,0.0,0.0,10579.72,0.0
15790412.0,Norton,471.0,Spain,M,nan,8.0,0.0,2.0,1.0,,179655.87,0.0
,Yegorov,707.0,France,M,42.0,2.0,16893.59,1.0,,1.0,77502.56,
15598894.0,Holt,784.0,Spain,M,38.0,10.0,122267.85,1.0,0.0,0.0,145759.93,0.0
15663294.0,Kao,703.0,France,M,32.0,1.0,125685.79,1.0,,,56246.72,0.0
15572728.0,Ross,704.0,Spain,M,36.0,,127397.34,1.0,1.0,0.0,151335.24,0.0
15706729.0,Hsiao,,France,M,38.0,0.0,105271.56,1.0,,1.0,179833.45,0.0
15674433.0,Allan,636.0,Germany,F,28.0,2.0,nan,1.0,0.0,0.0,191627.85,0.0
15641170.0,Liang,640.0,Spain,M,36.0,4.0,0.0,1.0,0.0,0.0,173016.46,0.0
15806284.0,Briggs,739.0,Spain,M,nan,1.0,0.0,2.0,1.0,1.0,58469.75,0.0
15690958.0,,767.0,,M,23.0,2.0,-99999,1.0,0.0,,28038.28,0.0
,Wang,753.0,Germany,F,46.0,3.0,111512.75,3.0,1.0,0.0,159576.75,1.0
15682322.0,Aksenov,714.0,France,M,37.0,9.0,nan,2.0,0.0,1.0,151280.96,0.0
15579915.0,,707.0,France,,nan,4.0,0.0,2.0,1.0,,139953.94,0.0
15681928.0,Yancy,577.0,France,F,35.0,4.0,108155.49,1.0,1.0,0.0,105407.79,0.0
15734005.0,Mazzi,633.0,France,F,42.0,1.0,0.0,2.0,1.0,0.0,,0.0
15650432.0,,849.0,Germany,,41.0,10.0,84622.13,,1.0,1.0,198072.16,0.0
15592578.0,Nucci,614.0,Spain,F,41.0,7.0,146997.64,2.0,0.0,0.0,137791.18,0.0
,Y?,558.0,France,F,47.0,,0.0,,1.0,0.0,103787.28,0.0
15775709.0,Nucci,832.0,France,F,27.0,10.0,nan,1.0,1.0,0.0,30912.89,0.0
15702631.0,Tang,,France,F,26.0,2.0,0.0,2.0,1.0,,,0.0
15602282.0,Kao,587.0,Germany,F,45.0,8.0,134980.74,1.0,1.0,,123309.57,1.0
15717879.0,Chen,712.0,Spain,F,79.0,5.0,108078.56,1.0,1.0,1.0,174118.93,0.0
15740878.0,Yao,655.0,Spain,F,29.0,9.0,0.0,2.0,0.0,1.0,,0.0
15794468.0,Tsou,641.0,France,F,42.0,6.0,0.0,2.0,0.0,0.0,121138.77,0.0
15773277.0,Barnes,,France,M,35.0,5.0,106836.67,2.0,1.0,0.0,84199.78,0.0
15572657.0,H?,472.0,France,M,nan,8.0,102490.27,1.0,0.0,1.0,181224.56,0.0
15800295.0,Cruz,644.0,Germany,M,34.0,9.0,112746.54,2.0,0.0,0.0,141230.07,0.0
15672397.0,Smith,,France,M,38.0,0.0,125487.89,1.0,0.0,0.0,158111.71,
15684921.0,Onuchukwu,792.0,Spain,M,150,8.0,142862.21,1.0,,1.0,,0.0
15720676.0,Bukowski,700.0,France,F,37.0,7.0,0.0,2.0,1.0,0.0,,0.0
15731829.0,Simmons,616.0,France,M,34.0,10.0,0.0,2.0,1.0,0.0,25662.27,0.0
15732672.0,Stewart,743.0,,M,35.0,6.0,79388.33,1.0,1.0,1.0,193360.69,0.0
15692406.0,Gow,427.0,France,M,37.0,5.0,0.0,,1.0,1.0,121485.1,0.0
15764405.0,Williams,731.0,France,M,150,10.0,0.0,2.0,,1.0,162452.65,
15757537.0,Francis,610.0,,F,31.0,6.0,107784.65,1.0,1.0,1.0,141137.53,
15793307.0,Calabresi,724.0,Spain,F,41.0,4.0,142880.28,,0.0,0.0,185541.2,1.0
15660679.0,Chimaobim,653.0,Spain,F,38.0,9.0,149571.94,1.0,1.0,0.0,118383.18,0.0
15666856.0,Chikwendu,774.0,France,M,49.0,1.0,142767.39,,1.0,1.0,8214.41,0.0
,Padovesi,547.0,Germany,M,49.0,8.0,121537.71,2.0,1.0,0.0,46521.45,1.0
15667289.0,Henderson,719.0,Spain,M,50.0,2.0,0.0,2.0,0.0,0.0,10772.13,0.0
15624641.0,Kharlamova,740.0,Spain,M,43.0,9.0,0.0,1.0,1.0,,199290.68,1.0
,Onio,543.0,France,M,42.0,,89838.71,3.0,1.0,0.0,85983.54,1.0
15631882.0,Yeh,688.0,Germany,M,45.0,9.0,-99999,1.0,0.0,0.0,129870.93,0.0
15642709.0,Feng,474.0,France,F,nan,9.0,0.0,2.0,0.0,0.0,63158.22,
15811026.0,Norman,,Germany,M,nan,5.0,136855.94,2.0,1.0,0.0,171070.52,0.0
15596303.0,White,688.0,France,F,39.0,0.0,0.0,2.0,1.0,0.0,,1.0
15787255.0,,,,,55.0,2.0,nan,3.0,1.0,1.0,,1.0
15617166.0,Ritchie,610.0,France,M,37.0,0.0,0.0,1.0,1.0,0.0,114514.64,0.0
15742442.0,Udegbulam,705.0,Spain,F,nan,5.0,89364.91,1.0,0.0,1.0,139162.15,0.0
,Kao,669.0,France,,29.0,7.0,146011.4,,0.0,0.0,50249.16,0.0
15568238.0,,650.0,Spain,M,20.0,8.0,0.0,2.0,1.0,1.0,113469.65,0.0
15730353.0,Olisaemeka,550.0,Germany,M,29.0,9.0,145294.08,2.0,1.0,0.0,147484.13,0.0
15731555.0,Ross-Watt,595.0,Germany,F,45.0,9.0,106000.12,1.0,0.0,0.0,191448.96,1.0
15582404.0,,572.0,Spain,F,26.0,5.0,0.0,2.0,1.0,0.0,119381.41,0.0
15721462.0,Shubin,622.0,Spain,F,58.0,2.0,0.0,2.0,1.0,,33277.31,0.0
15632899.0,,662.0,Spain,,20.0,9.0,104508.77,,0.0,0.0,73107.53,0.0
15808526.0,,783.0,Germany,,58.0,3.0,127539.3,1.0,1.0,1.0,96590.39,1.0
15694349.0,Ngozichukwuka,,Spain,M,44.0,7.0,0.0,1.0,,1.0,6923.11,0.0
15718465.0,,671.0,Germany,,51.0,3.0,nan,1.0,1.0,0.0,176403.33,1.0
15682995.0,,,France,,32.0,1.0,78535.25,1.0,1.0,0.0,64349.6,0.0
15584776.0,Shen,,Spain,F,37.0,9.0,nan,1.0,,0.0,116097.26,0.0
15777772.0,,650.0,,M,55.0,,119618.42,1.0,1.0,1.0,29861.13,0.0
15576156.0,Abazu,710.0,Spain,F,28.0,6.0,0.0,,1.0,0.0,48426.98,0.0
15646756.0,Murphy,682.0,,,33.0,8.0,74963.5,1.0,1.0,1.0,32770.56,0.0
15742886.0,Ford,642.0,France,M,26.0,1.0,138023.79,2.0,0.0,1.0,117060.2,0.0
15586135.0,,536.0,Spain,F,28.0,,0.0,1.0,1.0,1.0,,0.0
15616152.0,Pai,754.0,France,,47.0,1.0,185513.67,1.0,1.0,0.0,27438.83,0.0
15721460.0,Lorenzo,678.0,France,M,60.0,,-99999,1.0,0.0,0.0,192156.54,1.0
15727317.0,Brady,533.0,Germany,F,49.0,1.0,102286.6,3.0,1.0,0.0,69409.37,1.0
15649536.0,Wong,741.0,Germany,M,38.0,4.0,128015.83,1.0,1.0,0.0,58440.43,
15754929.0,Douglas,757.0,France,M,31.0,10.0,39539.39,2.0,0.0,0.0,,0.0
,Kennedy,721.0,France,M,40.0,3.0,0.0,1.0,1.0,1.0,144874.67,0.0
15668142.0,Chang,700.0,France,M,37.0,3.0,77608.46,2.0,1.0,,175373.46,0.0
15701176.0,,663.0,France,M,26.0,,141462.13,,1.0,0.0,440.2,0.0
15708422.0,,677.0,Spain,F,35.0,0.0,0.0,2.0,0.0,0.0,76637.38,0.0
15655632.0,MacDonald,655.0,,M,27.0,2.0,131691.33,1.0,1.0,0.0,49480.66,0.0
15744606.0,Davidson,832.0,Spain,M,29.0,8.0,93833.86,1.0,0.0,1.0,10417.87,0.0
15612140.0,Milano,721.0,,F,46.0,7.0,137933.39,1.0,1.0,1.0,,
15656086.0,Bovee,542.0,Spain,M,54.0,8.0,nan,1.0,0.0,1.0,140929.98,1.0
15655298.0,Lewis,654.0,Spain,F,54.0,5.0,0.0,2.0,0.0,1.0,47139.06,0.0
15644796.0,Dyer,821.0,Spain,F,38.0,8.0,0.0,2.0,0.0,1.0,126241.4,1.0
15726250.0,Hsia,508.0,France,F,38.0,3.0,166328.65,2.0,0.0,1.0,22614.19,0.0
15764432.0,Hicks,588.0,,F,42.0,2.0,164307.77,1.0,1.0,0.0,48498.19,0.0
,Millar,691.0,Germany,M,38.0,,163965.69,2.0,,1.0,103511.26,0.0
15707479.0,Fan,664.0,France,,40.0,7.0,125608.72,1.0,1.0,0.0,122073.48,0.0
15579826.0,,439.0,France,F,66.0,9.0,0.0,1.0,1.0,0.0,65535.56,0.0
15668104.0,,479.0,Spain,M,37.0,,118433.94,1.0,0.0,1.0,160060.9,
15641604.0,Frolova,850.0,France,F,55.0,10.0,98488.08,1.0,1.0,0.0,155879.57,1.0
15587240.0,,518.0,France,M,nan,4.0,0.0,2.0,0.0,1.0,194416.58,
15680767.0,Sabbatini,,Germany,F,64.0,10.0,98362.35,2.0,1.0,,21630.21,0.0
15601594.0,Ifeanacho,,France,F,51.0,6.0,nan,4.0,1.0,0.0,157143.61,1.0
15589969.0,Capon,850.0,France,M,nan,6.0,0.0,1.0,0.0,1.0,52796.31,0.0
15703728.0,Chieloka,700.0,Spain,,47.0,4.0,0.0,1.0,1.0,0.0,121798.52,1.0
15617790.0,Hanson,626.0,France,F,29.0,4.0,105767.28,2.0,,,41104.82,0.0
15662500.0,Ts'ao,774.0,Spain,,32.0,9.0,0.0,2.0,1.0,0.0,10604.48,0.0
15778526.0,Bradshaw,719.0,Spain,F,48.0,5.0,0.0,2.0,0.0,0.0,78563.66,0.0
15670584.0,Nkemakolam,646.0,Spain,M,31.0,2.0,0.0,1.0,1.0,1.0,170821.43,1.0
15748069.0,Clunie,485.0,,F,25.0,3.0,134467.26,1.0,1.0,1.0,113266.09,0.0
15680597.0,Cover,784.0,Germany,M,38.0,1.0,138515.02,1.0,1.0,1.0,171768.76,0.0
15628992.0,Esposito,850.0,Germany,M,32.0,2.0,-99999,2.0,0.0,0.0,,0.0
,Hodgson,669.0,,F,38.0,9.0,121858.98,1.0,1.0,0.0,130755.34,0.0
15812767.0,,731.0,Spain,M,70.0,3.0,0.0,2.0,1.0,1.0,,0.0
15689201.0,Dobie,721.0,,F,49.0,1.0,120108.56,1.0,0.0,1.0,183421.76,0.0
,Okwudilichukwu,515.0,France,F,37.0,,196853.62,1.0,1.0,1.0,,
15683618.0,,774.0,France,F,35.0,3.0,121418.62,1.0,1.0,1.0,,0.0
15799631.0,Chase,585.0,Spain,M,36.0,,nan,2.0,1.0,1.0,180318.6,
15692259.0,Baresi,695.0,France,F,29.0,9.0,0.0,2.0,,0.0,111565.45,0.0
15590966.0,Lo,,,F,42.0,4.0,97495.8,2.0,0.0,0.0,2002.5,0.0
15656426.0,Tyler,713.0,France,F,42.0,3.0,0.0,,0.0,,,0.0
15675256.0,Ts'ui,555.0,Spain,M,33.0,5.0,127343.4,1.0,0.0,1.0,,0.0
,Aparicio,699.0,,F,50.0,0.0,nan,1.0,1.0,0.0,193785.87,0.0
15789582.0,Macleod,587.0,France,M,nan,9.0,0.0,,1.0,0.0,64593.07,0.0
15651103.0,Sal,762.0,Spain,F,69.0,9.0,183744.98,1.0,1.0,1.0,196993.69,0.0
15672299.0,Yeh,510.0,,M,44.0,6.0,0.0,2.0,1.0,1.0,,
15772250.0,Udegbunam,842.0,Spain,M,46.0,9.0,0.0,1.0,0.0,0.0,17268.02,0.0
15763922.0,Alexandrov,608.0,France,M,31.0,7.0,79962.92,2.0,1.0,0.0,60901.72,0.0
15633870.0,Ozioma,850.0,France,F,36.0,10.0,0.0,2.0,1.0,1.0,100750.03,0.0
15624323.0,Atkins,642.0,France,M,36.0,4.0,0.0,2.0,1.0,1.0,195224.91,0.0
15688612.0,Campos,850.0,France,,33.0,7.0,140956.99,1.0,0.0,0.0,3510.18,0.0
15694644.0,Wood,455.0,Spain,F,43.0,6.0,-99999,1.0,1.0,1.0,81250.79,0.0
15587174.0,,726.0,France,M,29.0,7.0,0.0,2.0,1.0,1.0,91844.14,1.0
,,,Spain,M,150,8.0,145241.63,1.0,1.0,1.0,80676.83,0.0
15775430.0,Tsou,651.0,Germany,M,31.0,,138008.06,2.0,1.0,0.0,129912.74,0.0
15623695.0,McKinnon,814.0,France,F,31.0,4.0,0.0,2.0,1.0,1.0,142029.17,0.0
15760849.0,,537.0,France,M,39.0,2.0,0.0,2.0,1.0,1.0,137651.6,
15813095.0,Nwebube,553.0,France,M,nan,2.0,0.0,2.0,1.0,0.0,33877.29,0.0
15705281.0,Burt,800.0,Spain,M,nan,9.0,0.0,1.0,1.0,0.0,78744.39,0.0
15812594.0,Ross,791.0,France,M,34.0,7.0,0.0,2.0,1.0,0.0,,0.0
15626322.0,Lees,699.0,Spain,F,nan,9.0,127570.93,2.0,,0.0,164756.81,0.0
15723105.0,Feetham,756.0,,,28.0,6.0,0.0,1.0,1.0,1.0,164394.65,0.0
15588449.0,Chuang,591.0,Spain,F,27.0,,107812.67,1.0,0.0,1.0,162501.83,1.0
15794849.0,Aitken,850.0,Germany,M,22.0,7.0,91560.58,2.0,0.0,0.0,10541.38,0.0
15620000.0,Chambers,760.0,Germany,M,34.0,6.0,121303.77,2.0,,1.0,59325.21,0.0
15799720.0,,569.0,Spain,M,43.0,8.0,nan,2.0,0.0,1.0,,0.0
15711287.0,Ahmed,661.0,Spain,F,nan,5.0,128415.45,1.0,1.0,0.0,142626.49,0.0
15613102.0,Ogochukwu,670.0,France,F,31.0,2.0,57530.06,1.0,1.0,1.0,181893.31,1.0
15621440.0,Soto,694.0,France,M,38.0,1.0,0.0,2.0,0.0,1.0,156858.2,0.0
15677146.0,,728.0,France,,28.0,4.0,142243.54,2.0,1.0,0.0,33074.51,0.0
15801169.0,Yegorova,764.0,Germany,F,39.0,9.0,138341.51,1.0,1.0,0.0,50072.94,1.0
15722425.0,Lucchese,639.0,France,M,nan,9.0,0.0,2.0,1.0,0.0,111340.36,0.0
15682421.0,Talbot,,France,F,30.0,2.0,0.0,2.0,0.0,1.0,100496.84,1.0
15691910.0,Lu,663.0,,M,30.0,4.0,0.0,3.0,1.0,0.0,101371.05,0.0
15721779.0,Arnold,826.0,Spain,M,41.0,5.0,146466.46,2.0,0.0,0.0,180934.67,0.0
15579548.0,Nicholson,735.0,Spain,M,36.0,5.0,0.0,2.0,1.0,0.0,,0.0
15681075.0,Chukwualuka,682.0,France,F,58.0,1.0,0.0,1.0,1.0,1.0,706.5,0.0
15607884.0,Wallace,663.0,France,F,39.0,8.0,0.0,2.0,1.0,1.0,101168.9,0.0
15767757.0,Pisano,562.0,Spain,F,29.0,9.0,120307.58,1.0,1.0,1.0,6795.61,0.0
15791550.0,Kelly,696.0,France,M,27.0,,-99999,2.0,0.0,0.0,196111.35,0.0
,Brady,850.0,Spain,,38.0,2.0,-99999,1.0,1.0,1.0,,0.0
,Palmer,719.0,France,F,22.0,7.0,114415.84,1.0,1.0,1.0,177497.4,0.0
,Tan,804.0,France,F,71.0,8.0,0.0,2.0,0.0,1.0,147995.96,
15660768.0,L?,604.0,France,M,40.0,1.0,84315.02,1.0,0.0,0.0,,0.0
15726310.0,Mordvinova,782.0,Spain,F,27.0,3.0,0.0,2.0,1.0,0.0,143614.01,0.0
15641298.0,Corones,512.0,Germany,M,42.0,9.0,93955.83,2.0,1.0,0.0,14828.54,0.0
15625675.0,Clements,569.0,France,M,36.0,1.0,67087.69,1.0,1.0,0.0,154775.7,0.0
15713354.0,Morrice,597.0,Germany,F,22.0,6.0,101528.61,,1.0,0.0,70529.0,1.0
15633866.0,Hsiung,753.0,Germany,,30.0,1.0,110824.52,1.0,1.0,1.0,57896.27,0.0
15704231.0,Barrett,430.0,France,F,33.0,8.0,nan,1.0,1.0,1.0,69759.91,
15735400.0,Kanayochukwu,756.0,France,M,28.0,8.0,179960.2,1.0,1.0,0.0,89938.08,0.0
,Tardent,493.0,France,M,38.0,3.0,134006.77,1.0,,0.0,89578.32,0.0
15751022.0,Bowhay,777.0,Germany,F,37.0,10.0,121532.17,2.0,1.0,1.0,73464.88,0.0
15664737.0,,779.0,Spain,F,38.0,7.0,0.0,,1.0,1.0,,0.0
15681126.0,Baker,702.0,Spain,F,38.0,2.0,0.0,1.0,,1.0,161888.63,0.0
15738954.0,Pisano,551.0,France,,35.0,7.0,129717.3,2.0,0.0,,,0.0
15662263.0,Castillo,749.0,Germany,M,22.0,4.0,94762.16,2.0,1.0,1.0,42241.54,0.0
,Gibson,742.0,,M,55.0,5.0,155196.17,1.0,0.0,1.0,121207.66,1.0
15783752.0,Lindsay,752.0,Germany,M,29.0,4.0,129514.99,1.0,1.0,,102930.46,0.0
15709474.0,Macnamara,740.0,Germany,F,57.0,3.0,113386.36,2.0,1.0,1.0,65121.63,1.0
,,576.0,France,M,24.0,,0.0,1.0,0.0,1.0,78498.04,1.0
15671104.0,Aksakova,637.0,Spain,M,43.0,3.0,172196.23,1.0,,,104769.96,0.0
15796434.0,Farnsworth,,France,M,28.0,5.0,97612.12,1.0,1.0,1.0,96498.14,0.0
15781505.0,Giordano,,France,M,20.0,4.0,104719.94,2.0,,0.0,38691.34,
15625819.0,Arnold,625.0,France,,38.0,7.0,0.0,,,0.0,,0.0
15753174.0,Thompson,571.0,Germany,M,37.0,9.0,139592.98,3.0,1.0,0.0,104152.65,1.0
15654067.0,Koch,584.0,Spain,F,29.0,4.0,nan,2.0,1.0,0.0,88866.92,0.0
15724719.0,Jones,550.0,France,F,22.0,,139096.85,1.0,1.0,0.0,129890.94,0.0
15624695.0,Otitodilinna,662.0,Spain,F,72.0,7.0,nan,1.0,0.0,1.0,179258.67,0.0
,Fleetwood-Smith,,Spain,M,43.0,3.0,0.0,1.0,1.0,0.0,72051.44,0.0
15586300.0,Chinonyelum,615.0,France,M,150,7.0,0.0,2.0,1.0,1.0,74580.8,0.0
15783349.0,Montague,481.0,Spain,M,39.0,,nan,1.0,1.0,1.0,123995.15,0.0
15725767.0,Milani,701.0,France,M,23.0,3.0,0.0,2.0,1.0,0.0,38960.59,0.0
15791925.0,Palermo,751.0,France,,29.0,10.0,147737.63,1.0,0.0,1.0,94951.27,0.0
,,675.0,France,M,35.0,8.0,0.0,2.0,1.0,1.0,56642.97,0.0
15576641.0,Crawford,733.0,Germany,M,40.0,5.0,125725.02,2.0,1.0,,50783.1,
15749519.0,Lin,822.0,France,M,38.0,6.0,128289.7,3.0,1.0,0.0,,1.0
15684960.0,Yewen,559.0,France,F,150,,nan,1.0,1.0,0.0,21006.1,1.0
15591286.0,Simmons,731.0,Germany,F,49.0,4.0,88826.07,1.0,,1.0,33759.41,1.0
15668323.0,Mbadiwe,,France,F,41.0,1.0,143443.61,1.0,1.0,0.0,196622.28,1.0
15608528.0,Munro,645.0,France,F,68.0,9.0,0.0,4.0,1.0,1.0,176353.87,1.0
15645184.0,Graham,701.0,France,M,29.0,2.0,0.0,2.0,1.0,0.0,176943.59,0.0
15702566.0,Lombardo,554.0,Spain,M,26.0,8.0,149134.46,,1.0,1.0,177966.24,0.0
15660840.0,Kalinin,,France,M,30.0,3.0,124119.54,1.0,1.0,0.0,162198.32,0.0
15750811.0,Woodward,766.0,Germany,M,44.0,3.0,116822.7,1.0,0.0,0.0,,0.0
15733842.0,Pirozzi,597.0,France,F,24.0,1.0,103219.47,1.0,1.0,0.0,60420.07,0.0
15581526.0,Iweobiegbulam,574.0,France,M,41.0,1.0,0.0,2.0,0.0,0.0,70550.0,
15662751.0,Piazza,655.0,Germany,,40.0,0.0,nan,1.0,,,198798.44,1.0
15684319.0,Baranova,780.0,Germany,F,37.0,10.0,-99999,1.0,1.0,0.0,126310.39,1.0
15702190.0,Fan,672.0,Spain,M,43.0,5.0,0.0,2.0,1.0,1.0,64515.5,
15588517.0,Sun,717.0,France,M,38.0,7.0,0.0,2.0,,1.0,158580.05,0.0
15801863.0,Marino,521.0,France,F,32.0,2.0,136555.01,2.0,1.0,1.0,129353.21,0.0
15584271.0,Donaldson,633.0,,M,59.0,5.0,0.0,1.0,1.0,1.0,137273.97,0.0
15700366.0,Burton,669.0,France,M,39.0,3.0,119452.03,1.0,1.0,1.0,171575.54,0.0
,Quinn,740.0,,M,nan,9.0,0.0,1.0,0.0,1.0,96528.0,1.0
15720820.0,,462.0,,F,24.0,9.0,69881.09,2.0,0.0,1.0,64421.02,0.0
15743759.0,Brooks,619.0,France,,39.0,5.0,0.0,2.0,1.0,1.0,158444.61,0.0
15749947.0,Black,665.0,France,F,44.0,7.0,0.0,,1.0,,66548.58,0.0
15670496.0,Schwartz,655.0,Spain,,27.0,9.0,0.0,2.0,,0.0,108008.05,0.0
15746664.0,Ts'ui,463.0,Spain,M,20.0,8.0,nan,1.0,1.0,0.0,128268.39,0.0
15745533.0,Sargent,799.0,,,63.0,1.0,110314.21,2.0,1.0,0.0,37464.0,1.0
15761497.0,Udinesi,713.0,Spain,F,48.0,1.0,163760.82,1.0,0.0,0.0,157381.14,
15628600.0,Lee,807.0,Germany,F,31.0,1.0,141069.18,,1.0,1.0,194257.11,0.0
15627002.0,Taylor,728.0,,M,38.0,1.0,115934.74,1.0,,1.0,139059.05,0.0
15614635.0,Kepley,582.0,France,M,52.0,,151457.88,1.0,0.0,1.0,40893.61,0.0
15731281.0,Ozuluonye,704.0,Germany,F,35.0,3.0,154206.07,2.0,1.0,1.0,,0.0
15814022.0,Lassetter,714.0,France,F,26.0,9.0,89928.99,1.0,1.0,0.0,46203.31,0.0
15659194.0,Mishina,,France,M,30.0,8.0,89182.09,1.0,1.0,1.0,13126.9,0.0
15745030.0,Trevisano,809.0,Germany,M,41.0,1.0,nan,2.0,,0.0,165675.01,0.0
15691817.0,Iloerika,547.0,Spain,F,44.0,5.0,0.0,3.0,0.0,0.0,5459.07,1.0
,Tan,560.0,France,F,27.0,5.0,0.0,2.0,1.0,0.0,,0.0
15784700.0,Chikelu,811.0,France,M,31.0,7.0,117799.28,1.0,1.0,1.0,182372.35,0.0
15710397.0,Lin,584.0,France,M,26.0,4.0,0.0,2.0,1.0,0.0,147600.54,0.0
15687648.0,Nicholson,691.0,France,M,28.0,1.0,0.0,2.0,0.0,0.0,92865.41,0.0
15732281.0,,,Germany,M,34.0,6.0,146422.22,1.0,1.0,0.0,67142.97,1.0
,Michel,588.0,Germany,M,33.0,9.0,nan,2.0,1.0,1.0,65611.01,0.0
15567630.0,,721.0,Germany,M,40.0,6.0,100275.88,,1.0,,138564.48,1.0
15587507.0,Feng,850.0,France,M,47.0,,0.0,1.0,1.0,0.0,,
,,529.0,France,,32.0,9.0,147493.89,1.0,1.0,,33656.35,0.0
15709511.0,Watt,622.0,France,,43.0,8.0,0.0,2.0,1.0,0.0,100618.17,0.0
15579616.0,Goodwin,683.0,France,F,42.0,,nan,2.0,0.0,1.0,198134.9,0.0
15694852.0,Arcuri,575.0,France,M,29.0,4.0,nan,2.0,1.0,,50368.87,0.0
15589924.0,Rapuluolisa,577.0,Spain,,40.0,1.0,0.0,2.0,1.0,1.0,108787.0,0.0
15799300.0,Kao,510.0,,M,31.0,0.0,113688.63,1.0,1.0,0.0,,1.0
15731330.0,Tsui,652.0,Spain,F,40.0,,nan,1.0,1.0,1.0,124550.88,0.0
15694129.0,Summers,569.0,Germany,F,28.0,,nan,1.0,1.0,0.0,5159.21,1.0
15620372.0,Cross,687.0,Spain,M,31.0,3.0,nan,,0.0,0.0,48228.1,0.0
15744622.0,Osorio,822.0,France,M,32.0,,116358.0,1.0,1.0,0.0,108798.36,0.0
15799815.0,,656.0,Germany,F,23.0,4.0,163549.63,1.0,0.0,1.0,21085.12,0.0
15759250.0,Barnett,,Germany,M,51.0,3.0,99183.9,1.0,1.0,1.0,28922.25,0.0
15732643.0,Pike,386.0,Spain,F,53.0,1.0,131955.07,1.0,1.0,1.0,62514.65,1.0
15690540.0,Gearheart,684.0,Spain,F,150,,134177.06,1.0,,0.0,177506.66,
15803078.0,Bruno,635.0,,F,38.0,1.0,0.0,2.0,1.0,0.0,,0.0
15652180.0,Egobudike,582.0,France,M,30.0,2.0,0.0,2.0,1.0,1.0,132029.95,0.0
15741195.0,Okechukwu,613.0,Spain,M,19.0,5.0,0.0,1.0,1.0,,,0.0
15743490.0,Zikoranachidimma,795.0,Germany,F,56.0,9.0,94348.94,1.0,1.0,0.0,29239.29,1.0
15575510.0,Milanesi,659.0,France,,nan,2.0,155584.21,1.0,0.0,1.0,153662.88,0.0
15732610.0,Ahern,745.0,France,F,28.0,6.0,-99999,2.0,1.0,,154389.18,0.0
15602909.0,Dickson,,Spain,,41.0,10.0,0.0,2.0,,1.0,166224.39,0.0
15734058.0,Anayochukwu,509.0,Germany,M,32.0,9.0,170661.47,1.0,1.0,,21646.2,0.0
,McDonald,706.0,Germany,F,nan,6.0,185544.36,1.0,1.0,,171037.63,0.0
15702462.0,Fiorentini,619.0,Spain,F,44.0,6.0,52831.13,1.0,1.0,1.0,112649.22,1.0
,Russo,572.0,Germany,M,51.0,8.0,97750.07,,1.0,1.0,193014.26,1.0
15794187.0,Young,695.0,France,M,36.0,6.0,114007.5,2.0,1.0,0.0,118120.88,0.0
15792989.0,Bianchi,543.0,France,F,71.0,1.0,104308.77,1.0,1.0,1.0,25650.04,0.0
15613734.0,Fallaci,640.0,France,F,33.0,6.0,84719.13,2.0,1.0,1.0,,0.0
15606177.0,Crawford,672.0,France,,39.0,,0.0,2.0,1.0,0.0,87372.49,0.0
15636700.0,Marsh,701.0,France,M,39.0,9.0,140236.98,1.0,0.0,1.0,146651.99,0.0
15645766.0,Kosisochukwu,634.0,Spain,M,25.0,9.0,0.0,2.0,1.0,1.0,8227.91,0.0
15671345.0,Piccio,531.0,Spain,F,42.0,6.0,75302.85,,0.0,,,0.0
15652469.0,Nevels,,France,M,27.0,1.0,0.0,2.0,1.0,0.0,93003.21,0.0
15749638.0,,605.0,France,F,150,9.0,104760.82,,1.0,1.0,165574.54,1.0
15728706.0,Amaechi,534.0,France,F,49.0,7.0,0.0,,1.0,0.0,13566.48,1.0
15735439.0,P'an,449.0,Spain,F,nan,,113693.0,1.0,0.0,0.0,82796.29,0.0
15778696.0,,684.0,Spain,F,36.0,5.0,174180.39,1.0,1.0,0.0,119830.08,
15624744.0,Tai,622.0,,M,42.0,,115766.26,1.0,0.0,0.0,72155.85,1.0
15584338.0,Winn,714.0,France,,nan,0.0,0.0,2.0,,0.0,62762.12,0.0
15726178.0,Hardy,712.0,Spain,,48.0,8.0,0.0,2.0,1.0,0.0,183235.33,0.0
,Chiu,783.0,France,F,72.0,5.0,121215.9,2.0,1.0,1.0,,0.0
15788068.0,Lopez,743.0,,M,45.0,10.0,144677.19,3.0,1.0,0.0,22512.44,1.0
15572956.0,Steen,683.0,,M,36.0,,115350.63,1.0,1.0,1.0,122305.91,0.0
15780386.0,Ferri,654.0,Spain,M,nan,,105683.63,1.0,1.0,0.0,173617.09,0.0
15791114.0,Yegorova,700.0,France,M,37.0,1.0,135179.49,1.0,1.0,0.0,160670.37,0.0
15708046.0,Knowles,744.0,Spain,M,31.0,0.0,117551.23,1.0,1.0,0.0,158958.9,
15719779.0,May,645.0,,M,25.0,1.0,nan,2.0,1.0,0.0,93073.04,0.0
15591550.0,,525.0,Spain,M,36.0,3.0,77910.23,1.0,1.0,0.0,67238.01,
15639368.0,Pipes,732.0,France,M,25.0,0.0,nan,1.0,0.0,0.0,172576.56,0.0
15699830.0,Doherty,721.0,France,F,40.0,,0.0,2.0,1.0,1.0,122580.48,0.0
15569264.0,Yobanna,622.0,France,M,32.0,5.0,179305.09,1.0,1.0,1.0,149043.78,0.0
15595158.0,Hsu,654.0,Germany,M,31.0,5.0,150593.59,2.0,1.0,1.0,105218.45,0.0
15599126.0,Russell,529.0,France,,nan,0.0,123815.86,1.0,1.0,1.0,78463.99,1.0
15650575.0,Payne,,Spain,F,59.0,6.0,0.0,2.0,1.0,1.0,160849.43,1.0
,Windsor,850.0,Germany,F,nan,8.0,69385.17,2.0,1.0,0.0,87834.24,0.0
15680234.0,Bray,667.0,Germany,M,27.0,,138032.15,1.0,1.0,0.0,166317.71,0.0
15592230.0,Seleznyov,620.0,France,M,41.0,3.0,0.0,2.0,1.0,1.0,137309.06,0.0
15626212.0,Wark,616.0,France,M,29.0,9.0,0.0,1.0,1.0,1.0,166984.44,0.0
15700627.0,Y?,637.0,Germany,F,46.0,,143500.82,1.0,1.0,0.0,166996.46,1.0
15782641.0,Brown,710.0,Spain,F,150,3.0,119670.18,1.0,1.0,0.0,188022.44,0.0
15784445.0,Huang,717.0,Spain,M,33.0,1.0,99106.73,1.0,0.0,0.0,194467.23,0.0
15813681.0,Zito,786.0,Germany,M,24.0,2.0,120135.55,2.0,1.0,1.0,125449.47,0.0
15596649.0,Bailey,651.0,France,F,39.0,8.0,0.0,1.0,,0.0,137452.57,
,Allnutt,530.0,France,F,55.0,4.0,120905.03,1.0,0.0,1.0,123475.88,
15724076.0,Christie,,,,57.0,5.0,0.0,3.0,0.0,,38941.44,1.0
15784000.0,Pope,715.0,Germany,F,34.0,9.0,nan,1.0,0.0,0.0,177852.57,1.0
,Johnstone,496.0,Germany,F,55.0,4.0,125292.53,1.0,1.0,1.0,31532.96,1.0
15612667.0,Bird,680.0,Spain,M,42.0,0.0,nan,1.0,1.0,0.0,136377.21,0.0
15654025.0,Jones,,France,,51.0,4.0,101629.3,1.0,,0.0,,0.0
15589431.0,Pedder,807.0,,M,nan,1.0,171937.27,1.0,1.0,1.0,,0.0
15578238.0,Calabrese,,,M,47.0,7.0,0.0,2.0,1.0,0.0,193305.35,0.0
15566269.0,Chialuka,787.0,France,M,25.0,5.0,0.0,2.0,1.0,0.0,47307.9,0.0
15639217.0,McKenzie,806.0,France,M,34.0,6.0,0.0,2.0,0.0,0.0,100809.99,0.0
15688644.0,Holloway,603.0,,,31.0,1.0,129743.75,1.0,1.0,0.0,109145.2,0.0
,Tang,649.0,Spain,M,32.0,1.0,0.0,1.0,0.0,1.0,91167.19,1.0
,Byrne,547.0,Germany,M,41.0,3.0,151191.31,1.0,1.0,0.0,175295.89,1.0
15567246.0,Selwyn,684.0,Germany,,32.0,3.0,102630.13,2.0,1.0,1.0,127433.47,0.0
15647965.0,Genovese,477.0,France,F,57.0,9.0,nan,2.0,1.0,1.0,,1.0
15679048.0,Koger,558.0,Germany,M,41.0,2.0,124227.14,1.0,1.0,1.0,111184.67,0.0
15675749.0,Baranov,695.0,,F,23.0,1.0,0.0,2.0,1.0,1.0,,0.0
15782181.0,Greco,592.0,Spain,M,35.0,6.0,80285.16,1.0,1.0,0.0,72678.75,1.0
15795738.0,,789.0,France,M,31.0,4.0,175477.15,1.0,1.0,,172832.9,
15773751.0,Y?,597.0,,,nan,1.0,-99999,1.0,1.0,0.0,158086.33,0.0
15655436.0,Kendall,839.0,Germany,M,47.0,2.0,nan,1.0,1.0,1.0,,1.0
15691396.0,Ko,405.0,Germany,,31.0,5.0,133299.67,2.0,1.0,,72950.14,0.0
15796958.0,,,France,M,39.0,7.0,0.0,2.0,1.0,0.0,48378.4,0.0
15801832.0,Lombardo,684.0,Germany,M,42.0,,-99999,1.0,1.0,1.0,23135.65,1.0
15661349.0,Perkins,,France,M,35.0,10.0,0.0,2.0,1.0,0.0,65675.47,0.0
15719265.0,Feng,589.0,France,,46.0,9.0,0.0,2.0,1.0,0.0,170676.67,0.0
15779985.0,,750.0,,F,37.0,1.0,133199.71,2.0,1.0,1.0,27366.77,0.0
15663410.0,Piccio,771.0,Spain,M,51.0,5.0,135506.58,3.0,1.0,1.0,152479.64,1.0
15704144.0,Mazzanti,812.0,Germany,M,33.0,2.0,127154.14,2.0,0.0,1.0,105383.49,
,Chukwualuka,539.0,Spain,M,39.0,2.0,0.0,2.0,1.0,1.0,48189.94,0.0
15812230.0,Elliot,670.0,Germany,F,42.0,5.0,49508.79,3.0,1.0,1.0,,0.0
15742848.0,,673.0,France,M,41.0,5.0,0.0,1.0,1.0,1.0,65657.29,0.0
15745326.0,Carandini,538.0,France,F,150,3.0,75051.49,1.0,0.0,0.0,17682.02,1.0
15674541.0,Robinson,575.0,Spain,,52.0,8.0,123925.23,1.0,0.0,0.0,111342.66,1.0
15728564.0,Lo,682.0,France,M,41.0,6.0,0.0,,,,134158.09,
15580701.0,Ma,712.0,France,M,33.0,3.0,153819.58,1.0,,0.0,79176.09,
15688973.0,Vinogradova,598.0,Spain,F,39.0,,0.0,2.0,1.0,1.0,83103.46,0.0
15709412.0,H?,776.0,Spain,M,30.0,6.0,0.0,2.0,0.0,1.0,63908.86,0.0
15607753.0,Alexandrova,606.0,Spain,,23.0,10.0,-99999,1.0,0.0,,,0.0
15705352.0,Yang,686.0,Spain,M,38.0,7.0,111484.88,1.0,1.0,1.0,76076.2,0.0
15602500.0,Maslova,850.0,Spain,,38.0,1.0,146343.98,,0.0,1.0,103902.11,0.0
15672437.0,Buccho,642.0,France,M,72.0,1.0,160541.0,2.0,1.0,1.0,142223.94,0.0
15720968.0,Young,606.0,Germany,M,27.0,2.0,130274.26,2.0,1.0,0.0,147533.09,
15730796.0,Barker,627.0,France,F,21.0,7.0,98993.02,1.0,1.0,1.0,169156.64,0.0
15768219.0,Sung,850.0,Spain,M,nan,0.0,0.0,2.0,1.0,0.0,141242.57,0.0
15663883.0,Hansen,850.0,Germany,,32.0,9.0,141827.33,2.0,1.0,1.0,149458.73,0.0
15589296.0,Brown,,France,F,40.0,6.0,110054.45,1.0,1.0,1.0,86950.72,0.0
15586425.0,,579.0,France,,nan,4.0,0.0,2.0,1.0,1.0,176925.69,0.0
,Ellis,727.0,Spain,,28.0,,0.0,1.0,,0.0,40357.39,0.0
15681410.0,Korff,813.0,,F,36.0,,98088.09,1.0,0.0,1.0,26687.22,1.0
15668283.0,Gardiner,642.0,,M,48.0,9.0,118317.27,4.0,0.0,0.0,,1.0
15624072.0,Kiernan,669.0,Spain,M,22.0,10.0,nan,2.0,1.0,0.0,,0.0
15669664.0,Thompson,574.0,Germany,M,54.0,1.0,nan,1.0,0.0,0.0,4896.11,1.0
15682728.0,Mathews,774.0,France,F,32.0,4.0,0.0,2.0,,0.0,114899.13,0.0
15573851.0,,735.0,France,,38.0,1.0,0.0,3.0,,0.0,92220.12,1.0
15733661.0,Illingworth,639.0,Spain,F,nan,8.0,133806.54,2.0,1.0,0.0,6251.3,0.0
15710012.0,Bowen,738.0,Spain,,44.0,2.0,0.0,2.0,1.0,0.0,43018.82,1.0
15763327.0,Craig,835.0,France,M,32.0,8.0,124993.29,2.0,1.0,1.0,27548.06,0.0
15668853.0,,637.0,Spain,,44.0,0.0,157622.58,1.0,1.0,1.0,120454.2,0.0
15639303.0,Moore,589.0,Germany,M,48.0,5.0,126111.61,,0.0,1.0,133961.19,
15691011.0,Shoebridge,,France,M,42.0,9.0,nan,2.0,1.0,,131753.97,0.0
,Palermo,723.0,France,F,40.0,7.0,142856.95,2.0,0.0,0.0,38019.74,0.0
15648933.0,Reilly,831.0,Germany,M,44.0,3.0,111100.98,1.0,1.0,1.0,28144.07,1.0
15628904.0,Bowen,733.0,Spain,M,35.0,,nan,1.0,1.0,1.0,45959.86,0.0
15644788.0,Fyodorov,731.0,France,F,30.0,5.0,0.0,2.0,1.0,0.0,189528.72,0.0
15598161.0,Clements,654.0,France,M,47.0,10.0,0.0,2.0,1.0,0.0,170481.98,0.0
15745624.0,McKenzie,828.0,France,M,37.0,4.0,0.0,2.0,,0.0,94845.45,0.0
15733169.0,Craig,590.0,Spain,M,22.0,7.0,125265.61,1.0,1.0,1.0,161253.08,0.0
15801417.0,Iloerika,,France,M,150,4.0,nan,1.0,1.0,1.0,115260.72,0.0
15592707.0,Dolgorukova,,Germany,F,64.0,2.0,175754.87,2.0,1.0,1.0,60721.4,0.0
15593954.0,Eva,516.0,France,F,150,6.0,109387.33,1.0,0.0,0.0,121365.45,0.0
15714431.0,Yeh,,France,M,37.0,1.0,100443.36,2.0,0.0,1.0,101693.73,0.0
15638257.0,P'an,,Spain,,54.0,0.0,-99999,2.0,1.0,1.0,54132.93,0.0
15690939.0,,575.0,Spain,M,28.0,7.0,0.0,1.0,1.0,1.0,10666.05,0.0
15723613.0,Jenkins,623.0,France,F,28.0,4.0,0.0,2.0,1.0,0.0,41227.67,0.0
15813640.0,Shih,642.0,France,,40.0,7.0,0.0,2.0,1.0,0.0,10712.82,0.0
15707322.0,Nnamdi,779.0,France,F,48.0,2.0,115290.27,1.0,0.0,0.0,98912.69,1.0
15588918.0,Mitchell,671.0,France,F,42.0,6.0,0.0,2.0,1.0,0.0,197202.48,0.0
15600357.0,Findlay,495.0,France,F,nan,1.0,140197.71,2.0,1.0,0.0,150720.39,0.0
15747014.0,Pisani,850.0,France,F,28.0,1.0,nan,1.0,0.0,1.0,74780.13,0.0
15809830.0,Belisario,630.0,France,M,50.0,8.0,nan,2.0,0.0,1.0,,0.0
15662245.0,Pomeroy,588.0,France,,32.0,1.0,0.0,2.0,1.0,1.0,8763.87,
15651075.0,Ibrahimova,562.0,Germany,M,35.0,,142296.13,1.0,0.0,1.0,177112.7,0.0
15594456.0,K?,740.0,Spain,F,56.0,4.0,99097.33,1.0,1.0,1.0,85016.64,
,Graham,695.0,France,M,28.0,5.0,171069.39,2.0,1.0,1.0,88689.4,0.0
15757661.0,Trevisano,,France,F,39.0,7.0,nan,2.0,0.0,0.0,,0.0
,Trevisano,607.0,France,F,31.0,1.0,102523.88,1.0,1.0,1.0,166792.71,0.0
,K?,794.0,France,M,35.0,6.0,0.0,2.0,,1.0,68730.91,0.0
15566253.0,Manning,580.0,Germany,,44.0,9.0,nan,1.0,0.0,0.0,,1.0
15595153.0,Tucker,644.0,,F,44.0,8.0,106022.73,2.0,0.0,0.0,148727.42,0.0
,Schaffer,636.0,Spain,F,36.0,1.0,0.0,1.0,1.0,0.0,43134.58,0.0
15674149.0,Esomchi,599.0,Germany,M,36.0,3.0,nan,2.0,1.0,1.0,,0.0
15623082.0,Ch'ang,507.0,France,F,nan,2.0,0.0,2.0,1.0,0.0,97633.93,0.0
15797905.0,Walker,682.0,France,F,48.0,7.0,nan,2.0,1.0,0.0,65069.03,0.0
15746028.0,Chu,714.0,France,F,24.0,7.0,nan,,1.0,0.0,166335.0,0.0
15582951.0,Crawford,696.0,,F,25.0,8.0,126442.59,1.0,,0.0,121904.44,0.0
15616471.0,Milne,599.0,Spain,M,51.0,0.0,0.0,1.0,1.0,1.0,175235.99,0.0
15641575.0,Anenechukwu,577.0,France,M,37.0,2.0,nan,1.0,1.0,,56185.05,0.0
15638803.0,Donaldson,,Spain,F,32.0,5.0,0.0,2.0,1.0,,131625.14,0.0
15808283.0,Kelly,,France,F,33.0,4.0,0.0,1.0,1.0,0.0,152323.04,0.0
15811200.0,Ts'ao,831.0,France,F,34.0,2.0,0.0,2.0,0.0,0.0,165840.94,0.0
,Gonzalez,543.0,Germany,M,30.0,6.0,nan,1.0,1.0,1.0,176692.65,0.0
15633274.0,Tai,,France,M,34.0,7.0,160515.37,1.0,1.0,0.0,121904.14,0.0
15582168.0,Muravyova,713.0,Germany,F,nan,4.0,nan,2.0,1.0,0.0,123663.63,0.0
15807269.0,Milanesi,690.0,Germany,M,43.0,2.0,nan,1.0,0.0,0.0,119644.59,1.0
15602979.0,Lin,751.0,France,M,29.0,1.0,135536.5,1.0,1.0,0.0,,0.0
15660417.0,Lambert,613.0,Germany,F,43.0,10.0,120481.69,1.0,0.0,0.0,94875.03,1.0
15590199.0,Temple,701.0,Spain,M,28.0,1.0,103421.32,1.0,0.0,1.0,76304.73,0.0
15641794.0,Ridley,698.0,France,M,33.0,5.0,135658.73,2.0,0.0,,,0.0
15779174.0,Young,451.0,France,F,36.0,2.0,0.0,2.0,1.0,1.0,180142.42,0.0
15785547.0,Slye,665.0,France,M,28.0,8.0,nan,2.0,1.0,0.0,83238.4,0.0
15795124.0,Pan,726.0,Germany,M,50.0,9.0,94504.35,1.0,0.0,,5078.9,0.0
15718912.0,Hsueh,608.0,Germany,F,44.0,5.0,126147.84,1.0,0.0,1.0,132424.69,1.0
15592028.0,,549.0,France,F,46.0,7.0,-99999,1.0,1.0,1.0,109057.56,0.0
15580227.0,Moss,,France,M,33.0,6.0,0.0,2.0,1.0,0.0,115676.61,0.0
15657830.0,Andrews,663.0,France,M,43.0,4.0,87624.03,,1.0,0.0,149401.33,0.0
15798256.0,Takasuka,,France,F,45.0,1.0,153697.53,,0.0,,89891.4,1.0
15643819.0,Dawson,714.0,France,F,25.0,4.0,0.0,,0.0,0.0,82500.84,0.0
,Bruche,704.0,France,M,39.0,5.0,0.0,1.0,1.0,0.0,6416.92,0.0
15726855.0,Oliver,805.0,,F,45.0,9.0,116585.97,1.0,1.0,0.0,,1.0
15755225.0,,659.0,Germany,M,150,,134464.58,2.0,,0.0,178833.34,0.0
15725221.0,Sabbatini,,,M,62.0,10.0,83008.31,1.0,1.0,1.0,42766.03,0.0
15789055.0,Watt,,Spain,M,35.0,2.0,113635.16,1.0,1.0,0.0,90883.12,0.0
15617507.0,Wilson,530.0,,,36.0,7.0,0.0,2.0,1.0,0.0,,
15668894.0,Abramova,661.0,Germany,M,41.0,5.0,nan,2.0,0.0,1.0,120646.4,0.0
15589563.0,Purdy,531.0,Spain,M,31.0,2.0,118899.45,2.0,0.0,0.0,41409.36,
,Higgins,,France,F,29.0,5.0,99713.87,1.0,0.0,0.0,,0.0
15750099.0,Marshall,731.0,France,F,36.0,6.0,0.0,1.0,0.0,0.0,152128.36,0.0
15795540.0,Reye,556.0,France,F,36.0,2.0,134208.22,1.0,0.0,1.0,177670.57,
15794941.0,Chibueze,647.0,Germany,F,41.0,,85906.65,3.0,1.0,0.0,189159.97,0.0
15611848.0,Kwemtochukwu,850.0,Germany,M,32.0,3.0,137714.25,1.0,0.0,1.0,159403.68,0.0
15581237.0,,573.0,Spain,M,nan,1.0,160777.9,1.0,1.0,1.0,149536.15,0.0
15738150.0,Chidozie,591.0,,M,45.0,5.0,0.0,2.0,1.0,1.0,155492.87,0.0
15678571.0,,723.0,France,M,21.0,4.0,0.0,2.0,0.0,0.0,24847.02,0.0
15736124.0,Thompson,617.0,France,M,25.0,1.0,102585.88,2.0,,1.0,115387.4,0.0
15623202.0,Maslov,704.0,Germany,F,39.0,10.0,102556.18,2.0,1.0,0.0,171971.25,1.0
15804201.0,Jones,457.0,Germany,M,42.0,4.0,126772.57,1.0,0.0,1.0,126106.4,0.0
15596863.0,Chidumaga,787.0,Germany,F,38.0,3.0,158373.23,1.0,1.0,1.0,28228.35,
15696277.0,Hs?,651.0,France,F,34.0,9.0,0.0,2.0,1.0,0.0,138113.71,
15748608.0,Trentini,612.0,Germany,M,42.0,5.0,141927.1,1.0,1.0,1.0,43018.98,0.0
15723864.0,Lucas,828.0,Spain,,47.0,1.0,109876.82,2.0,1.0,,,1.0
15802390.0,Willoughby,,France,F,34.0,,nan,2.0,1.0,1.0,118863.38,0.0
15774336.0,Jamieson,648.0,Germany,M,nan,9.0,111369.79,2.0,1.0,1.0,,0.0
15648766.0,,569.0,,M,35.0,3.0,116969.35,1.0,0.0,0.0,94488.82,
15659094.0,Ojiofor,765.0,Germany,F,34.0,8.0,136729.51,2.0,0.0,0.0,47058.21,0.0
,Cameron,577.0,Germany,F,44.0,1.0,152086.15,1.0,0.0,1.0,44719.5,1.0
15642619.0,Mayne,603.0,,M,46.0,2.0,0.0,2.0,1.0,0.0,174478.54,0.0
15666032.0,Mancini,,Spain,M,28.0,1.0,127289.28,1.0,0.0,0.0,45611.51,0.0
15595842.0,Paramor,748.0,,M,45.0,2.0,119852.01,1.0,0.0,0.0,73853.94,
15753837.0,Young,573.0,Spain,M,38.0,4.0,0.0,2.0,1.0,1.0,196517.43,0.0
15783882.0,Daly,,Spain,F,41.0,5.0,nan,2.0,0.0,,92914.67,0.0
15799790.0,Carter,763.0,France,M,35.0,9.0,0.0,1.0,1.0,1.0,31372.91,0.0
,Dike,410.0,France,F,nan,7.0,-99999,1.0,1.0,,109733.73,0.0
,Hughes,728.0,France,M,33.0,8.0,129907.63,1.0,0.0,1.0,36083.96,0.0
15722322.0,Green,655.0,,F,78.0,2.0,0.0,2.0,0.0,1.0,188435.38,0.0
15639278.0,Chinomso,580.0,Germany,F,150,,145387.32,2.0,1.0,,169963.2,1.0
15568487.0,Gorshkov,712.0,France,M,nan,7.0,124616.23,1.0,1.0,,69320.97,0.0
15682084.0,Chinomso,680.0,France,M,31.0,9.0,nan,2.0,1.0,0.0,36145.53,0.0
15642821.0,Ijendu,383.0,Spain,F,48.0,8.0,95808.19,1.0,0.0,0.0,137702.01,1.0
15601387.0,Yen,721.0,France,M,35.0,10.0,0.0,2.0,1.0,0.0,71594.26,0.0
15642515.0,Arcuri,,France,F,nan,,-99999,2.0,0.0,1.0,65565.92,0.0
15710421.0,,774.0,Spain,F,36.0,8.0,117152.3,1.0,0.0,0.0,101828.39,0.0
15726774.0,Field,563.0,France,M,35.0,3.0,106250.72,1.0,0.0,0.0,39546.32,0.0
15649078.0,Christian,,Germany,F,27.0,8.0,111837.78,2.0,1.0,1.0,110805.79,0.0
15641877.0,Ross,681.0,France,M,47.0,9.0,97023.21,1.0,1.0,1.0,2168.13,0.0
15796496.0,Trevisani,631.0,France,F,31.0,,137687.72,1.0,1.0,0.0,190067.12,0.0
15815690.0,Akabueze,614.0,Spain,F,40.0,,nan,1.0,1.0,1.0,77789.01,0.0
15631739.0,Dunn,704.0,Spain,M,24.0,10.0,122109.78,1.0,1.0,1.0,127654.37,0.0
15625584.0,Martin,786.0,France,M,32.0,2.0,-99999,2.0,0.0,0.0,79602.86,0.0
15802466.0,Donaldson,534.0,France,F,53.0,7.0,0.0,2.0,1.0,1.0,80619.17,0.0
,McClinton,590.0,Spain,M,34.0,0.0,65812.35,,0.0,1.0,160346.3,0.0
,Bentley,583.0,Spain,F,40.0,3.0,nan,1.0,1.0,0.0,109638.78,1.0
15567442.0,Ibezimako,656.0,France,F,75.0,3.0,0.0,2.0,1.0,1.0,1276.87,0.0
,Thomson,597.0,France,M,150,9.0,0.0,2.0,1.0,0.0,49374.82,
15636330.0,Ch'in,588.0,Germany,F,nan,1.0,143279.58,2.0,1.0,0.0,,1.0
15714970.0,Holbrook,667.0,Germany,,32.0,0.0,103846.65,1.0,1.0,0.0,,0.0
15653784.0,Solomina,627.0,,M,150,2.0,125190.86,1.0,0.0,1.0,84584.69,0.0
15693543.0,McDonald,708.0,France,F,33.0,8.0,0.0,2.0,0.0,1.0,15246.83,0.0
15773283.0,Dennis,641.0,France,M,65.0,6.0,nan,1.0,1.0,,32607.77,
15742534.0,Faulk,527.0,Germany,F,28.0,2.0,123802.98,,1.0,1.0,155846.69,0.0
15569878.0,Dale,592.0,France,M,37.0,3.0,96651.03,1.0,1.0,1.0,3232.82,0.0
15729454.0,Gorbunov,465.0,France,M,nan,8.0,0.0,2.0,1.0,0.0,177668.55,
15578375.0,Farrell,628.0,France,M,39.0,6.0,nan,2.0,,0.0,134441.6,0.0
15785559.0,De Luca,678.0,,,nan,1.0,133237.21,1.0,1.0,0.0,111032.79,1.0
15649414.0,Walker,570.0,France,F,61.0,6.0,142105.35,,1.0,1.0,45214.04,0.0
15701605.0,Forster,,France,M,37.0,1.0,166115.42,1.0,1.0,0.0,67208.3,0.0
15686696.0,Brown,817.0,France,F,37.0,6.0,81070.34,2.0,1.0,0.0,80985.88,0.0
15625586.0,Monaldo,717.0,France,M,150,,0.0,1.0,1.0,,167573.06,0.0
,Wu,641.0,France,F,53.0,0.0,123835.52,2.0,0.0,1.0,160110.65,0.0
15782993.0,Pan,624.0,France,M,51.0,10.0,123401.43,2.0,1.0,1.0,127825.25,
15774382.0,Longo,579.0,Germany,M,150,4.0,169377.31,1.0,1.0,1.0,123535.05,0.0
15689602.0,Findlay,698.0,France,M,38.0,2.0,130015.24,1.0,1.0,,41595.3,0.0
15756155.0,Fu,,France,M,32.0,4.0,nan,2.0,0.0,1.0,97628.08,
15812647.0,,,France,M,34.0,8.0,133936.04,2.0,1.0,0.0,91359.79,0.0
15736043.0,Hamilton,638.0,France,M,34.0,6.0,-99999,1.0,1.0,1.0,97755.29,0.0
15696744.0,Miller,705.0,,F,nan,3.0,119794.67,1.0,0.0,0.0,182528.44,0.0
15602572.0,Hsing,720.0,France,M,33.0,9.0,0.0,2.0,1.0,1.0,142956.48,0.0
15674765.0,Mitchell,553.0,Spain,M,44.0,4.0,0.0,1.0,1.0,0.0,10789.3,0.0
,Chamberlin,,France,F,29.0,8.0,nan,2.0,0.0,1.0,130461.09,0.0
15694444.0,Buttenshaw,648.0,Germany,F,32.0,8.0,157138.99,3.0,1.0,0.0,190994.48,1.0
15795878.0,Anayochukwu,636.0,Spain,M,45.0,3.0,0.0,2.0,1.0,,159463.8,0.0
15735346.0,Wallace,527.0,Germany,F,41.0,10.0,-99999,1.0,1.0,1.0,57589.29,0.0
15687094.0,Calabresi,717.0,Germany,F,28.0,9.0,nan,2.0,0.0,0.0,40437.67,0.0
15790067.0,Sun,,Spain,M,39.0,3.0,151914.93,1.0,0.0,0.0,56459.45,0.0
15605742.0,,737.0,France,M,43.0,0.0,80090.93,1.0,1.0,0.0,39920.0,1.0
,Nazarova,587.0,Spain,,51.0,3.0,83739.32,,0.0,1.0,148798.45,0.0
15664897.0,Bryant,682.0,France,F,35.0,2.0,181166.44,,1.0,1.0,63737.19,1.0
15585777.0,Pai,710.0,France,M,38.0,3.0,130588.82,1.0,1.0,1.0,154997.64,0.0
15650864.0,Power,507.0,France,M,150,6.0,0.0,2.0,1.0,0.0,34777.23,0.0
15806709.0,Hao,,Germany,M,33.0,6.0,94126.67,1.0,,0.0,93718.16,
15633818.0,McMillan,786.0,France,M,32.0,9.0,0.0,2.0,1.0,0.0,133112.41,0.0
15713845.0,Merrett,688.0,France,M,38.0,7.0,148045.68,1.0,1.0,0.0,175479.92,1.0
15639662.0,Phillips,710.0,France,M,38.0,2.0,0.0,2.0,1.0,0.0,96.27,0.0
15567013.0,De Luca,779.0,Spain,M,33.0,,0.0,2.0,,0.0,30804.68,0.0
15777784.0,Tu,733.0,France,,44.0,6.0,-99999,,0.0,1.0,197193.49,0.0
15800251.0,,583.0,Germany,F,26.0,,72835.56,2.0,1.0,0.0,96792.15,0.0
15651315.0,Dilke,627.0,France,M,41.0,,0.0,2.0,1.0,0.0,132719.8,0.0
15651450.0,Panicucci,666.0,Germany,M,nan,3.0,123212.08,2.0,1.0,,112157.31,0.0
15784218.0,Mason,620.0,Spain,M,38.0,0.0,0.0,2.0,1.0,1.0,38015.34,0.0
15572398.0,Townsend,614.0,Spain,F,39.0,,0.0,2.0,1.0,1.0,164018.98,
,,606.0,France,M,40.0,6.0,119501.88,,,0.0,46774.94,0.0
15705663.0,Milano,700.0,Germany,F,39.0,5.0,144550.83,2.0,,1.0,189664.43,0.0
15645355.0,Macleod,677.0,Germany,M,34.0,3.0,126729.41,1.0,1.0,1.0,26106.39,1.0
15729557.0,Olisaemeka,850.0,Germany,M,36.0,5.0,119984.07,1.0,1.0,0.0,191535.11,1.0
15631436.0,Gleeson,564.0,France,M,35.0,4.0,0.0,1.0,1.0,0.0,,0.0
15583073.0,Martin,771.0,Spain,F,56.0,2.0,0.0,1.0,1.0,1.0,25222.6,1.0
15614361.0,Liao,620.0,Spain,M,42.0,9.0,121490.05,1.0,1.0,1.0,29296.74,0.0
15724684.0,Sung,610.0,Spain,M,46.0,5.0,91897.8,,1.0,0.0,54394.28,0.0
15700083.0,Lai,609.0,,,39.0,,139443.75,2.0,1.0,0.0,,0.0
15636541.0,Cartwright,683.0,Germany,M,35.0,5.0,144961.97,1.0,0.0,1.0,26796.73,0.0
15796015.0,Wu,633.0,Germany,M,42.0,3.0,126041.02,1.0,0.0,1.0,11796.89,0.0
15787222.0,Ch'in,,Germany,M,28.0,1.0,nan,2.0,1.0,1.0,128461.29,0.0
15594270.0,Biryukov,693.0,France,M,38.0,7.0,nan,2.0,1.0,1.0,14278.18,0.0
15701524.0,Ting,709.0,France,M,36.0,0.0,0.0,2.0,1.0,,46811.77,0.0
15645847.0,,569.0,Germany,M,35.0,2.0,109196.66,3.0,1.0,0.0,109393.19,1.0
15708867.0,Niu,,Spain,F,38.0,3.0,134168.5,3.0,1.0,0.0,3966.5,1.0
15613140.0,Mellor,565.0,France,M,34.0,,0.0,1.0,1.0,,63173.64,
15628893.0,Power,681.0,France,M,29.0,8.0,0.0,,1.0,0.0,66367.33,0.0
15764073.0,Arcuri,503.0,Spain,F,36.0,9.0,0.0,2.0,1.0,1.0,16274.67,
15782879.0,Lang,656.0,France,,40.0,2.0,0.0,2.0,1.0,1.0,180553.48,0.0
15635964.0,,566.0,,M,65.0,4.0,120100.41,1.0,1.0,0.0,107563.16,1.0
15726087.0,Ch'in,592.0,France,F,62.0,5.0,0.0,1.0,1.0,1.0,100941.57,0.0
15726313.0,,687.0,Spain,F,50.0,5.0,-99999,2.0,1.0,0.0,110230.4,0.0
15578073.0,Barker,686.0,Spain,M,22.0,8.0,0.0,2.0,0.0,0.0,142331.85,0.0
15786249.0,,616.0,Spain,M,30.0,,0.0,2.0,1.0,,199099.51,0.0
15812850.0,Stradford,494.0,,M,67.0,5.0,0.0,2.0,1.0,1.0,85890.16,0.0
15596972.0,Brownlow,,France,M,38.0,3.0,0.0,1.0,0.0,0.0,143938.27,0.0
,Dunn,695.0,Spain,F,31.0,8.0,0.0,2.0,0.0,1.0,131644.41,
15768270.0,DeRose,579.0,Spain,F,nan,9.0,0.0,2.0,,0.0,,0.0
15656597.0,Wang,432.0,Germany,M,38.0,2.0,135559.8,2.0,1.0,1.0,71856.3,0.0
,Hobbs,816.0,Germany,F,25.0,2.0,-99999,2.0,1.0,1.0,35770.84,0.0
15615004.0,Anderson,730.0,France,F,37.0,1.0,0.0,2.0,1.0,1.0,124364.63,0.0
15704771.0,Ugochukwu,593.0,France,F,35.0,6.0,nan,2.0,1.0,1.0,78101.29,0.0
15588372.0,Kirsova,715.0,Germany,F,37.0,9.0,nan,1.0,0.0,0.0,143096.49,1.0
15681439.0,Tsou,775.0,,M,25.0,10.0,60205.2,2.0,1.0,,14073.11,0.0
15607509.0,Ozerova,,France,M,38.0,5.0,0.0,2.0,1.0,,47388.41,0.0
15670343.0,Li,576.0,Spain,M,150,6.0,0.0,2.0,0.0,0.0,72306.07,0.0
15597968.0,Fyans,617.0,Spain,M,nan,7.0,0.0,,1.0,0.0,184839.7,
15658432.0,Freeman,688.0,France,M,150,6.0,0.0,1.0,1.0,,47886.44,0.0
15616431.0,Chiu,608.0,France,M,33.0,4.0,0.0,1.0,0.0,1.0,130474.03,0.0
15796957.0,Iadanza,597.0,Spain,M,35.0,9.0,0.0,3.0,0.0,1.0,73181.39,1.0
15815552.0,,670.0,France,F,nan,,112333.63,,1.0,1.0,65706.86,0.0
15631871.0,Kelly,616.0,Germany,F,57.0,7.0,116936.81,1.0,,1.0,104379.36,0.0
15635870.0,She,579.0,Germany,F,50.0,5.0,117721.02,1.0,0.0,1.0,192146.63,
15596713.0,Christie,,France,M,37.0,,nan,2.0,1.0,1.0,66977.68,0.0
15684211.0,Creel,704.0,Spain,F,44.0,9.0,153656.85,1.0,1.0,,158742.81,0.0
15760521.0,Thompson,796.0,France,F,50.0,1.0,94164.0,1.0,1.0,1.0,189414.74,0.0
15608408.0,Lazareva,598.0,Spain,M,39.0,1.0,0.0,2.0,1.0,0.0,159130.32,
15804721.0,Boni,602.0,France,M,49.0,0.0,191808.73,1.0,0.0,0.0,97640.2,0.0
15730272.0,Evseev,619.0,France,M,150,5.0,152199.33,1.0,,1.0,86022.09,0.0
15741988.0,Marino,492.0,Germany,F,52.0,8.0,125396.24,1.0,1.0,0.0,10014.72,1.0
15771728.0,Mackenzie,641.0,Germany,M,41.0,,104405.54,3.0,1.0,0.0,17384.21,0.0
15605113.0,Sutherland,518.0,France,F,27.0,1.0,133801.49,1.0,1.0,1.0,143315.57,0.0
15661945.0,Nicolay,623.0,Spain,F,40.0,4.0,0.0,3.0,1.0,0.0,31669.18,0.0
15783816.0,Lori,733.0,France,F,28.0,5.0,0.0,2.0,0.0,0.0,12761.16,0.0
15721207.0,,625.0,Germany,M,42.0,6.0,100047.33,1.0,1.0,0.0,93429.95,0.0
,Somerville,759.0,France,F,31.0,1.0,109848.6,1.0,1.0,,42012.55,0.0
15689412.0,Christie,604.0,France,F,32.0,7.0,127849.38,1.0,1.0,0.0,15798.7,0.0
15798385.0,Grave,512.0,Spain,F,nan,3.0,0.0,2.0,1.0,1.0,56408.14,0.0
15775339.0,Lori,520.0,France,,nan,8.0,nan,1.0,1.0,0.0,,
15585256.0,Iloerika,805.0,Spain,M,26.0,2.0,0.0,2.0,1.0,1.0,25042.1,0.0
15797329.0,Muir,626.0,France,M,43.0,4.0,137638.69,1.0,1.0,0.0,130442.08,1.0
15780220.0,Pauley,656.0,France,M,38.0,10.0,0.0,1.0,,1.0,136521.82,0.0
15648951.0,Kao,785.0,Spain,M,41.0,7.0,0.0,2.0,1.0,,199108.88,0.0
15752409.0,Grant,553.0,France,M,31.0,6.0,0.0,2.0,0.0,0.0,124596.63,0.0
15807524.0,Chukwuma,569.0,France,F,44.0,4.0,nan,2.0,0.0,0.0,134394.78,0.0
15766649.0,Vincent,670.0,France,M,38.0,10.0,89416.99,1.0,0.0,0.0,144275.39,0.0
15696812.0,Lazareva,586.0,Spain,M,42.0,6.0,0.0,2.0,1.0,1.0,123410.23,0.0
15581295.0,Ch'ien,617.0,Spain,,45.0,1.0,0.0,1.0,1.0,0.0,143298.06,
15663234.0,Bishop,508.0,France,F,60.0,,143262.04,,,1.0,129562.74,0.0
15741417.0,Chibuzo,624.0,Spain,F,35.0,7.0,119656.45,2.0,1.0,1.0,4595.05,0.0
15695174.0,Chang,654.0,France,M,29.0,4.0,132954.64,1.0,1.0,1.0,146715.07,0.0
15665168.0,Calabrese,681.0,Germany,F,44.0,,105206.7,2.0,1.0,1.0,163558.36,0.0
,Tokaryev,578.0,Spain,M,28.0,4.0,0.0,2.0,0.0,0.0,6947.09,
15706131.0,Logan,621.0,Spain,F,37.0,9.0,83061.26,,1.0,0.0,9170.54,0.0
15782758.0,Ozerova,632.0,,M,40.0,5.0,147650.68,1.0,1.0,,199674.83,0.0
15591091.0,Goering,644.0,France,M,44.0,5.0,nan,1.0,,0.0,157166.79,1.0
15715877.0,Lo,821.0,France,M,28.0,2.0,-99999,2.0,1.0,0.0,46072.52,
15756918.0,Simmons,,France,F,38.0,2.0,0.0,2.0,0.0,0.0,3524.69,0.0
15746662.0,Maduabuchim,568.0,Spain,,27.0,1.0,116320.68,1.0,0.0,1.0,45563.94,0.0
15626679.0,Linger,584.0,France,M,33.0,3.0,-99999,2.0,0.0,1.0,59103.13,0.0
15793343.0,Yeh,549.0,France,,29.0,8.0,0.0,2.0,1.0,1.0,189558.44,0.0
15576774.0,Stevenson,729.0,France,F,38.0,7.0,0.0,2.0,,0.0,45779.9,0.0
15801316.0,Ifeatu,523.0,France,M,150,8.0,nan,1.0,,1.0,21859.06,0.0
15800514.0,Kenechukwu,,Germany,F,24.0,2.0,95675.62,2.0,0.0,0.0,,1.0
15662232.0,Learmonth,,Germany,M,42.0,2.0,92616.64,2.0,1.0,0.0,8567.18,0.0
15737778.0,Dickson,782.0,Spain,F,41.0,4.0,0.0,1.0,1.0,0.0,132943.88,0.0
15782096.0,Volkova,616.0,Spain,F,36.0,6.0,0.0,1.0,1.0,1.0,12916.32,1.0
15783522.0,Mitchell,738.0,Spain,,37.0,8.0,100565.94,1.0,1.0,1.0,128799.86,0.0
15785373.0,Wong,717.0,,,42.0,5.0,190305.78,,1.0,0.0,99347.8,1.0
15756272.0,,526.0,Germany,F,35.0,9.0,118536.4,1.0,1.0,0.0,40980.87,1.0
15615245.0,Shao,660.0,France,M,19.0,5.0,127649.64,,1.0,1.0,40368.65,0.0
15600174.0,Walton,525.0,France,M,35.0,7.0,165358.77,1.0,,1.0,,0.0
15752956.0,Stanley,629.0,Spain,M,29.0,6.0,nan,2.0,1.0,1.0,88842.8,0.0
15644882.0,,616.0,Germany,F,36.0,10.0,78249.53,1.0,1.0,0.0,136934.91,0.0
15766272.0,Folliero,521.0,Germany,F,61.0,0.0,125193.96,1.0,,1.0,109356.53,0.0
15800620.0,Fitzgerald,691.0,France,F,29.0,9.0,0.0,2.0,0.0,,199635.93,0.0
15569764.0,Garner,687.0,Germany,F,41.0,2.0,154007.21,1.0,1.0,0.0,158408.23,0.0
15747458.0,Folliero,677.0,,F,43.0,3.0,133214.88,2.0,1.0,1.0,95936.84,0.0
15573171.0,Liao,695.0,Spain,M,63.0,,146202.93,1.0,,1.0,126688.83,1.0
15736769.0,Lucchesi,663.0,France,F,27.0,9.0,nan,2.0,1.0,,150850.29,0.0
15763381.0,Chan,496.0,France,M,30.0,0.0,90963.49,1.0,0.0,1.0,,0.0
15814430.0,Ma,747.0,Spain,M,41.0,9.0,0.0,1.0,1.0,0.0,32430.94,1.0
,Nwabugwu,546.0,,F,52.0,2.0,0.0,1.0,1.0,0.0,137332.37,1.0
15737133.0,P'eng,706.0,Spain,M,nan,4.0,114386.85,1.0,1.0,1.0,28601.68,0.0
15613945.0,Andrews,472.0,France,,26.0,5.0,0.0,,1.0,,108411.66,0.0
15659937.0,Otutodilinna,703.0,France,F,40.0,7.0,0.0,2.0,,1.0,122518.5,0.0
15765287.0,Grant,850.0,France,F,38.0,2.0,0.0,2.0,1.0,0.0,9015.07,0.0
15661723.0,Abramovich,667.0,Spain,M,71.0,4.0,137260.78,1.0,0.0,1.0,,1.0
15766064.0,,559.0,France,M,33.0,9.0,111060.05,2.0,1.0,,110371.84,0.0
15649616.0,Otutodilichukwu,636.0,Spain,M,nan,7.0,124447.73,1.0,1.0,1.0,141364.62,1.0
15719017.0,Donaldson,672.0,France,F,34.0,8.0,nan,2.0,1.0,1.0,16245.25,0.0
15720919.0,Duggan,667.0,France,M,42.0,7.0,0.0,1.0,0.0,1.0,108348.94,1.0
,Chinwendu,648.0,Germany,M,33.0,7.0,135310.41,2.0,0.0,1.0,,0.0
15709653.0,Hamilton,497.0,France,M,32.0,8.0,nan,2.0,1.0,0.0,,
15805104.0,Smith,743.0,France,F,73.0,6.0,0.0,2.0,0.0,1.0,107867.38,0.0
15622442.0,Mazzi,619.0,France,M,29.0,5.0,0.0,2.0,1.0,0.0,194310.1,0.0
15572801.0,Krischock,639.0,Spain,M,34.0,5.0,nan,2.0,0.0,0.0,,0.0
15767598.0,,540.0,Spain,,28.0,8.0,0.0,2.0,0.0,0.0,197588.32,0.0
15757897.0,Binder,766.0,France,F,26.0,3.0,104258.8,1.0,1.0,1.0,428.23,0.0
15568104.0,Zubarev,749.0,France,F,26.0,6.0,0.0,2.0,0.0,1.0,34948.77,0.0
15763414.0,Degtyarev,655.0,,M,32.0,9.0,113447.01,1.0,1.0,0.0,82084.3,0.0
15732265.0,Obialo,630.0,France,M,33.0,9.0,0.0,2.0,1.0,0.0,64804.59,0.0
15621974.0,Davydova,778.0,,F,33.0,4.0,nan,2.0,1.0,0.0,83556.65,0.0
15803947.0,Teng,757.0,Germany,F,30.0,6.0,161378.02,1.0,,0.0,71926.28,1.0
15720706.0,Hsing,,Spain,F,39.0,2.0,82766.43,1.0,1.0,1.0,,
15759290.0,Coleman,620.0,,M,29.0,9.0,nan,2.0,1.0,0.0,13133.88,0.0
15651664.0,Wilder,615.0,France,F,61.0,1.0,104267.7,1.0,1.0,0.0,62845.64,1.0
15795132.0,Molineux,735.0,France,F,25.0,3.0,91718.8,1.0,0.0,0.0,28411.23,0.0
15811565.0,Cocci,705.0,Spain,F,47.0,3.0,63488.7,1.0,0.0,1.0,,1.0
15713774.0,Chikwendu,644.0,Spain,F,46.0,6.0,-99999,1.0,0.0,0.0,156787.34,1.0
15691840.0,Fraser,505.0,Germany,F,150,6.0,159863.9,2.0,0.0,1.0,125307.87,0.0
15682021.0,Lai,471.0,Germany,M,nan,6.0,nan,2.0,,,131736.23,0.0
15612931.0,Korovin,722.0,Spain,F,50.0,4.0,132088.59,1.0,1.0,1.0,128262.14,0.0
,Sidorov,577.0,Spain,F,39.0,4.0,0.0,2.0,1.0,0.0,91366.42,0.0
15601383.0,Ibrahimova,744.0,Spain,M,44.0,5.0,120654.68,1.0,1.0,0.0,82290.81,0.0
15662662.0,Duigan,573.0,France,F,30.0,6.0,0.0,2.0,1.0,0.0,66190.21,0.0
15752694.0,Taylor,653.0,France,F,32.0,4.0,83772.95,1.0,0.0,,23920.65,
15590683.0,Donaldson,660.0,France,F,31.0,6.0,172325.67,,,1.0,45438.38,0.0
15773591.0,Jobson,787.0,France,M,nan,7.0,117685.31,2.0,1.0,,93360.35,0.0
15723620.0,Lu,617.0,France,M,41.0,7.0,0.0,2.0,,1.0,,0.0
15671779.0,Nebechi,567.0,France,M,39.0,5.0,0.0,2.0,0.0,0.0,168521.72,0.0
,Cross,,Spain,F,64.0,9.0,0.0,2.0,1.0,1.0,103318.44,0.0
15624667.0,Wallace,684.0,France,M,nan,6.0,135871.5,1.0,1.0,1.0,87219.41,0.0
,Perreault,447.0,,M,41.0,3.0,0.0,,1.0,1.0,197490.39,1.0
15724154.0,Manna,625.0,Germany,F,49.0,4.0,nan,1.0,1.0,0.0,126812.63,1.0
15749540.0,Hsiung,585.0,France,M,36.0,7.0,0.0,2.0,1.0,0.0,,0.0
15621063.0,Gibbons,516.0,,F,42.0,8.0,56228.25,1.0,1.0,0.0,46857.52,0.0
15661626.0,Algeranoff,732.0,Germany,F,45.0,6.0,98792.4,1.0,1.0,0.0,81491.7,1.0
15698703.0,,628.0,Germany,M,40.0,5.0,-99999,2.0,,1.0,129107.97,0.0
15801431.0,Rowe,682.0,Spain,F,48.0,,101198.01,1.0,1.0,1.0,49732.9,0.0
15649451.0,Yates,746.0,France,M,25.0,,0.0,2.0,,1.0,88728.47,0.0
15626156.0,Galloway,655.0,France,F,nan,3.0,0.0,2.0,,1.0,86981.45,0.0
15606158.0,Genovese,644.0,France,F,39.0,9.0,nan,1.0,,0.0,3740.93,0.0
15589496.0,,778.0,France,M,34.0,5.0,139064.06,,0.0,0.0,67949.32,0.0
15730345.0,Miah,617.0,France,F,35.0,2.0,104508.1,1.0,1.0,1.0,147636.46,0.0
15572038.0,Chijindum,660.0,Germany,M,35.0,9.0,113948.58,1.0,1.0,0.0,188891.96,
15643439.0,Ferguson,537.0,France,M,150,10.0,0.0,2.0,0.0,1.0,25482.62,0.0
15604158.0,Smith,554.0,France,F,39.0,10.0,0.0,2.0,1.0,1.0,18391.93,0.0
15657396.0,Marshall,806.0,France,M,31.0,9.0,0.0,2.0,,,140168.36,0.0
15709478.0,P'an,611.0,Germany,M,37.0,1.0,117524.72,2.0,0.0,1.0,161064.29,0.0
15628824.0,,665.0,,F,37.0,5.0,160389.82,1.0,0.0,1.0,183542.08,0.0
15814519.0,Kamdibe,648.0,France,F,37.0,7.0,0.0,2.0,,0.0,194238.92,0.0
15636520.0,Milani,692.0,France,M,27.0,1.0,125547.53,1.0,0.0,,7900.46,0.0
15794414.0,Forbes,507.0,Spain,M,46.0,6.0,-99999,1.0,1.0,1.0,51424.29,0.0
15643671.0,Chiekwugo,,Germany,M,49.0,5.0,97036.22,2.0,1.0,0.0,,1.0
15700650.0,Cousens,681.0,France,M,34.0,3.0,0.0,2.0,0.0,,55816.2,0.0
,Ross,687.0,France,F,26.0,6.0,0.0,2.0,1.0,1.0,32909.13,0.0
15784286.0,Wood,641.0,Spain,,40.0,5.0,102145.13,1.0,1.0,1.0,100637.07,0.0
15693996.0,Hawks,507.0,France,F,33.0,1.0,nan,1.0,0.0,0.0,142911.99,0.0
15764343.0,T'ien,688.0,Spain,F,46.0,,155681.72,1.0,1.0,0.0,26287.21,0.0
15704168.0,Ting,535.0,,,38.0,8.0,127475.24,1.0,0.0,0.0,60775.76,1.0
15680197.0,Thynne,701.0,France,M,nan,10.0,0.0,2.0,1.0,1.0,146257.77,0.0
15633729.0,Wang,488.0,France,M,nan,10.0,112751.13,,1.0,1.0,28332.0,0.0
15577683.0,Maclean,539.0,,F,29.0,4.0,0.0,2.0,1.0,1.0,100919.19,0.0
15800746.0,Watson,674.0,France,M,45.0,,144889.18,1.0,1.0,1.0,102591.9,1.0
15788686.0,,538.0,Spain,M,40.0,8.0,0.0,,1.0,1.0,25554.4,0.0
,French,,France,F,150,7.0,150126.44,1.0,1.0,0.0,152107.93,1.0
15596647.0,Henderson,768.0,France,M,54.0,8.0,69712.74,1.0,1.0,1.0,69381.05,0.0
15756070.0,Greenwood,585.0,Spain,F,44.0,4.0,0.0,2.0,0.0,1.0,101728.46,0.0
15775116.0,Anderson,581.0,France,M,31.0,3.0,0.0,,0.0,0.0,89040.61,0.0
15575428.0,Mistry,682.0,Germany,F,35.0,2.0,117438.92,2.0,1.0,1.0,16910.98,0.0
15654074.0,Tuan,,France,M,38.0,8.0,119315.75,1.0,1.0,0.0,150468.35,0.0
15695872.0,,712.0,France,F,30.0,1.0,89571.59,,1.0,1.0,,0.0
,,620.0,,F,34.0,8.0,nan,1.0,1.0,0.0,120672.09,
,Jideofor,709.0,France,M,42.0,9.0,118546.71,1.0,0.0,1.0,77142.85,0.0
,Yevseyev,832.0,France,M,61.0,2.0,0.0,1.0,0.0,1.0,127804.66,1.0
15571476.0,Kelly,635.0,Spain,M,38.0,,103257.14,1.0,0.0,0.0,158344.63,0.0
15776850.0,Smith,749.0,Spain,F,43.0,1.0,124209.02,1.0,1.0,1.0,167179.48,0.0
15623649.0,Ogle,629.0,Spain,M,32.0,3.0,0.0,2.0,1.0,1.0,,0.0
15751131.0,Moss,836.0,Spain,F,41.0,,150302.84,1.0,1.0,1.0,156036.19,0.0
15688128.0,,,Spain,M,34.0,8.0,108653.93,1.0,0.0,,,0.0
15678412.0,Nwankwo,645.0,,,45.0,8.0,85325.93,1.0,0.0,,22558.74,0.0
15770291.0,Allan,844.0,France,F,29.0,8.0,0.0,2.0,0.0,0.0,147342.03,
15583392.0,Woronoff,,,M,37.0,9.0,135776.36,3.0,1.0,0.0,85470.45,
15690731.0,Wolfe,645.0,France,M,150,6.0,131411.24,1.0,1.0,1.0,194656.11,0.0
15697948.0,Henderson,752.0,Spain,F,36.0,3.0,0.0,2.0,1.0,,48505.1,0.0
15608328.0,Sutherland,760.0,Spain,,41.0,6.0,0.0,2.0,0.0,0.0,,0.0
15766378.0,Marsden,714.0,Germany,F,45.0,9.0,106431.97,2.0,1.0,1.0,164117.69,0.0
15600813.0,Hyde,717.0,France,M,50.0,9.0,90305.76,1.0,1.0,1.0,124626.57,0.0
15706217.0,Kao,645.0,Germany,M,28.0,7.0,117466.03,2.0,1.0,1.0,34490.06,0.0
,T'ang,681.0,France,M,32.0,3.0,148884.47,2.0,1.0,,90967.37,0.0
15610972.0,,681.0,Germany,F,44.0,4.0,91115.76,2.0,0.0,0.0,24208.84,1.0
15674620.0,Dilibe,679.0,,F,37.0,8.0,77373.87,2.0,0.0,1.0,174873.09,0.0
15785350.0,Austin,528.0,Spain,M,23.0,7.0,104744.89,1.0,1.0,0.0,170262.97,0.0
15749119.0,Santiago,710.0,France,F,31.0,3.0,0.0,2.0,1.0,1.0,112289.06,0.0
15756535.0,Chibugo,733.0,Germany,,39.0,5.0,91538.51,,,,93783.0,0.0
15700965.0,,,,F,32.0,6.0,0.0,2.0,1.0,1.0,150026.79,0.0
15791851.0,Afanasyeva,,France,F,34.0,0.0,185734.75,1.0,1.0,1.0,102036.82,0.0
,Sokolov,520.0,,M,30.0,3.0,-99999,2.0,1.0,1.0,898.51,0.0
15740846.0,Wei,556.0,France,M,40.0,5.0,125909.85,1.0,,1.0,95124.4,
15573284.0,Olisanugo,579.0,France,F,45.0,2.0,nan,2.0,0.0,0.0,11514.39,0.0
15729083.0,,,France,M,36.0,2.0,154525.7,1.0,0.0,,,0.0
15611612.0,Priestley,570.0,France,F,29.0,0.0,0.0,1.0,1.0,0.0,37092.43,0.0
15694381.0,Lloyd,631.0,France,M,51.0,8.0,100654.8,1.0,1.0,0.0,171587.9,0.0
15651737.0,Salmond,623.0,Spain,M,44.0,1.0,83325.77,1.0,0.0,1.0,,0.0
15663168.0,MacDonald,665.0,France,,35.0,8.0,nan,,1.0,0.0,169287.99,0.0
15643426.0,Robertson,523.0,Spain,F,36.0,,113680.54,1.0,0.0,0.0,13197.44,0.0
15618245.0,,706.0,Germany,M,31.0,1.0,117020.08,2.0,1.0,0.0,54439.53,0.0
15717527.0,,619.0,France,F,49.0,,145359.99,1.0,1.0,0.0,38186.85,0.0
15793478.0,Li Fonti,593.0,Germany,F,39.0,8.0,151391.68,1.0,1.0,,27274.6,1.0
15642248.0,Ko,608.0,Spain,M,66.0,8.0,123935.35,1.0,1.0,1.0,65758.19,0.0
15640377.0,Goloubev,526.0,France,F,36.0,0.0,0.0,2.0,,,97767.63,0.0
15723950.0,Kruglov,,Spain,M,nan,2.0,70291.02,1.0,1.0,1.0,115468.84,1.0
15590327.0,,604.0,Germany,F,42.0,10.0,166031.45,1.0,1.0,0.0,98293.14,0.0
15706199.0,White,636.0,Germany,M,36.0,6.0,96643.32,1.0,0.0,0.0,182059.28,0.0
,Sinclair,669.0,Spain,F,33.0,8.0,0.0,2.0,0.0,1.0,128538.05,0.0
15727041.0,Fiorentini,624.0,France,,71.0,7.0,-99999,2.0,1.0,1.0,108841.83,0.0
15738063.0,Shen,631.0,France,M,29.0,2.0,0.0,2.0,1.0,,18581.84,0.0
15711733.0,Rapuokwu,753.0,France,M,48.0,,0.0,2.0,0.0,1.0,146821.42,0.0
15652320.0,Woronoff,588.0,France,M,40.0,5.0,0.0,2.0,0.0,0.0,100727.68,0.0
,Holden,729.0,,M,26.0,,97268.1,2.0,1.0,0.0,,0.0
15694566.0,Roberts,602.0,France,F,42.0,10.0,nan,2.0,0.0,0.0,169921.11,1.0
15726103.0,Tsou,,Germany,F,55.0,1.0,nan,1.0,1.0,0.0,42364.75,1.0
,Somerville,486.0,Spain,M,27.0,7.0,nan,2.0,1.0,0.0,28823.04,0.0
15730044.0,Greco,809.0,Germany,F,nan,6.0,64497.94,3.0,0.0,1.0,,1.0
15795186.0,Leonard,562.0,France,M,38.0,,nan,1.0,1.0,0.0,115700.2,0.0
15784890.0,McKenzie,763.0,Spain,F,32.0,8.0,0.0,2.0,1.0,0.0,,0.0
15694125.0,McElhone,669.0,France,M,57.0,5.0,0.0,2.0,1.0,1.0,56875.76,0.0
15565891.0,Dipietro,709.0,France,M,39.0,8.0,0.0,2.0,1.0,0.0,56214.09,0.0
15674254.0,Kerr,554.0,Spain,F,150,4.0,0.0,2.0,1.0,1.0,193412.05,0.0
15775206.0,Hunter,699.0,France,M,nan,10.0,0.0,2.0,0.0,0.0,,0.0
15797627.0,Niehaus,732.0,Spain,,54.0,0.0,134249.7,1.0,0.0,1.0,13404.4,0.0
15649853.0,Craig,625.0,France,,nan,,0.0,,1.0,1.0,,1.0
15610379.0,Barclay-Harvey,599.0,France,M,30.0,9.0,105443.68,1.0,1.0,1.0,121124.53,0.0
15659800.0,Teng,584.0,Spain,F,50.0,1.0,nan,1.0,0.0,1.0,152567.75,1.0
,Milani,499.0,France,M,35.0,10.0,0.0,2.0,1.0,0.0,10722.54,0.0
15672053.0,Mistry,526.0,Spain,M,38.0,2.0,nan,2.0,,0.0,58010.98,0.0
15663933.0,Jamieson,625.0,Germany,F,35.0,5.0,86147.46,2.0,1.0,0.0,163440.8,1.0
,Kay,537.0,Spain,F,38.0,1.0,96939.06,1.0,1.0,1.0,102606.92,0.0
15583597.0,Ikedinachukwu,696.0,Spain,M,47.0,1.0,106758.6,1.0,1.0,1.0,80591.18,0.0
15607395.0,Holt,679.0,France,F,33.0,9.0,112528.65,2.0,,0.0,177362.45,0.0
15694556.0,Nkemakolam,684.0,France,M,60.0,,nan,1.0,1.0,0.0,120257.7,1.0
15744109.0,Hartung,850.0,France,M,32.0,4.0,0.0,1.0,1.0,1.0,180622.02,0.0
15800688.0,Ch'en,495.0,Spain,F,42.0,7.0,0.0,2.0,0.0,0.0,130404.53,0.0
15810878.0,Baker,537.0,,F,38.0,6.0,141786.78,1.0,0.0,1.0,147797.54,0.0
15587835.0,Osinachi,850.0,France,M,nan,3.0,136416.82,,0.0,,57844.26,0.0
15763515.0,Shih,513.0,,M,30.0,5.0,0.0,2.0,1.0,0.0,162523.66,0.0
15725882.0,Feng,618.0,Germany,F,40.0,,-99999,2.0,1.0,1.0,54495.82,0.0
15788022.0,Sternberg,802.0,Germany,F,41.0,,90757.64,2.0,0.0,1.0,,0.0
15663917.0,Adams,547.0,France,M,nan,1.0,92350.36,,0.0,,80262.91,0.0
15656865.0,Gray,613.0,,,69.0,9.0,78778.49,1.0,0.0,1.0,8751.59,0.0
15667971.0,Shepherd,592.0,Germany,F,34.0,6.0,102143.93,2.0,1.0,1.0,102628.98,0.0
15800366.0,Walton,546.0,,M,29.0,5.0,0.0,1.0,1.0,1.0,,0.0
15717231.0,Yang,721.0,Germany,M,37.0,4.0,98459.6,1.0,,,90821.66,0.0
15643188.0,Barnett,671.0,Germany,F,47.0,7.0,114603.76,2.0,1.0,0.0,153194.32,1.0
15671351.0,Romani,624.0,Spain,M,150,2.0,0.0,2.0,,0.0,87310.59,0.0
15573628.0,Greene,,Germany,F,51.0,7.0,148074.79,1.0,1.0,0.0,146411.41,1.0
15698953.0,Hart,636.0,Spain,M,36.0,1.0,nan,3.0,1.0,1.0,74048.1,1.0
15753888.0,Johnston,607.0,Spain,,62.0,8.0,108004.64,,1.0,1.0,,1.0
15737961.0,Miller,509.0,Germany,F,29.0,0.0,107712.57,2.0,1.0,,92898.17,0.0
15801701.0,Robson,,Spain,M,35.0,9.0,0.0,2.0,1.0,1.0,45956.05,0.0
,Wallace,709.0,Spain,,nan,8.0,0.0,3.0,1.0,0.0,71738.56,0.0
15794266.0,Cross,559.0,France,M,32.0,9.0,-99999,,1.0,0.0,103560.98,0.0
15810711.0,Marcum,684.0,,M,37.0,4.0,138476.41,2.0,1.0,,52367.29,0.0
15771270.0,North,635.0,France,F,27.0,8.0,-99999,1.0,1.0,1.0,152916.05,1.0
15607786.0,Mao,709.0,France,M,26.0,6.0,nan,1.0,0.0,1.0,4410.77,0.0
15624519.0,Calabrese,656.0,Germany,F,49.0,9.0,97092.87,1.0,1.0,0.0,74771.22,1.0
15799910.0,Martin,793.0,France,M,nan,2.0,0.0,2.0,1.0,0.0,193817.63,1.0
15602479.0,Fleming,,,M,150,5.0,129312.79,1.0,,1.0,26793.82,0.0
15617419.0,Roberts,618.0,Germany,F,29.0,10.0,100315.1,2.0,,1.0,32526.64,0.0
15657603.0,Finch,850.0,France,F,35.0,6.0,81684.97,1.0,1.0,0.0,824.0,0.0
15570379.0,,669.0,Spain,M,51.0,3.0,88827.53,,0.0,0.0,85250.77,1.0
15772996.0,Rooke,594.0,Germany,M,40.0,0.0,152092.44,2.0,1.0,,83508.93,0.0
15729574.0,Lu,616.0,Spain,M,71.0,4.0,0.0,2.0,1.0,1.0,173599.38,0.0
15737267.0,Marcelo,676.0,France,F,49.0,1.0,0.0,1.0,1.0,0.0,79342.31,1.0
15799128.0,Matthews,608.0,Spain,F,38.0,9.0,102406.76,1.0,0.0,1.0,57600.66,0.0
15813327.0,Romani,710.0,France,M,21.0,4.0,109130.96,,1.0,1.0,,0.0
15711921.0,Scott,695.0,,M,29.0,,0.0,2.0,1.0,1.0,6770.44,0.0
15654300.0,Mao,530.0,Germany,M,33.0,,-99999,1.0,0.0,1.0,101694.67,0.0
15569945.0,Horsley,509.0,Spain,M,29.0,1.0,nan,2.0,1.0,0.0,69113.14,0.0
15569666.0,Goddard,517.0,France,F,45.0,4.0,0.0,1.0,0.0,,,1.0
15681887.0,Eskridge,758.0,Germany,M,150,0.0,129142.54,2.0,1.0,1.0,26606.28,0.0
15608873.0,,665.0,France,M,51.0,2.0,0.0,1.0,0.0,0.0,53353.36,0.0
15762091.0,Simpson,631.0,Germany,F,22.0,6.0,nan,1.0,1.0,1.0,63747.51,0.0
15722053.0,Oguejiofor,576.0,,M,33.0,3.0,0.0,2.0,0.0,1.0,,0.0
15782100.0,Holloway,,Spain,M,nan,3.0,66483.32,1.0,0.0,1.0,110317.39,0.0
15765300.0,L?,596.0,,M,40.0,5.0,62389.03,3.0,1.0,0.0,148623.43,1.0
15743570.0,Feng,481.0,France,F,150,5.0,0.0,2.0,1.0,1.0,125253.46,
,Claiborne,498.0,France,M,150,1.0,91857.66,1.0,1.0,0.0,,1.0
15750671.0,Egobudike,512.0,Spain,M,31.0,6.0,0.0,2.0,1.0,0.0,168462.26,0.0
15813659.0,Folliero,594.0,France,F,56.0,7.0,0.0,1.0,1.0,0.0,,1.0
15757867.0,Bray,570.0,France,F,30.0,10.0,176173.52,1.0,1.0,0.0,97045.32,
15652914.0,Ibrahimov,721.0,Spain,M,38.0,7.0,nan,1.0,0.0,1.0,,0.0
,,453.0,France,F,nan,,nan,2.0,1.0,0.0,8949.2,
15713819.0,Walsh,562.0,France,M,48.0,,92347.96,1.0,1.0,1.0,163116.75,0.0
15656484.0,Woods,682.0,France,M,40.0,,0.0,2.0,,1.0,140745.91,0.0
15778515.0,Wu,748.0,,M,40.0,3.0,95297.11,1.0,0.0,0.0,171515.84,0.0
15803840.0,Forbes,729.0,France,F,32.0,,0.0,2.0,0.0,0.0,150803.44,0.0
15735339.0,Lynch,663.0,France,M,39.0,4.0,0.0,1.0,1.0,0.0,76884.05,0.0
15600392.0,Amaechi,735.0,France,F,53.0,8.0,123845.36,,0.0,1.0,170454.93,1.0
15625740.0,Enriquez,627.0,Germany,M,62.0,3.0,143426.34,2.0,1.0,1.0,143104.3,0.0
15663817.0,Y?an,713.0,France,M,46.0,5.0,0.0,1.0,1.0,1.0,55701.62,0.0
15734461.0,,562.0,Germany,M,31.0,,112708.2,1.0,0.0,1.0,186370.3,0.0
15780142.0,Wang,632.0,France,M,43.0,2.0,100013.51,1.0,1.0,0.0,24275.32,0.0
15709920.0,Burke,479.0,,F,33.0,2.0,208165.53,1.0,0.0,0.0,50774.81,1.0
15684248.0,Meng,658.0,Spain,M,21.0,7.0,nan,2.0,0.0,1.0,154279.87,0.0
15643158.0,Chiganu,598.0,France,F,40.0,9.0,0.0,1.0,1.0,0.0,68462.59,1.0
15693902.0,Hunt,597.0,France,M,19.0,2.0,0.0,2.0,1.0,1.0,91036.74,0.0
15578307.0,Lucchese,512.0,France,F,33.0,,-99999,2.0,1.0,1.0,83681.97,0.0
15585379.0,Humphries,704.0,France,M,39.0,2.0,111525.02,1.0,,0.0,199484.96,0.0
15758510.0,Frolova,474.0,France,M,26.0,6.0,0.0,2.0,0.0,,152491.22,0.0
15692918.0,Hsing,604.0,Germany,M,nan,,113546.3,1.0,1.0,1.0,134875.37,0.0
15705301.0,,683.0,France,M,41.0,6.0,95696.52,,1.0,1.0,184366.14,0.0
,Gregory,537.0,France,M,28.0,0.0,-99999,2.0,1.0,1.0,189839.93,0.0
15567991.0,Obiuto,794.0,,M,31.0,0.0,144880.34,2.0,0.0,1.0,175643.44,0.0
,Longo,732.0,France,M,55.0,9.0,136576.02,1.0,0.0,1.0,3268.17,1.0
15574795.0,Lombardo,495.0,France,F,38.0,2.0,63093.01,1.0,1.0,1.0,47089.72,0.0
15706036.0,Lombardo,552.0,Germany,M,38.0,,132271.12,2.0,1.0,1.0,46562.02,0.0
15723856.0,Gonzalez,602.0,France,F,29.0,3.0,88814.4,,1.0,1.0,62487.97,0.0
15812920.0,Nwabugwu,607.0,Germany,,40.0,5.0,90594.55,1.0,0.0,1.0,,0.0
15691287.0,Ford,675.0,,F,nan,0.0,-99999,1.0,1.0,0.0,64815.05,1.0
15804797.0,Gilleland,443.0,France,,54.0,3.0,138547.97,1.0,1.0,,70196.23,1.0
15708650.0,Fullwood,727.0,France,F,31.0,2.0,nan,2.0,0.0,1.0,,0.0
15712777.0,Kao,482.0,France,M,38.0,4.0,124976.19,1.0,1.0,0.0,35848.12,0.0
15786469.0,Montalvo,686.0,France,F,34.0,1.0,0.0,2.0,,0.0,,0.0
15669219.0,Wilson,588.0,Germany,M,35.0,3.0,104356.38,,1.0,0.0,94498.82,0.0
15641004.0,Doyne,605.0,Spain,F,48.0,10.0,-99999,,0.0,1.0,133486.36,0.0
15648067.0,Onwuamaeze,583.0,France,M,39.0,1.0,129299.28,2.0,1.0,0.0,73107.6,0.0
15704014.0,K'ung,738.0,Germany,,37.0,7.0,nan,2.0,1.0,0.0,,0.0
15645136.0,O'Donnell,744.0,Spain,M,30.0,1.0,128065.12,1.0,1.0,0.0,121525.48,0.0
15709604.0,McMillan,,France,M,23.0,2.0,107433.48,1.0,1.0,0.0,173843.21,0.0
15713637.0,Chinedum,699.0,France,M,34.0,2.0,117468.67,1.0,1.0,0.0,,0.0
15793901.0,,639.0,,F,27.0,2.0,0.0,,0.0,0.0,125244.18,0.0
15569759.0,Rawling,583.0,France,F,27.0,4.0,0.0,,,0.0,163113.41,0.0
15712930.0,Duncan,,France,M,42.0,1.0,nan,1.0,0.0,0.0,123006.91,0.0
15586504.0,Trevisani,,France,M,40.0,,0.0,2.0,1.0,0.0,40463.03,
15677317.0,Ankudinova,570.0,France,F,29.0,4.0,153040.03,1.0,1.0,1.0,131363.57,1.0
15664270.0,Balsillie,692.0,Germany,M,150,,142084.04,4.0,1.0,0.0,188305.85,1.0
15731519.0,Kerr,511.0,France,F,30.0,5.0,0.0,2.0,,0.0,143994.86,0.0
15745623.0,Worsnop,788.0,France,M,32.0,4.0,112079.58,1.0,0.0,0.0,89368.59,0.0
15813862.0,Yevseyev,526.0,Spain,M,nan,7.0,132044.6,2.0,1.0,1.0,158365.89,0.0
15641934.0,Manna,749.0,Spain,F,46.0,9.0,66582.81,1.0,1.0,0.0,78753.12,1.0
15713043.0,Siciliani,691.0,France,F,33.0,6.0,0.0,2.0,1.0,1.0,100408.31,0.0
15700749.0,,481.0,France,F,39.0,,0.0,1.0,1.0,1.0,24677.54,0.0
15697567.0,Bazarova,752.0,France,M,150,4.0,0.0,2.0,1.0,1.0,39570.78,0.0
15715414.0,White,,France,F,38.0,6.0,102895.1,,0.0,0.0,155665.76,0.0
15639530.0,Buda,679.0,,,42.0,,0.0,1.0,1.0,1.0,168294.27,0.0
15726058.0,Cattaneo,754.0,,M,27.0,7.0,117578.35,2.0,0.0,1.0,87908.01,0.0
15725665.0,Lo,679.0,France,M,47.0,10.0,198546.1,,,0.0,191198.92,1.0
,Brown,633.0,Spain,F,39.0,2.0,0.0,,0.0,0.0,191207.03,0.0
15812184.0,,674.0,France,F,31.0,1.0,0.0,1.0,1.0,0.0,128954.05,0.0
15742609.0,Lombardo,,Germany,M,28.0,2.0,nan,1.0,0.0,1.0,59905.29,0.0
15815043.0,McMillan,,Spain,M,49.0,8.0,0.0,2.0,1.0,0.0,162012.6,0.0
15640648.0,Howe,698.0,France,M,36.0,6.0,0.0,2.0,0.0,1.0,19231.98,0.0
15627203.0,Hsu,508.0,Spain,M,54.0,10.0,0.0,1.0,1.0,1.0,175749.36,0.0
15786196.0,Han,555.0,France,,44.0,3.0,105770.7,3.0,1.0,0.0,60533.96,1.0
15612095.0,Calabrese,751.0,France,,48.0,9.0,0.0,1.0,1.0,0.0,137508.42,1.0
15674368.0,Riley,738.0,France,F,39.0,1.0,94435.45,2.0,0.0,1.0,,0.0
15783477.0,Biryukov,,Germany,F,39.0,8.0,112889.91,,0.0,1.0,6723.66,0.0
15757559.0,Broadhurst,595.0,France,F,53.0,7.0,0.0,2.0,1.0,0.0,41371.68,
15591036.0,Genovesi,577.0,Germany,F,43.0,3.0,nan,1.0,0.0,0.0,125140.72,1.0
15761241.0,,578.0,,F,nan,8.0,129745.1,1.0,,1.0,143683.75,0.0
15695078.0,Kemp,699.0,,,32.0,3.0,0.0,2.0,1.0,1.0,170770.44,
15645744.0,Chukwudi,826.0,France,F,30.0,5.0,nan,2.0,0.0,1.0,157397.57,0.0
15566988.0,Iqbal,656.0,Germany,F,nan,7.0,141535.52,1.0,1.0,,50595.15,1.0
15749300.0,Teng,,,,47.0,2.0,139914.27,1.0,1.0,1.0,50390.98,0.0
15594340.0,Tao,569.0,France,M,150,4.0,120243.49,1.0,1.0,0.0,163150.03,1.0
15607065.0,Chinedum,765.0,France,M,34.0,9.0,-99999,,0.0,0.0,138280.17,0.0
15778089.0,Stevenson,544.0,,M,37.0,2.0,0.0,2.0,0.0,0.0,135067.02,0.0
15773723.0,Duncan,588.0,Spain,F,22.0,9.0,67178.19,1.0,1.0,1.0,163534.75,1.0
15697035.0,Garrett,740.0,,F,31.0,8.0,0.0,2.0,0.0,0.0,86657.48,0.0
15679668.0,Yao,850.0,,M,38.0,7.0,115378.94,1.0,0.0,1.0,162087.82,0.0
15709861.0,He,766.0,Germany,M,30.0,4.0,127786.28,2.0,1.0,,28879.3,0.0
,Mazzi,849.0,France,F,41.0,6.0,0.0,2.0,1.0,,169203.51,1.0
15791030.0,Edwards,,France,F,33.0,0.0,64900.32,2.0,,0.0,102426.12,0.0
15695339.0,Lucchesi,517.0,Germany,M,53.0,0.0,109172.88,,1.0,0.0,54676.1,
15658813.0,,645.0,France,F,55.0,7.0,0.0,2.0,1.0,1.0,18369.33,0.0
15715709.0,Shih,696.0,Germany,M,43.0,4.0,114091.38,1.0,0.0,1.0,159888.1,
15722533.0,Logue,716.0,France,F,40.0,,0.0,2.0,0.0,1.0,167636.15,0.0
15683118.0,Rechner,,France,M,32.0,9.0,0.0,2.0,1.0,0.0,138889.15,
15672798.0,O'Brien,656.0,France,F,45.0,7.0,145933.27,1.0,1.0,,199392.14,0.0
15680112.0,Stewart,473.0,Germany,F,nan,7.0,131504.73,1.0,1.0,0.0,189560.43,
15714575.0,Batt,742.0,Germany,F,44.0,8.0,107926.02,,0.0,1.0,17375.27,1.0
15806808.0,Hope,834.0,Germany,F,57.0,8.0,112281.6,3.0,1.0,0.0,140225.14,1.0
15590637.0,Ahmed,721.0,France,M,41.0,,0.0,2.0,0.0,1.0,61018.85,0.0
15657535.0,Pearson,590.0,Spain,M,29.0,10.0,0.0,1.0,,1.0,51907.72,1.0
15696141.0,Kruglov,516.0,Spain,F,31.0,7.0,0.0,1.0,1.0,0.0,47018.75,0.0
,,850.0,France,M,150,0.0,124781.67,1.0,0.0,1.0,33700.52,0.0
,Trujillo,748.0,France,F,39.0,9.0,132865.56,1.0,1.0,1.0,59636.43,1.0
15594928.0,Pagnotto,798.0,Germany,F,38.0,,129055.13,1.0,1.0,0.0,157147.59,0.0
15765532.0,Horton,612.0,Germany,M,76.0,6.0,96166.88,1.0,1.0,1.0,191393.26,0.0
15741719.0,,540.0,,,40.0,3.0,165298.12,1.0,0.0,1.0,199862.75,0.0
15665629.0,Chiang,719.0,Spain,F,33.0,,0.0,2.0,1.0,,,0.0
15728917.0,Gill,598.0,France,M,48.0,6.0,120682.53,1.0,1.0,,,1.0
15762993.0,Trevisano,796.0,Spain,M,32.0,5.0,102773.15,2.0,,1.0,117832.88,0.0
,Morrison,579.0,Germany,M,42.0,0.0,144386.32,1.0,1.0,1.0,22497.1,1.0
15653521.0,Onuora,850.0,Germany,F,40.0,7.0,104449.8,1.0,,1.0,747.88,0.0
15802220.0,Ikenna,599.0,Spain,M,35.0,6.0,137102.65,1.0,0.0,0.0,76870.81,0.0
,Mancini,724.0,France,F,30.0,9.0,142475.87,1.0,1.0,1.0,107848.24,0.0
,Moss,508.0,France,F,43.0,9.0,0.0,1.0,1.0,0.0,103726.71,0.0
15797919.0,Ting,773.0,Spain,M,37.0,2.0,103195.2,2.0,1.0,0.0,178268.36,0.0
15603743.0,Tai,526.0,France,M,28.0,1.0,112070.44,1.0,0.0,1.0,126281.83,0.0
15579714.0,Pan,542.0,France,F,29.0,,0.0,2.0,0.0,1.0,196651.72,0.0
15634295.0,Wilson,470.0,France,,35.0,1.0,96473.59,1.0,0.0,0.0,5962.3,0.0
15786680.0,Bianchi,805.0,Spain,M,37.0,,0.0,2.0,1.0,0.0,21928.81,0.0
15623499.0,Holman,548.0,Germany,M,nan,9.0,108437.89,1.0,0.0,0.0,127022.87,1.0
15691823.0,Obidimkpa,672.0,France,M,37.0,5.0,153195.59,1.0,,1.0,,0.0
15809279.0,Wallace,773.0,,M,45.0,8.0,96877.21,1.0,1.0,1.0,113950.51,0.0
15758039.0,Ash,614.0,France,M,150,6.0,0.0,,0.0,,104930.46,0.0
15807163.0,,537.0,France,F,38.0,10.0,nan,1.0,0.0,0.0,52337.97,1.0
15631639.0,,704.0,France,F,40.0,6.0,-99999,1.0,0.0,1.0,179964.55,0.0
15713770.0,Shih,586.0,Spain,M,41.0,3.0,63873.56,1.0,1.0,0.0,83753.64,0.0
15698167.0,Kumm,677.0,France,F,24.0,,148298.59,2.0,,0.0,182913.95,0.0
15781710.0,Carey,558.0,Spain,F,31.0,7.0,0.0,,1.0,0.0,166720.28,
15801296.0,Farber,634.0,Germany,F,37.0,7.0,143258.85,2.0,1.0,0.0,192721.98,0.0
15704378.0,Calabrese,655.0,Germany,M,37.0,,121342.24,1.0,,1.0,180241.44,0.0
15767891.0,Findlay,619.0,Germany,F,28.0,6.0,99152.73,2.0,1.0,0.0,48475.12,0.0
15640667.0,Yu,662.0,,,41.0,4.0,0.0,2.0,1.0,0.0,126551.48,0.0
15702145.0,Edments,705.0,Spain,M,33.0,7.0,68423.89,1.0,1.0,1.0,64872.55,0.0
15679738.0,Brown,527.0,Spain,,35.0,8.0,0.0,1.0,1.0,0.0,98031.53,
15636634.0,Lindon,,Germany,F,25.0,7.0,79656.81,1.0,1.0,0.0,93524.22,
15809227.0,,850.0,,,35.0,2.0,0.0,2.0,1.0,1.0,,0.0
15601811.0,Caldwell,668.0,France,F,nan,,110240.04,1.0,0.0,0.0,183980.56,1.0
15625494.0,Li Fonti,573.0,France,F,32.0,9.0,125321.84,2.0,1.0,1.0,130234.63,0.0
15723737.0,Pitcher,680.0,France,M,nan,3.0,0.0,1.0,1.0,0.0,32454.26,0.0
,Capon,758.0,,,nan,2.0,nan,1.0,1.0,1.0,75396.43,
15758856.0,Kable,597.0,France,M,45.0,7.0,0.0,2.0,0.0,,167756.45,0.0
15746065.0,Lo Duca,580.0,Germany,M,35.0,10.0,136281.41,,1.0,1.0,24799.47,0.0
15783865.0,Kulikova,622.0,France,M,nan,5.0,119380.37,,1.0,,60429.43,
15745455.0,Navarrete,638.0,Germany,M,62.0,4.0,108716.59,2.0,1.0,1.0,74241.09,0.0
15583033.0,Huguley,640.0,,F,20.0,4.0,0.0,2.0,0.0,,78310.82,0.0
15644212.0,Han,644.0,Spain,M,28.0,0.0,0.0,2.0,1.0,0.0,119419.37,0.0
15735688.0,,753.0,France,F,31.0,6.0,106596.29,1.0,0.0,0.0,91305.77,0.0
15658577.0,Massie,629.0,France,F,37.0,10.0,99546.25,3.0,0.0,1.0,25136.95,1.0
15606887.0,Singh,775.0,France,F,30.0,5.0,0.0,1.0,1.0,0.0,193880.6,1.0
15783026.0,H?,701.0,France,F,41.0,2.0,0.0,1.0,1.0,0.0,47856.78,0.0
15579892.0,Doyle,708.0,Spain,M,19.0,7.0,112615.86,,1.0,1.0,4491.77,0.0
15802088.0,Grant,,Spain,F,22.0,10.0,0.0,1.0,1.0,1.0,101311.95,
15589323.0,Law,636.0,France,F,24.0,9.0,0.0,2.0,0.0,1.0,38830.72,0.0
15636395.0,King,529.0,France,,31.0,5.0,0.0,2.0,,0.0,26817.23,0.0
15712772.0,Onwubiko,757.0,France,M,28.0,,-99999,1.0,1.0,1.0,199727.72,0.0
15700937.0,Romano,767.0,Spain,F,24.0,5.0,0.0,2.0,1.0,1.0,67445.85,0.0
15766659.0,Okwudilichukwu,525.0,,M,33.0,5.0,0.0,2.0,1.0,0.0,161002.29,0.0
15814033.0,Milano,759.0,Spain,M,38.0,1.0,-99999,2.0,1.0,0.0,20778.39,0.0
15783007.0,Parker,,Germany,F,45.0,1.0,123086.39,1.0,1.0,1.0,41042.4,1.0
15654183.0,Aitken,738.0,France,F,26.0,3.0,0.0,2.0,1.0,0.0,67484.16,0.0
15609899.0,Obiora,548.0,Spain,M,37.0,4.0,0.0,1.0,,0.0,121763.68,0.0
15747323.0,,535.0,Spain,M,48.0,9.0,109472.47,1.0,1.0,0.0,,1.0
,Chiabuotu,615.0,Spain,M,59.0,4.0,155766.05,1.0,1.0,1.0,110275.17,0.0
15738835.0,Slater,850.0,Germany,M,38.0,7.0,101985.81,2.0,0.0,0.0,43801.27,0.0
15782404.0,Hughes,,France,F,34.0,2.0,96019.5,1.0,0.0,0.0,9085.0,0.0
15697480.0,Menkens,731.0,France,M,30.0,7.0,0.0,2.0,0.0,1.0,143086.09,0.0
15697045.0,Pisani,726.0,Spain,F,35.0,,0.0,2.0,0.0,1.0,100556.98,0.0
15781234.0,Y?an,,France,,nan,2.0,147900.43,1.0,1.0,0.0,140000.29,0.0
15579891.0,,714.0,France,M,52.0,4.0,100755.66,1.0,,1.0,186775.25,0.0
15805690.0,Chin,694.0,Spain,F,35.0,7.0,0.0,1.0,1.0,0.0,133570.43,1.0
15612139.0,Fu,786.0,France,F,33.0,0.0,83036.05,1.0,,1.0,154990.58,1.0
15568834.0,Howells,698.0,Spain,M,27.0,6.0,125427.37,2.0,0.0,0.0,27654.44,0.0
15709917.0,Ni,601.0,France,F,46.0,3.0,98202.76,1.0,0.0,,137763.93,0.0
15718843.0,Maslova,769.0,Spain,M,41.0,1.0,72509.91,1.0,1.0,0.0,25723.73,0.0
15799494.0,Forster,850.0,Germany,M,44.0,3.0,140393.65,,0.0,1.0,186285.52,0.0
15673439.0,Sun,,Spain,F,50.0,5.0,142644.64,2.0,1.0,,142208.5,1.0
15669011.0,Bocharova,659.0,France,F,44.0,9.0,nan,1.0,0.0,1.0,,
15581388.0,Y?an,487.0,Spain,M,nan,8.0,145729.71,1.0,1.0,0.0,41365.85,0.0
15743153.0,Singh,740.0,Germany,F,40.0,,122295.17,2.0,1.0,1.0,30812.84,0.0
15579787.0,Nkemakonam,686.0,France,M,nan,4.0,0.0,2.0,1.0,,155023.93,0.0
15759966.0,,612.0,,F,36.0,5.0,119799.27,2.0,1.0,0.0,159416.58,0.0
15601045.0,Angelo,655.0,Spain,M,37.0,8.0,163708.58,2.0,,0.0,76259.23,0.0
15764021.0,Frolov,617.0,France,,34.0,1.0,61687.33,2.0,,0.0,105965.25,0.0
15687218.0,West,,France,F,27.0,4.0,79144.34,1.0,0.0,1.0,50743.83,0.0
15626452.0,Beatham,711.0,,M,32.0,5.0,0.0,2.0,1.0,1.0,147720.27,0.0
15700964.0,Pollard,624.0,Germany,F,27.0,7.0,-99999,1.0,1.0,1.0,167387.36,0.0
15768887.0,Hsing,597.0,Spain,M,26.0,5.0,0.0,2.0,0.0,1.0,95159.13,0.0
15735358.0,Dowse,682.0,Spain,M,46.0,4.0,0.0,1.0,1.0,1.0,,0.0
15749472.0,Lucciano,775.0,France,M,45.0,,0.0,1.0,1.0,0.0,,0.0
15685872.0,Godfrey,727.0,France,F,29.0,1.0,146652.01,1.0,1.0,1.0,173486.39,0.0
15760851.0,,629.0,France,M,31.0,6.0,0.0,2.0,1.0,0.0,93881.75,0.0
15734588.0,Manning,684.0,France,M,nan,0.0,0.0,2.0,1.0,1.0,36376.97,0.0
15784594.0,Mazzi,549.0,Germany,F,37.0,1.0,130622.34,2.0,1.0,1.0,128499.94,0.0
15606435.0,Wall,593.0,Germany,M,69.0,2.0,187013.13,2.0,0.0,1.0,105898.69,
15790247.0,Sims,536.0,Spain,M,40.0,9.0,0.0,,1.0,1.0,11959.03,0.0
15676433.0,Allan,707.0,France,F,36.0,6.0,0.0,1.0,0.0,0.0,,0.0
15625905.0,Griffen,,Spain,M,41.0,0.0,0.0,2.0,,0.0,65906.07,
15626414.0,Russell,703.0,France,M,44.0,,98862.54,1.0,,0.0,151516.7,0.0
15623220.0,Brown,723.0,Spain,F,45.0,4.0,-99999,2.0,1.0,0.0,37214.39,0.0
15752857.0,Palerma,452.0,Germany,M,52.0,1.0,98443.14,2.0,0.0,0.0,92033.98,0.0
15677908.0,Gilbert,,Spain,M,42.0,4.0,0.0,2.0,0.0,0.0,195692.3,0.0
15773013.0,Uvarov,633.0,France,F,47.0,,0.0,1.0,1.0,1.0,6342.84,1.0
15623972.0,Wisdom,479.0,Germany,,23.0,9.0,123575.51,1.0,0.0,1.0,95148.28,0.0
15738627.0,Hussain,768.0,France,M,25.0,6.0,0.0,2.0,,1.0,21215.67,0.0
,Woods,742.0,France,M,nan,4.0,105239.1,1.0,1.0,1.0,,0.0
15684868.0,Cameron,668.0,Germany,M,56.0,9.0,110993.79,,1.0,0.0,134396.64,1.0
15627854.0,Mai,707.0,Spain,M,44.0,,0.0,2.0,,1.0,135077.01,0.0
15669253.0,Gibson,754.0,Spain,M,39.0,7.0,157691.98,,1.0,0.0,133600.89,1.0
15758023.0,Grigoryeva,,Germany,M,47.0,5.0,105245.21,1.0,0.0,0.0,99922.08,1.0
15574558.0,Gunter,718.0,Spain,M,32.0,8.0,0.0,2.0,1.0,1.0,41399.33,0.0
,Arcuri,,France,M,nan,7.0,-99999,1.0,,1.0,159344.43,0.0
15680399.0,Tung,772.0,France,M,23.0,2.0,0.0,2.0,1.0,0.0,18364.19,0.0
15674720.0,Smith,691.0,Germany,F,37.0,7.0,123067.63,1.0,1.0,1.0,98162.44,1.0
15580249.0,,502.0,France,M,45.0,0.0,0.0,1.0,0.0,0.0,84663.21,0.0
15675431.0,Chidimma,563.0,France,F,34.0,6.0,0.0,2.0,0.0,0.0,36536.93,0.0
15698285.0,Ting,676.0,France,F,41.0,4.0,101457.14,,1.0,,79101.67,0.0
,Tsao,576.0,Spain,M,52.0,2.0,100549.43,2.0,1.0,1.0,16644.16,0.0
15678173.0,Collee,,Spain,M,nan,,174588.8,,,1.0,158420.14,0.0
15665222.0,Lettiere,625.0,Spain,M,52.0,8.0,121161.57,1.0,1.0,0.0,48988.28,0.0
15803908.0,Fu,628.0,France,M,45.0,9.0,nan,2.0,,1.0,96862.56,0.0
15586039.0,,471.0,Germany,,36.0,5.0,90063.74,2.0,1.0,1.0,96366.7,0.0
15802570.0,Dyer,811.0,France,F,45.0,5.0,0.0,2.0,1.0,1.0,146123.19,0.0
15781451.0,Buccho,504.0,France,M,42.0,,134936.97,2.0,,0.0,135178.91,0.0
15721019.0,Jones,687.0,France,F,24.0,,110495.27,1.0,1.0,0.0,158615.41,0.0
15738588.0,Nebechi,660.0,Germany,F,37.0,2.0,133200.09,1.0,0.0,0.0,71433.88,0.0
15730657.0,Ibekwe,548.0,France,F,41.0,4.0,-99999,1.0,0.0,,55672.09,0.0
15739292.0,Gorshkov,609.0,Germany,M,150,9.0,103837.75,1.0,1.0,1.0,,0.0
,Nweke,659.0,Spain,F,42.0,2.0,0.0,1.0,0.0,0.0,,1.0
15813159.0,,526.0,France,M,52.0,8.0,93590.47,1.0,0.0,1.0,21228.71,1.0
15636820.0,Loggia,725.0,Germany,M,40.0,8.0,104149.66,1.0,1.0,0.0,62027.9,0.0
,Morgan,519.0,Germany,M,38.0,1.0,114141.64,1.0,1.0,1.0,60988.21,1.0
15619494.0,Abdulov,562.0,Germany,F,31.0,,117153.0,,1.0,1.0,108675.01,
15596992.0,Norris,482.0,Germany,M,45.0,7.0,156353.46,1.0,1.0,0.0,72643.95,1.0
15735025.0,Clark,535.0,Spain,M,nan,3.0,175534.78,2.0,1.0,1.0,9241.52,0.0
15730759.0,Chukwudi,561.0,France,F,27.0,9.0,135637.0,1.0,1.0,0.0,153080.4,
15752912.0,Perkin,661.0,France,F,30.0,7.0,0.0,2.0,1.0,0.0,72196.57,0.0
15711316.0,Ch'ang,771.0,France,M,27.0,2.0,0.0,2.0,1.0,1.0,199527.34,0.0
15738785.0,Kang,545.0,France,M,26.0,7.0,0.0,,,1.0,156598.23,0.0
15777896.0,Chukwudi,850.0,Germany,F,33.0,2.0,83415.04,1.0,,1.0,,0.0
,,601.0,Germany,M,43.0,3.0,141859.12,2.0,1.0,1.0,111249.62,0.0
15742126.0,Chiu,,Germany,M,38.0,7.0,132767.66,2.0,1.0,1.0,59115.77,0.0
15575623.0,Simpson,589.0,France,F,31.0,,110635.32,1.0,1.0,0.0,148218.86,0.0
15741652.0,,600.0,Spain,M,37.0,8.0,nan,1.0,1.0,1.0,77142.32,0.0
15738884.0,Hu,642.0,Germany,M,41.0,4.0,157777.58,,1.0,0.0,67484.6,0.0
15615050.0,Savage,575.0,Germany,M,47.0,9.0,nan,2.0,1.0,1.0,,1.0
15803005.0,Wallace,570.0,Germany,,57.0,5.0,86568.75,,,1.0,103660.31,0.0
15743498.0,Winter,532.0,Germany,M,52.0,9.0,137755.76,1.0,1.0,,163191.99,1.0
15720463.0,Ho,796.0,France,M,30.0,2.0,137262.71,2.0,1.0,,,0.0
,Su,833.0,Spain,M,32.0,,0.0,1.0,1.0,1.0,44323.22,1.0
,Li Fonti,642.0,Spain,,36.0,6.0,0.0,2.0,1.0,1.0,97938.59,0.0
15571144.0,Ives,655.0,,M,28.0,10.0,-99999,2.0,0.0,1.0,126565.21,
15750731.0,Trevisani,736.0,Germany,M,nan,9.0,116309.01,1.0,1.0,0.0,185360.4,1.0
,Bond,617.0,France,F,nan,0.0,131244.65,2.0,1.0,0.0,183229.02,0.0
15626044.0,,762.0,Germany,,28.0,3.0,125155.83,2.0,1.0,1.0,106024.02,0.0
15737910.0,,703.0,Germany,M,35.0,5.0,140691.08,,1.0,0.0,167810.26,0.0
15761076.0,Lei,507.0,France,M,41.0,3.0,58820.32,2.0,1.0,1.0,138536.09,0.0
15710105.0,Stirling,581.0,Germany,F,26.0,3.0,105099.45,1.0,1.0,1.0,184520.0,1.0
15577402.0,Grant,593.0,France,M,31.0,9.0,0.0,2.0,0.0,1.0,20492.16,0.0
15803337.0,,648.0,France,M,23.0,9.0,168372.52,1.0,1.0,0.0,134676.72,0.0
15654372.0,Pearce,462.0,Germany,M,34.0,1.0,94682.56,2.0,1.0,0.0,,0.0
,Rutledge,596.0,Spain,M,36.0,2.0,0.0,,0.0,1.0,125557.95,0.0
,Udegbunam,627.0,France,F,nan,5.0,0.0,2.0,1.0,0.0,,1.0
15604813.0,Zaytseva,494.0,,M,40.0,7.0,0.0,,0.0,1.0,158071.69,0.0
15611644.0,Onyemauchechukwu,627.0,France,M,nan,0.0,146329.73,1.0,0.0,1.0,43615.67,
15674928.0,Mullah,850.0,Spain,M,37.0,2.0,0.0,2.0,1.0,0.0,119969.99,0.0
15656100.0,Candler,,France,F,49.0,5.0,nan,1.0,0.0,0.0,140201.21,0.0
15764293.0,Konovalova,490.0,France,M,33.0,1.0,0.0,,1.0,1.0,80792.83,0.0
15636423.0,Lei,,France,M,40.0,7.0,0.0,1.0,1.0,1.0,,0.0
15607629.0,Hollis,679.0,France,M,48.0,8.0,0.0,2.0,1.0,0.0,23344.94,
15577313.0,Lionel,619.0,France,M,44.0,3.0,116967.68,1.0,1.0,0.0,5075.17,1.0
15714493.0,,465.0,Spain,F,33.0,6.0,0.0,2.0,1.0,1.0,95500.98,0.0
15643359.0,Carter,736.0,Spain,M,32.0,,0.0,1.0,0.0,1.0,79082.62,0.0
15687913.0,Mai,501.0,Germany,F,34.0,7.0,93244.42,1.0,0.0,,199805.63,0.0
15790935.0,Johnson,535.0,France,F,29.0,5.0,0.0,,0.0,1.0,,0.0
15708693.0,,759.0,France,F,33.0,2.0,0.0,,1.0,0.0,56583.88,0.0
15672016.0,Sabbatini,819.0,France,M,35.0,,0.0,2.0,0.0,1.0,3385.04,0.0
15727605.0,Shih,533.0,Germany,M,43.0,4.0,80442.06,2.0,0.0,1.0,12537.42,0.0
15651144.0,Yao,632.0,Germany,,35.0,2.0,150561.03,2.0,0.0,0.0,64722.61,
15749401.0,,686.0,France,M,60.0,9.0,0.0,3.0,1.0,,75246.21,1.0
15691874.0,Kazakova,687.0,France,F,34.0,9.0,125474.44,1.0,1.0,0.0,198929.84,0.0
,Chiganu,667.0,Germany,F,33.0,4.0,127076.68,2.0,1.0,0.0,69011.66,0.0
15769781.0,Nucci,699.0,Spain,F,25.0,8.0,0.0,2.0,1.0,1.0,52404.47,0.0
15624611.0,Marsden,497.0,Spain,M,37.0,8.0,128650.11,2.0,1.0,,163641.53,0.0
,,780.0,Spain,F,33.0,6.0,145580.61,1.0,1.0,1.0,154598.56,0.0
15720371.0,McLean,652.0,France,F,51.0,3.0,0.0,,1.0,0.0,173989.47,1.0
15717984.0,Longo,477.0,France,M,150,,nan,1.0,1.0,0.0,61315.37,1.0
15806407.0,Wilson,652.0,France,F,37.0,4.0,0.0,2.0,1.0,0.0,143393.24,0.0
15785042.0,Hsiung,488.0,,F,31.0,8.0,97588.6,1.0,0.0,0.0,124210.53,0.0
15809302.0,Wright,572.0,France,M,24.0,1.0,0.0,2.0,1.0,1.0,151460.84,0.0
15677550.0,Folliero,755.0,France,F,38.0,1.0,-99999,,1.0,0.0,20734.81,0.0
,Johnston,,Germany,F,24.0,10.0,122200.31,2.0,1.0,0.0,43705.56,0.0
,Palermo,693.0,Spain,F,46.0,3.0,151709.33,,1.0,0.0,180736.24,0.0
15653065.0,,530.0,Spain,F,nan,7.0,0.0,2.0,1.0,0.0,104170.48,0.0
15649112.0,Endrizzi,738.0,Spain,F,33.0,3.0,122134.4,2.0,0.0,,27867.59,0.0
15690526.0,Tuan,690.0,Germany,M,31.0,2.0,137260.45,2.0,1.0,0.0,55387.28,0.0
15806945.0,Udobata,611.0,France,F,30.0,9.0,88594.14,1.0,1.0,0.0,196332.45,
15670066.0,Ibezimako,643.0,Spain,M,34.0,6.0,0.0,2.0,1.0,1.0,116046.22,0.0
15625761.0,,632.0,Germany,M,41.0,8.0,-99999,4.0,1.0,0.0,93874.87,1.0
15761525.0,,727.0,,F,31.0,10.0,96997.09,2.0,0.0,0.0,76614.04,0.0
15735080.0,Cummins,508.0,France,F,64.0,2.0,0.0,1.0,1.0,1.0,6076.62,0.0
15619537.0,Lavrentiev,,France,M,31.0,5.0,142200.19,2.0,1.0,,,0.0
15598162.0,Saunders,754.0,Germany,F,39.0,3.0,160761.41,1.0,,1.0,24156.03,0.0
15694300.0,Fiorentino,759.0,France,M,26.0,,nan,2.0,1.0,0.0,,0.0
15637235.0,Knight,794.0,Spain,M,33.0,8.0,0.0,2.0,,0.0,91340.02,0.0
15612444.0,Manfrin,549.0,France,M,29.0,3.0,0.0,2.0,1.0,0.0,146090.38,0.0
15626457.0,Zetticci,671.0,France,M,31.0,0.0,116234.61,1.0,1.0,0.0,172096.08,0.0
15627995.0,Angelo,756.0,Germany,F,26.0,5.0,155143.52,1.0,0.0,1.0,135034.57,1.0
15706128.0,Zhdanov,632.0,France,F,21.0,1.0,0.0,2.0,1.0,0.0,84008.66,0.0
15666430.0,,579.0,France,M,38.0,8.0,nan,2.0,0.0,0.0,91763.67,0.0
15627385.0,Uwaezuoke,,France,M,34.0,5.0,nan,,1.0,1.0,137001.1,0.0
15581323.0,White,488.0,Germany,F,nan,7.0,nan,2.0,1.0,0.0,106799.49,0.0
15608109.0,Greco,710.0,Germany,M,58.0,7.0,170113.0,2.0,0.0,1.0,,0.0
,Chu,619.0,,F,41.0,,0.0,3.0,1.0,1.0,,1.0
15567431.0,Kodilinyechukwu,,France,M,64.0,2.0,145578.28,1.0,0.0,1.0,,0.0
15810167.0,Scott,657.0,Spain,M,75.0,7.0,126273.95,,0.0,1.0,91673.6,0.0
15644501.0,Enyinnaya,579.0,France,F,26.0,10.0,nan,1.0,1.0,1.0,18458.2,0.0
15785290.0,Hao,542.0,France,M,29.0,9.0,nan,1.0,1.0,0.0,,0.0
15611157.0,McElhone,709.0,France,,32.0,2.0,87814.89,1.0,1.0,0.0,138578.37,0.0
15673837.0,,617.0,Spain,M,61.0,3.0,nan,,1.0,1.0,38129.22,0.0
15656822.0,Day,568.0,Germany,M,43.0,5.0,87612.64,,1.0,1.0,107155.4,1.0
15580560.0,Harris,769.0,France,F,73.0,1.0,0.0,1.0,1.0,1.0,29792.11,0.0
15760641.0,Gerald,608.0,Germany,M,26.0,1.0,106648.98,1.0,0.0,1.0,7063.6,0.0
15587584.0,Nebeuwa,,Spain,,31.0,4.0,0.0,2.0,,1.0,21645.06,0.0
15604146.0,Kaodilinakachukwu,608.0,Germany,F,38.0,8.0,103653.51,2.0,1.0,,,
15813974.0,Maruff,731.0,Germany,,37.0,3.0,116880.53,1.0,0.0,0.0,,1.0
15746986.0,Howe,850.0,Germany,F,40.0,4.0,97990.49,2.0,0.0,0.0,106691.02,0.0
15759741.0,Knepper,591.0,Germany,F,34.0,4.0,-99999,1.0,1.0,1.0,72274.84,0.0
15734892.0,Fennell,579.0,Spain,,37.0,4.0,0.0,2.0,1.0,1.0,32246.63,0.0
,T'ao,570.0,,,nan,10.0,129674.89,2.0,1.0,0.0,80552.36,0.0
15723786.0,Morris,709.0,France,F,37.0,9.0,0.0,2.0,1.0,0.0,16733.59,0.0
15642726.0,Holmes,611.0,France,M,nan,3.0,83568.26,1.0,0.0,0.0,1235.49,0.0
15664339.0,,775.0,Spain,M,48.0,4.0,nan,,0.0,0.0,,1.0
15754526.0,Walker,699.0,Germany,M,nan,6.0,147137.74,1.0,1.0,1.0,33687.9,0.0
15703037.0,,,France,M,37.0,5.0,0.0,1.0,0.0,1.0,178705.45,1.0
15751412.0,Harvey,704.0,France,M,36.0,,nan,1.0,0.0,1.0,66810.48,0.0
15609558.0,McDonald,835.0,Germany,F,47.0,5.0,108289.28,2.0,1.0,1.0,45859.55,1.0
15572408.0,Chambers,714.0,Germany,M,39.0,3.0,149887.49,2.0,1.0,,63846.36,0.0
15613923.0,Reed,581.0,Spain,F,43.0,4.0,nan,1.0,0.0,1.0,100236.02,0.0
15747000.0,Shih,592.0,France,M,27.0,3.0,0.0,,1.0,1.0,,0.0
15731781.0,,551.0,France,M,43.0,7.0,0.0,2.0,1.0,,178393.68,0.0
15727198.0,Teng,,,F,28.0,2.0,64808.32,2.0,0.0,0.0,78591.15,
15794273.0,Hand,604.0,France,F,56.0,0.0,62732.65,1.0,0.0,1.0,124954.56,0.0
15804950.0,,514.0,France,F,41.0,7.0,0.0,2.0,1.0,1.0,3756.65,0.0
15576304.0,Bailey,698.0,France,M,29.0,,95167.55,1.0,1.0,1.0,152723.23,0.0
15645200.0,Chiang,581.0,Germany,F,54.0,2.0,152508.99,1.0,1.0,0.0,187597.98,1.0
15779627.0,,573.0,Germany,M,31.0,0.0,134644.19,,1.0,1.0,70381.49,0.0
15750755.0,,449.0,Spain,F,33.0,8.0,0.0,,0.0,0.0,156792.89,0.0
15569654.0,,850.0,,F,31.0,3.0,51293.47,1.0,0.0,0.0,35534.68,
15753079.0,,612.0,France,M,nan,,0.0,3.0,0.0,0.0,151256.22,0.0
15684995.0,Chamberlain,690.0,Spain,M,49.0,8.0,116622.73,1.0,0.0,1.0,51011.29,0.0
15790763.0,Trujillo,,Spain,F,49.0,2.0,nan,2.0,1.0,0.0,111190.53,
15766458.0,Tang,498.0,France,M,33.0,1.0,198113.86,,1.0,0.0,69664.35,0.0
15616221.0,Wilson,497.0,France,F,29.0,4.0,-99999,1.0,0.0,0.0,63233.02,1.0
15776124.0,Mann,802.0,,,51.0,7.0,0.0,1.0,0.0,1.0,40855.79,0.0
15665811.0,Parry,644.0,France,M,33.0,9.0,141234.98,1.0,,,,0.0
,Manfrin,714.0,France,M,150,10.0,0.0,2.0,1.0,1.0,80234.14,0.0
,Millar,690.0,France,F,nan,9.0,77641.99,1.0,0.0,,189051.59,1.0
15592197.0,Simmons,522.0,Spain,M,30.0,3.0,0.0,2.0,1.0,,145490.85,0.0
15793116.0,Beneventi,502.0,Germany,F,40.0,7.0,117304.29,1.0,0.0,0.0,196278.32,
15638231.0,,730.0,Spain,F,62.0,2.0,0.0,2.0,1.0,1.0,162889.1,0.0
15697678.0,Maxwell,,Germany,M,150,6.0,92340.69,2.0,1.0,,174667.58,0.0
15800412.0,Dale,458.0,Germany,M,35.0,9.0,146780.52,2.0,1.0,1.0,3476.38,
15597610.0,Stevens,553.0,Spain,M,nan,6.0,144974.55,1.0,1.0,1.0,,0.0
15726634.0,Wei,479.0,France,M,nan,1.0,0.0,1.0,1.0,0.0,95270.83,
15670866.0,Chiu,693.0,France,,31.0,2.0,0.0,2.0,1.0,1.0,107759.31,
,Duncan,,Spain,,43.0,10.0,0.0,,1.0,0.0,118368.2,0.0
15662574.0,Brady,636.0,Spain,M,37.0,,115137.26,1.0,1.0,0.0,52484.01,0.0
15716926.0,Macleod,807.0,France,M,33.0,10.0,101952.97,2.0,1.0,0.0,178153.65,0.0
15603554.0,Berkeley,513.0,France,F,45.0,0.0,-99999,3.0,1.0,,49915.52,1.0
15716800.0,Kaur,582.0,France,M,nan,2.0,0.0,2.0,1.0,1.0,33747.03,0.0
15679429.0,Bell,694.0,France,M,32.0,,91956.49,1.0,1.0,1.0,59961.81,0.0
15616122.0,Nwokike,777.0,France,M,39.0,8.0,0.0,2.0,1.0,1.0,18613.52,0.0
,Williamson,598.0,Germany,M,150,9.0,123938.6,2.0,1.0,0.0,198894.42,0.0
15792305.0,Mountgarrett,762.0,Germany,M,46.0,6.0,123571.77,,0.0,1.0,57014.17,1.0
15636016.0,Wreford,588.0,,F,34.0,3.0,120777.88,1.0,1.0,1.0,131729.52,0.0
15733138.0,Paterson,,Germany,M,42.0,5.0,90248.79,1.0,1.0,1.0,79169.73,0.0
,Hou,777.0,France,M,36.0,7.0,0.0,1.0,1.0,0.0,106472.34,0.0
15616954.0,,,France,M,71.0,4.0,0.0,2.0,0.0,1.0,17013.54,0.0
15729238.0,Peng,631.0,Germany,M,48.0,1.0,106396.48,1.0,1.0,1.0,150661.42,
15718242.0,Wollstonecraft,725.0,Germany,F,47.0,1.0,104887.43,1.0,0.0,0.0,,1.0
15682914.0,Bolton,850.0,France,M,34.0,2.0,72079.71,1.0,1.0,1.0,115767.93,0.0
15654274.0,Corrie,540.0,,M,nan,6.0,nan,2.0,1.0,0.0,141998.89,0.0
15691457.0,Boyle,674.0,Spain,M,nan,2.0,0.0,2.0,1.0,1.0,182787.17,0.0
15719649.0,Lambie,553.0,France,M,38.0,3.0,99844.68,1.0,0.0,0.0,187915.7,
15778897.0,Cartwright,630.0,France,F,nan,1.0,0.0,2.0,1.0,1.0,133267.78,0.0
15589437.0,Lu,466.0,France,M,26.0,3.0,156815.71,1.0,1.0,1.0,137476.09,
15682369.0,Pisano,613.0,France,M,47.0,6.0,146034.74,1.0,,1.0,77146.14,0.0
15626507.0,Chukwubuikem,558.0,France,,27.0,1.0,152283.39,1.0,1.0,,183271.15,0.0
15571995.0,Harper,775.0,Germany,,33.0,1.0,118897.1,2.0,1.0,,26362.4,0.0
15673333.0,Wilson,698.0,Germany,M,52.0,8.0,96781.39,1.0,,1.0,,0.0
15748752.0,Ch'in,608.0,Germany,M,nan,1.0,102772.67,2.0,1.0,0.0,70705.58,0.0
15725302.0,Streeton,670.0,Spain,F,20.0,4.0,0.0,,1.0,0.0,,0.0
15722083.0,Ch'ang,591.0,Spain,M,nan,8.0,nan,2.0,0.0,0.0,42392.24,0.0
15771442.0,Pennington,633.0,France,M,nan,4.0,150578.0,1.0,0.0,1.0,,1.0
15803633.0,T'ien,678.0,France,,46.0,1.0,0.0,2.0,0.0,0.0,82106.19,0.0
15672185.0,Liu,590.0,France,M,47.0,,0.0,2.0,1.0,0.0,171774.5,0.0
15806486.0,Cunningham,705.0,France,F,48.0,0.0,0.0,,0.0,0.0,149772.61,0.0
15570895.0,Ch'in,608.0,France,M,42.0,10.0,163548.07,1.0,1.0,0.0,38866.85,
15614520.0,Smith,682.0,France,F,37.0,8.0,148580.12,1.0,,0.0,35179.18,0.0
15687492.0,Anderson,596.0,Germany,M,32.0,3.0,nan,2.0,0.0,,41788.37,0.0
15675337.0,Forbes,395.0,,F,34.0,5.0,106011.59,1.0,1.0,1.0,17376.57,1.0
15721047.0,Ansell,578.0,Germany,M,37.0,1.0,135650.88,1.0,1.0,0.0,199428.19,0.0
15589017.0,Chiu,547.0,Germany,,55.0,4.0,111362.76,3.0,1.0,0.0,16922.28,1.0
15611186.0,Yevdokimova,609.0,France,M,37.0,1.0,39344.83,1.0,1.0,1.0,178291.89,1.0
15617301.0,Chamberlin,,Germany,M,36.0,,130809.77,1.0,1.0,0.0,152290.28,0.0
15726046.0,,712.0,France,F,27.0,,133009.51,1.0,1.0,0.0,126809.15,
15585748.0,,585.0,Germany,F,150,9.0,nan,2.0,1.0,1.0,,0.0
15672826.0,Chen,666.0,France,F,32.0,10.0,nan,2.0,1.0,1.0,34350.54,0.0
15595162.0,Cattaneo,708.0,Spain,F,35.0,8.0,122570.69,1.0,0.0,0.0,199005.88,0.0
15650026.0,Barclay-Harvey,513.0,France,M,44.0,,63562.02,2.0,0.0,1.0,52629.73,1.0
15745826.0,Dawson,445.0,France,,37.0,3.0,0.0,2.0,1.0,,180012.39,0.0
15708610.0,Costa,690.0,Germany,,44.0,9.0,100368.63,2.0,,0.0,35342.33,
15624471.0,Chikwado,850.0,,M,37.0,6.0,0.0,2.0,1.0,0.0,109291.22,0.0
15590097.0,Ch'eng,537.0,,F,33.0,7.0,136082.0,1.0,1.0,0.0,62746.54,
15689328.0,Harrison,705.0,Germany,,48.0,9.0,114169.16,1.0,0.0,,173273.2,1.0
15582154.0,Crawford,,France,,45.0,5.0,47884.92,1.0,1.0,,54340.24,0.0
15734626.0,Gibson,652.0,Spain,F,36.0,1.0,0.0,,1.0,1.0,19302.78,0.0
15702806.0,,,Spain,M,24.0,9.0,0.0,1.0,0.0,0.0,10883.52,0.0
15620756.0,Stokes,747.0,France,M,49.0,6.0,202904.64,1.0,1.0,1.0,,1.0
15611331.0,,511.0,France,F,46.0,,0.0,1.0,1.0,1.0,115779.48,1.0
15576935.0,Ampt,743.0,Spain,M,43.0,2.0,-99999,2.0,0.0,1.0,93228.86,1.0
15661275.0,Wynn,532.0,Germany,M,52.0,3.0,110791.97,1.0,1.0,0.0,,1.0
15814940.0,Lawrence,642.0,Spain,F,33.0,9.0,0.0,2.0,1.0,1.0,150475.14,0.0
15768471.0,Wagner,554.0,Germany,F,54.0,6.0,108755.0,1.0,1.0,,,1.0
15697391.0,Argyle,604.0,Spain,F,34.0,3.0,0.0,2.0,,0.0,38587.7,0.0
15793346.0,Ofodile,602.0,France,F,72.0,3.0,0.0,2.0,1.0,1.0,171260.66,0.0
15608338.0,Chiemenam,757.0,Spain,F,55.0,9.0,117294.12,4.0,,0.0,94187.47,1.0
15578546.0,Akobundu,491.0,Germany,M,26.0,4.0,102251.14,,1.0,1.0,,0.0
15656921.0,Locke,850.0,France,M,31.0,4.0,nan,2.0,0.0,0.0,152298.28,
15761340.0,Bullen,521.0,France,M,22.0,5.0,0.0,2.0,1.0,1.0,99828.45,0.0
,Forster,726.0,France,M,37.0,2.0,-99999,,1.0,0.0,34743.98,0.0
15623219.0,Smith,596.0,France,M,33.0,8.0,0.0,1.0,1.0,0.0,,1.0
15655229.0,Craig,850.0,Germany,F,35.0,,114285.2,,0.0,1.0,129660.59,0.0
15805884.0,,637.0,France,F,41.0,,0.0,,1.0,0.0,145477.36,0.0
15668289.0,McWilliams,690.0,Spain,M,nan,2.0,76087.98,1.0,0.0,1.0,151822.66,0.0
15568562.0,Moss,689.0,France,M,40.0,8.0,160272.27,1.0,1.0,0.0,49656.24,0.0
15773276.0,Townsend,633.0,Spain,M,63.0,4.0,nan,,1.0,0.0,73856.28,
15622801.0,Brown,555.0,France,F,27.0,8.0,102000.17,1.0,1.0,1.0,116757.0,0.0
,Munson,563.0,Spain,M,24.0,7.0,0.0,2.0,0.0,0.0,,0.0
15713673.0,,494.0,France,F,nan,,nan,1.0,0.0,1.0,90273.85,0.0
15783083.0,Shubin,534.0,France,M,27.0,9.0,0.0,2.0,1.0,0.0,161344.13,0.0
15742824.0,Isayeva,696.0,Germany,M,42.0,,162318.61,1.0,1.0,0.0,121061.89,0.0
15621550.0,Hung,535.0,Spain,F,50.0,1.0,140292.58,3.0,0.0,0.0,69531.22,1.0
15799480.0,Webb,600.0,France,M,34.0,0.0,0.0,2.0,0.0,1.0,3756.23,0.0
15625247.0,Scott,807.0,France,,34.0,1.0,0.0,1.0,0.0,0.0,114448.13,0.0
15755241.0,Rahman,714.0,,F,52.0,2.0,0.0,,0.0,,144045.08,1.0
15575679.0,Lori,590.0,France,M,24.0,7.0,126431.54,1.0,1.0,0.0,58781.11,0.0
15668235.0,Cooke,614.0,France,F,41.0,3.0,123475.04,1.0,1.0,1.0,,0.0
15683183.0,,766.0,Germany,F,45.0,6.0,97652.96,1.0,1.0,0.0,127332.33,0.0
15684592.0,Lamb,557.0,Spain,M,42.0,4.0,0.0,2.0,0.0,1.0,86642.38,0.0
15591169.0,,788.0,Germany,F,49.0,4.0,137455.99,1.0,,0.0,184178.29,1.0
15653455.0,Smith,,France,F,38.0,2.0,nan,2.0,0.0,1.0,9551.49,
15732563.0,Swanton,726.0,Germany,F,33.0,7.0,99046.31,2.0,1.0,1.0,56053.06,0.0
15656471.0,Mitchell,773.0,France,M,33.0,9.0,0.0,2.0,1.0,1.0,1118.31,0.0
15598510.0,Colombo,583.0,Germany,M,27.0,4.0,105907.42,2.0,1.0,1.0,195732.04,0.0
15766427.0,Shaw,,Germany,M,52.0,5.0,97720.35,2.0,1.0,,,1.0
15785342.0,,705.0,France,M,25.0,9.0,0.0,2.0,0.0,1.0,112331.19,0.0
15641595.0,Jonathan,685.0,Spain,M,43.0,4.0,97392.18,2.0,1.0,0.0,43956.83,0.0
15798429.0,Hernandez,741.0,France,M,29.0,8.0,0.0,2.0,1.0,,115994.52,0.0
15648136.0,Green,658.0,Germany,F,28.0,9.0,152812.58,1.0,1.0,0.0,166682.57,0.0
15812482.0,Young,,France,M,27.0,3.0,139301.68,1.0,1.0,0.0,99843.98,0.0
15790810.0,Han,844.0,France,F,41.0,10.0,76319.64,1.0,1.0,1.0,141175.18,1.0
15687421.0,Highland,559.0,Spain,M,67.0,9.0,125919.35,1.0,1.0,0.0,175910.95,1.0
15765643.0,Hamilton,725.0,France,M,37.0,6.0,nan,2.0,0.0,,176984.34,0.0
15654878.0,Yobanna,450.0,France,M,29.0,7.0,117199.8,,1.0,1.0,43480.63,0.0
15686835.0,Crawford,738.0,,F,57.0,9.0,148384.64,1.0,0.0,,155047.11,1.0
15768340.0,,642.0,Germany,F,150,3.0,113905.48,1.0,1.0,1.0,176137.2,0.0
15673599.0,Williamson,618.0,,M,32.0,,133476.09,1.0,0.0,1.0,,0.0
,Beneventi,590.0,France,M,47.0,,117879.32,1.0,,1.0,8214.46,0.0
15684294.0,Chidumaga,735.0,France,M,50.0,,0.0,2.0,0.0,1.0,147075.69,0.0
15615828.0,Mitchell,550.0,France,M,34.0,8.0,122359.5,1.0,0.0,0.0,116495.55,0.0
15746012.0,Chibugo,729.0,Spain,F,150,0.0,0.0,2.0,1.0,1.0,31165.06,1.0
,,743.0,Germany,M,59.0,5.0,108585.35,1.0,1.0,1.0,192127.22,1.0
15788494.0,,555.0,France,M,31.0,8.0,145875.74,1.0,,0.0,137491.23,0.0
15793856.0,,667.0,Spain,F,36.0,3.0,121542.57,2.0,1.0,1.0,186841.71,0.0
15629545.0,Buckley,790.0,Spain,F,41.0,7.0,109508.68,1.0,0.0,0.0,86776.38,
15661198.0,Howard,727.0,Germany,M,34.0,2.0,146407.11,1.0,1.0,1.0,72073.72,0.0
15715117.0,Peel,744.0,France,F,39.0,6.0,-99999,1.0,0.0,0.0,10662.58,0.0
,Herz,,Germany,M,35.0,8.0,112330.83,1.0,1.0,1.0,91001.02,0.0
15793046.0,Holden,619.0,,F,35.0,4.0,90413.12,1.0,1.0,1.0,20555.21,0.0
15623744.0,McLean,634.0,,M,34.0,,nan,1.0,1.0,1.0,123164.97,0.0
15611329.0,Findlay,608.0,Spain,F,35.0,6.0,0.0,2.0,1.0,1.0,143463.28,0.0
15740428.0,Wyatt,507.0,France,F,nan,1.0,0.0,2.0,0.0,0.0,92131.54,0.0
15781534.0,,536.0,Germany,,35.0,4.0,121520.36,1.0,0.0,0.0,77178.42,0.0
15618243.0,Buckland,730.0,Spain,F,43.0,1.0,103960.38,1.0,,1.0,193650.16,0.0
15784161.0,Hargreaves,583.0,Germany,M,39.0,8.0,102945.01,1.0,0.0,0.0,52861.89,0.0
15700325.0,Onyeoruru,644.0,France,F,24.0,8.0,92760.55,,1.0,,35896.75,
15659064.0,,790.0,Spain,M,37.0,,0.0,2.0,1.0,1.0,149418.41,0.0
15658364.0,,807.0,Germany,F,40.0,1.0,134590.21,1.0,1.0,1.0,46253.65,
15704340.0,Fu,581.0,France,F,37.0,10.0,104255.03,,1.0,0.0,,0.0
15793455.0,Tien,,Spain,F,nan,6.0,nan,1.0,0.0,,91943.94,1.0
15579777.0,Sazonova,850.0,France,M,41.0,3.0,0.0,2.0,1.0,0.0,128892.36,0.0
15632345.0,,,France,F,35.0,4.0,0.0,2.0,1.0,0.0,44830.71,0.0
15814468.0,Wei,551.0,Germany,M,50.0,1.0,121399.98,1.0,0.0,,84508.44,1.0
15754820.0,Bergamaschi,637.0,Germany,M,35.0,8.0,147127.81,2.0,1.0,1.0,84760.7,0.0
15707505.0,Taylor,699.0,Spain,M,nan,8.0,125927.51,2.0,1.0,0.0,147661.47,0.0
15699507.0,Messersmith,542.0,France,F,25.0,7.0,0.0,2.0,0.0,1.0,82393.08,0.0
15799600.0,Coles,640.0,Germany,M,48.0,1.0,111599.32,1.0,0.0,1.0,135995.58,0.0
15794472.0,,553.0,France,,27.0,3.0,nan,2.0,,0.0,159800.16,0.0
15646632.0,Reid,741.0,France,M,38.0,9.0,0.0,2.0,1.0,0.0,14379.01,0.0
15676353.0,Etheridge,598.0,,M,nan,8.0,114212.6,1.0,1.0,1.0,74322.85,0.0
15566312.0,Jolly,660.0,,F,42.0,5.0,0.0,3.0,1.0,1.0,189016.24,1.0
,Chizoba,618.0,Spain,M,41.0,4.0,115251.64,1.0,0.0,0.0,,0.0
15776743.0,Eberegbulam,647.0,France,M,43.0,9.0,0.0,2.0,1.0,1.0,78488.39,0.0
15674637.0,,491.0,France,F,68.0,3.0,107571.61,1.0,0.0,1.0,113695.99,0.0
,Lucchesi,652.0,,,32.0,2.0,0.0,2.0,1.0,0.0,54628.11,0.0
15739972.0,Hughes,650.0,Germany,F,45.0,9.0,152367.21,3.0,1.0,0.0,150835.21,1.0
,Panicucci,,Germany,M,150,1.0,130969.77,2.0,1.0,1.0,158891.79,0.0
15675585.0,Burns,416.0,Germany,F,25.0,0.0,97738.97,2.0,1.0,1.0,160523.33,
15814750.0,Ricci,,Spain,M,34.0,8.0,0.0,2.0,1.0,1.0,180595.02,0.0
15593454.0,Lambert,678.0,Spain,F,40.0,4.0,113794.22,1.0,,,16618.76,0.0
15663421.0,Esposito,527.0,Spain,M,28.0,6.0,128396.33,2.0,1.0,0.0,79919.97,0.0
15576196.0,Benson,743.0,Spain,F,48.0,5.0,-99999,,0.0,0.0,186489.14,1.0
,,683.0,Germany,M,73.0,9.0,124730.26,1.0,1.0,1.0,51999.5,0.0
15568742.0,Parkes,536.0,France,F,41.0,9.0,0.0,1.0,1.0,,121299.14,0.0
,,663.0,,M,52.0,0.0,136298.65,1.0,1.0,0.0,144593.3,1.0
15714260.0,Castiglione,646.0,France,F,38.0,2.0,0.0,2.0,0.0,0.0,178752.73,0.0
15798200.0,Manna,707.0,France,M,35.0,2.0,0.0,3.0,,1.0,94148.3,0.0
15656627.0,Lin,602.0,,M,34.0,5.0,0.0,2.0,1.0,1.0,77414.45,0.0
15791111.0,,635.0,France,F,47.0,2.0,125724.95,2.0,1.0,0.0,,0.0
15638269.0,,597.0,France,M,67.0,2.0,0.0,2.0,0.0,,108645.85,
15807473.0,Morehead,503.0,France,M,38.0,1.0,0.0,2.0,1.0,1.0,95153.24,0.0
15708534.0,Afamefuna,524.0,Spain,F,64.0,5.0,0.0,1.0,1.0,0.0,136079.64,1.0
15640686.0,Greco,700.0,France,M,46.0,5.0,95872.86,1.0,,0.0,98273.01,1.0
15588904.0,Balashova,692.0,,M,150,9.0,nan,1.0,1.0,0.0,113505.93,1.0
,Bogdanov,562.0,France,M,nan,2.0,0.0,1.0,0.0,1.0,52525.15,
15770543.0,Lowe,679.0,France,M,37.0,7.0,nan,1.0,1.0,,,0.0
15642162.0,Ponce,603.0,Germany,M,150,1.0,123407.69,1.0,1.0,0.0,152541.89,1.0
15714046.0,Trevisano,720.0,Spain,,33.0,3.0,123783.91,2.0,1.0,1.0,142903.44,0.0
15575060.0,Gardner,797.0,France,M,24.0,5.0,0.0,,1.0,0.0,182257.61,0.0
15812040.0,Lorenzo,594.0,France,M,36.0,6.0,153880.15,1.0,0.0,0.0,135431.72,0.0
15812073.0,Palmer,529.0,France,F,31.0,7.0,0.0,,1.0,1.0,175697.87,0.0
,Zuyeva,606.0,Germany,F,32.0,1.0,nan,2.0,,1.0,59061.25,0.0
15584090.0,Jen,621.0,Spain,F,40.0,7.0,0.0,2.0,0.0,1.0,131283.6,1.0
15810807.0,Alekseeva,513.0,France,F,43.0,9.0,-99999,,1.0,0.0,152499.8,0.0
15582033.0,Manfrin,,Germany,M,44.0,3.0,138076.47,1.0,1.0,0.0,15523.09,1.0
15687607.0,Chiemenam,605.0,France,F,30.0,9.0,135422.31,1.0,0.0,1.0,186418.85,0.0
15588406.0,Chiemenam,574.0,Spain,F,37.0,7.0,0.0,2.0,1.0,,32262.28,
15784099.0,Clark,726.0,,,38.0,5.0,126875.62,1.0,1.0,0.0,128052.29,0.0
15701352.0,Fanucci,611.0,Spain,,28.0,3.0,nan,2.0,1.0,,181419.29,0.0
15789371.0,,593.0,Germany,F,41.0,4.0,119703.1,2.0,1.0,1.0,109783.29,0.0
15602845.0,Udinesi,466.0,Germany,M,41.0,2.0,152102.18,2.0,1.0,0.0,181879.56,0.0
15707918.0,Bentley,,Germany,F,36.0,0.0,127675.39,2.0,1.0,0.0,74260.16,0.0
15602812.0,Holmes,684.0,Germany,,44.0,2.0,133776.86,2.0,0.0,1.0,49865.04,0.0
15675888.0,,550.0,Spain,F,33.0,9.0,72788.03,1.0,1.0,1.0,103608.06,0.0
15591822.0,Mackenzie,593.0,,M,26.0,9.0,76226.9,1.0,1.0,0.0,167564.82,0.0
15738501.0,Booth,601.0,Germany,M,48.0,9.0,163630.76,1.0,0.0,1.0,,1.0
15585907.0,Collier,676.0,Spain,F,30.0,5.0,0.0,2.0,0.0,,179066.58,0.0
15579040.0,Hs?,556.0,,F,46.0,10.0,0.0,,0.0,0.0,109184.24,0.0
15804211.0,Oluchukwu,,France,M,36.0,3.0,155423.17,1.0,1.0,1.0,199841.32,
15736126.0,Sung,850.0,,M,55.0,0.0,-99999,,1.0,1.0,83617.17,1.0
15745399.0,Marino,649.0,Spain,F,49.0,2.0,-99999,1.0,1.0,0.0,84863.85,1.0
15760749.0,Vinogradov,509.0,Spain,M,41.0,7.0,126683.8,1.0,0.0,1.0,114775.53,0.0
,Burns,684.0,France,M,33.0,4.0,140700.61,1.0,1.0,0.0,103557.93,0.0
15657829.0,Fanucci,806.0,Germany,,30.0,8.0,nan,1.0,1.0,0.0,85028.36,1.0
,Chukwujamuike,729.0,Spain,M,44.0,4.0,107726.93,,1.0,0.0,153064.87,0.0
15690695.0,Flynn,683.0,France,F,33.0,9.0,0.0,2.0,1.0,1.0,38784.42,0.0
15762351.0,Chao,689.0,Spain,F,63.0,1.0,0.0,2.0,1.0,1.0,186526.12,
15791172.0,Yeh,672.0,Germany,F,21.0,1.0,35741.69,1.0,1.0,,28789.94,0.0
15598982.0,Klein,602.0,Germany,F,150,5.0,98268.84,1.0,,1.0,45038.29,
15734765.0,Mahmood,739.0,France,F,20.0,4.0,133800.98,,0.0,1.0,150245.81,0.0
15642912.0,Tu,618.0,France,F,21.0,2.0,125682.79,1.0,0.0,0.0,,0.0
15769516.0,Shcherbakov,674.0,France,,42.0,9.0,0.0,,1.0,0.0,,0.0
,Zetticci,762.0,,M,26.0,6.0,130428.78,1.0,1.0,0.0,173365.89,0.0
15695103.0,Carr,790.0,Spain,M,37.0,,0.0,2.0,1.0,1.0,,0.0
,Browne,,Spain,F,27.0,8.0,0.0,2.0,,,121821.16,0.0
15767804.0,Feng,729.0,France,M,44.0,6.0,0.0,2.0,,0.0,151733.43,0.0
15718039.0,Ferguson,606.0,Germany,,47.0,0.0,137138.2,2.0,0.0,1.0,53784.22,0.0
15579994.0,,616.0,France,M,23.0,8.0,73112.95,1.0,1.0,1.0,62733.05,0.0
15595037.0,Palermo,772.0,France,M,47.0,9.0,152347.01,,0.0,1.0,17671.78,0.0
,Moore,652.0,Spain,M,41.0,8.0,115144.68,,1.0,0.0,188905.43,0.0
15782608.0,Huang,743.0,France,M,43.0,5.0,0.0,2.0,0.0,0.0,113079.19,1.0
15566894.0,Gray,793.0,France,M,39.0,3.0,137817.52,1.0,0.0,0.0,83997.79,0.0
,,743.0,Spain,M,45.0,7.0,157332.26,1.0,1.0,0.0,,0.0
,Henderson,746.0,France,M,37.0,2.0,0.0,2.0,1.0,0.0,143194.05,0.0
15577423.0,Mosley,627.0,Germany,F,39.0,5.0,124586.93,1.0,1.0,0.0,93132.61,1.0
15623102.0,Nnaemeka,713.0,Spain,M,38.0,6.0,116980.78,2.0,0.0,1.0,,0.0
15728012.0,Everett,678.0,Spain,F,40.0,3.0,128398.38,1.0,1.0,0.0,168658.3,0.0
15683363.0,Goddard,,Spain,M,39.0,1.0,0.0,,0.0,1.0,108419.41,0.0
15699335.0,Kuo,615.0,Germany,F,33.0,3.0,137657.25,2.0,,1.0,171657.57,0.0
15574369.0,,415.0,Spain,M,53.0,5.0,167259.44,1.0,,1.0,22357.25,0.0
,Rouse,628.0,France,F,45.0,,0.0,2.0,1.0,0.0,193903.06,
15754874.0,Nwoye,700.0,France,M,26.0,4.0,119009.57,,1.0,0.0,141926.43,0.0
15723216.0,Greco,623.0,Germany,,33.0,2.0,80002.33,1.0,1.0,1.0,104079.62,0.0
15725094.0,,623.0,France,F,37.0,,140211.88,1.0,,1.0,93832.33,0.0
15647974.0,Chiemenam,679.0,France,,44.0,3.0,-99999,2.0,1.0,0.0,1568.91,0.0
15583371.0,Artemiev,632.0,Spain,M,37.0,,138207.08,1.0,1.0,0.0,,1.0
15772559.0,Burrows,790.0,France,F,47.0,10.0,148636.21,1.0,0.0,1.0,16119.96,1.0
,Chizuoke,514.0,France,M,45.0,,178827.79,1.0,1.0,0.0,,0.0
15719212.0,T'ien,491.0,,M,33.0,5.0,83134.3,1.0,,0.0,187946.55,0.0
15764927.0,Rogova,,France,M,92.0,3.0,121513.31,1.0,0.0,1.0,195563.99,0.0
15731412.0,Trevisano,693.0,Germany,F,37.0,6.0,95900.04,1.0,1.0,1.0,38196.24,0.0
15719170.0,Sagese,679.0,France,F,30.0,1.0,112543.42,1.0,1.0,1.0,179435.21,0.0
15596011.0,,529.0,Spain,M,34.0,9.0,0.0,1.0,1.0,1.0,,0.0
15614834.0,Long,,Spain,F,nan,3.0,141751.82,1.0,0.0,1.0,61531.86,0.0
15600510.0,Hsueh,680.0,Spain,F,nan,6.0,124140.57,2.0,1.0,0.0,92826.35,0.0
15625706.0,White,,Germany,M,45.0,2.0,116546.59,2.0,,0.0,23140.28,1.0
,Lazarev,834.0,,F,28.0,6.0,0.0,1.0,1.0,0.0,74287.53,0.0
15722583.0,Benjamin,636.0,,F,29.0,6.0,nan,2.0,1.0,1.0,101102.39,0.0
15677243.0,Wan,538.0,Spain,M,43.0,5.0,0.0,2.0,1.0,0.0,126933.73,0.0
15815070.0,Romano,566.0,Germany,F,44.0,5.0,141428.99,2.0,0.0,0.0,68408.74,0.0
15705899.0,Craig,597.0,Spain,M,35.0,,127510.99,1.0,1.0,1.0,155356.34,0.0
15701522.0,Yermolayeva,711.0,France,F,29.0,9.0,0.0,2.0,0.0,1.0,3234.8,0.0
15755978.0,,606.0,France,M,31.0,10.0,0.0,2.0,1.0,0.0,195209.4,
15722090.0,,615.0,,,51.0,6.0,nan,1.0,1.0,1.0,169149.38,0.0
15783526.0,Le Hunte,589.0,France,M,36.0,1.0,100895.54,1.0,1.0,1.0,68075.14,
15632125.0,Blake,,Germany,M,150,5.0,63832.43,1.0,,1.0,93707.8,0.0
15688395.0,Lane,582.0,,M,29.0,4.0,0.0,2.0,0.0,0.0,156153.27,
15666975.0,Sparks,710.0,France,F,36.0,4.0,116085.06,1.0,1.0,0.0,58601.61,0.0
15682211.0,Tu,,France,M,57.0,1.0,0.0,2.0,1.0,1.0,114448.77,0.0
15637411.0,Tochukwu,749.0,France,,30.0,1.0,0.0,2.0,0.0,1.0,126551.65,0.0
15591512.0,Whittaker,564.0,Germany,F,33.0,2.0,115761.51,1.0,0.0,1.0,112350.21,1.0
15606855.0,Wang,730.0,,M,150,6.0,0.0,2.0,1.0,1.0,185808.7,0.0
15763683.0,Northern,678.0,Germany,M,32.0,4.0,139626.01,1.0,1.0,1.0,118235.52,1.0
15641782.0,,,,F,31.0,7.0,0.0,1.0,0.0,1.0,183051.6,1.0
15677184.0,,767.0,France,F,35.0,6.0,115576.44,1.0,0.0,,27922.45,0.0
15775042.0,Ku,615.0,France,F,23.0,4.0,0.0,2.0,1.0,0.0,196476.19,0.0
15616630.0,Tobenna,,Germany,F,41.0,5.0,77647.6,,,0.0,190429.52,
15800233.0,Okwuadigbo,850.0,France,F,40.0,5.0,nan,2.0,1.0,0.0,35034.15,0.0
15588419.0,Johnston,651.0,Germany,F,34.0,10.0,148962.46,1.0,1.0,0.0,66389.43,1.0
15595557.0,Li,,France,M,22.0,,0.0,2.0,1.0,0.0,107615.43,0.0
15626143.0,,695.0,France,M,nan,2.0,0.0,2.0,1.0,1.0,99692.65,0.0
15566030.0,Tu,497.0,Germany,M,41.0,5.0,80542.81,1.0,0.0,0.0,88729.22,1.0
15701412.0,T'ien,739.0,France,M,40.0,4.0,0.0,2.0,0.0,0.0,173321.65,0.0
15702464.0,Ross,549.0,France,F,34.0,4.0,0.0,2.0,0.0,0.0,139463.57,0.0
15573348.0,Maclean,850.0,France,M,35.0,9.0,102050.47,1.0,1.0,1.0,3769.71,0.0
15704160.0,Wan,648.0,Spain,M,49.0,5.0,0.0,1.0,1.0,0.0,149946.43,1.0
15693704.0,Tsou,679.0,France,F,24.0,6.0,114948.76,2.0,0.0,,135768.25,0.0
15664752.0,Jack,606.0,Germany,M,39.0,,nan,2.0,1.0,0.0,31708.53,0.0
15628292.0,Lucchesi,850.0,France,M,32.0,4.0,156001.68,2.0,1.0,1.0,151677.31,0.0
15621195.0,Ch'eng,619.0,Germany,M,41.0,3.0,147974.16,2.0,,0.0,170518.83,0.0
15668629.0,Saunders,719.0,Spain,M,44.0,2.0,0.0,2.0,1.0,0.0,196582.19,0.0
15635197.0,Glover,640.0,Germany,M,26.0,5.0,90402.77,1.0,1.0,1.0,3298.65,0.0
15592761.0,Tung,710.0,France,M,40.0,5.0,nan,2.0,0.0,,162878.96,0.0
15574283.0,Padovano,580.0,France,M,31.0,2.0,0.0,2.0,0.0,1.0,64014.24,0.0
15598097.0,Johnstone,550.0,France,M,44.0,9.0,0.0,2.0,1.0,0.0,26257.01,0.0
15711352.0,Endrizzi,841.0,France,F,31.0,3.0,162701.65,2.0,1.0,1.0,126794.56,0.0
15620751.0,Secombe,760.0,France,M,34.0,,0.0,2.0,1.0,0.0,164162.44,0.0
,Elewechi,687.0,,F,30.0,6.0,0.0,,0.0,0.0,179206.92,
15643121.0,Chu,,,F,35.0,,82453.96,2.0,0.0,0.0,18254.75,0.0
15723671.0,Lucciano,661.0,France,M,35.0,9.0,100107.99,1.0,1.0,0.0,83949.68,0.0
15752846.0,Pinto,699.0,France,M,28.0,7.0,0.0,2.0,1.0,1.0,22684.78,0.0
15640852.0,McGregor,617.0,Germany,F,nan,5.0,83348.89,3.0,1.0,0.0,,1.0
15789313.0,Ugorji,595.0,Germany,F,nan,4.0,96553.52,2.0,1.0,0.0,143952.24,1.0
15793688.0,,669.0,France,M,50.0,9.0,201009.64,1.0,1.0,0.0,158032.5,1.0
15770405.0,Warlow-Davies,613.0,France,F,nan,5.0,125167.74,1.0,,0.0,199104.52,0.0
15702561.0,Dale,782.0,,M,150,9.0,0.0,1.0,1.0,1.0,87566.97,0.0
15625964.0,Buckley,582.0,France,F,43.0,5.0,153313.67,1.0,0.0,0.0,,0.0
15761364.0,Nkemjika,679.0,France,M,30.0,9.0,nan,2.0,1.0,0.0,157871.55,0.0
15590286.0,Fairley,,France,F,40.0,2.0,125879.29,1.0,1.0,0.0,93203.43,0.0
15587978.0,Boothby,455.0,Germany,,37.0,6.0,170057.62,1.0,,1.0,54398.56,0.0
15773242.0,Chukwuhaenye,621.0,France,,32.0,1.0,0.0,2.0,1.0,,168779.47,0.0
15761053.0,Lock,596.0,,M,48.0,2.0,-99999,1.0,0.0,0.0,1140.02,1.0
15702095.0,,585.0,Spain,F,56.0,1.0,128472.8,1.0,,,186476.91,1.0
15764253.0,Ramsey,742.0,France,M,32.0,6.0,160485.16,,1.0,,29023.03,0.0
15700801.0,,850.0,Germany,M,42.0,6.0,-99999,3.0,0.0,1.0,60021.34,
15730590.0,Ko,738.0,Germany,F,nan,1.0,115409.18,2.0,0.0,0.0,180456.8,0.0
15643916.0,Munro,619.0,Spain,M,46.0,8.0,62400.48,1.0,1.0,1.0,,1.0
,McGregor,628.0,France,F,50.0,,143054.56,1.0,0.0,1.0,109608.81,1.0
15795429.0,Henderson,487.0,France,M,24.0,7.0,133628.09,2.0,1.0,1.0,98570.01,0.0
15609254.0,Fernandez,513.0,,F,41.0,9.0,107135.04,2.0,1.0,1.0,160546.58,0.0
15625141.0,Porter,563.0,Spain,M,26.0,7.0,0.0,2.0,0.0,,,0.0
15810898.0,Pan,803.0,France,F,65.0,2.0,151659.52,2.0,0.0,1.0,6930.17,0.0
15775797.0,Esposito,607.0,Spain,F,32.0,7.0,0.0,3.0,0.0,1.0,10674.62,0.0
15795246.0,Kaeppel,628.0,Germany,F,51.0,9.0,155903.82,2.0,1.0,1.0,71159.84,0.0
15795275.0,Lamb,521.0,Spain,F,49.0,4.0,82940.25,2.0,0.0,0.0,62413.01,1.0
15571869.0,Lei,669.0,Germany,F,50.0,4.0,112650.89,1.0,0.0,0.0,166386.22,1.0
,,686.0,France,F,41.0,,0.0,1.0,1.0,0.0,,0.0
15748231.0,Hargreaves,700.0,Germany,,nan,,95853.39,2.0,1.0,0.0,,0.0
15632185.0,,663.0,France,F,42.0,1.0,nan,2.0,,0.0,71359.78,0.0
15806249.0,Kerr,,Spain,F,31.0,4.0,0.0,2.0,0.0,1.0,79270.02,0.0
15743293.0,,651.0,Germany,F,nan,1.0,163700.78,3.0,1.0,1.0,29583.48,1.0
15598157.0,,728.0,France,M,34.0,4.0,nan,1.0,1.0,0.0,88680.65,0.0
15700946.0,Kolesnikova,574.0,France,F,34.0,7.0,152992.91,1.0,1.0,1.0,134691.2,0.0
15722692.0,Kazakova,464.0,France,M,38.0,3.0,nan,1.0,1.0,0.0,75574.48,0.0
15696506.0,MacDonald,604.0,Spain,M,27.0,9.0,nan,1.0,0.0,0.0,30252.3,0.0
15728823.0,Sharwood,836.0,Spain,F,37.0,10.0,0.0,2.0,1.0,0.0,,0.0
15808851.0,Bufkin,511.0,Germany,F,75.0,9.0,105609.17,1.0,0.0,1.0,105425.18,0.0
15675231.0,Nwankwo,518.0,France,F,nan,8.0,0.0,2.0,1.0,1.0,,
,Boniwell,756.0,France,M,67.0,4.0,0.0,3.0,1.0,1.0,93081.87,0.0
15706269.0,Willis,489.0,France,F,47.0,8.0,103894.38,2.0,,1.0,107625.46,0.0
15590078.0,Burns,622.0,Spain,,27.0,9.0,139834.93,1.0,1.0,1.0,152733.89,0.0
15776985.0,Kung,652.0,France,F,nan,6.0,nan,2.0,0.0,1.0,110421.31,0.0
,Howells,625.0,France,F,37.0,7.0,115895.42,1.0,1.0,0.0,48486.25,0.0
15782364.0,Bevan,521.0,Spain,F,39.0,3.0,146408.68,1.0,0.0,0.0,72993.67,0.0
15604093.0,Neitenstein,546.0,France,M,34.0,4.0,165363.31,,1.0,1.0,,1.0
15749328.0,Johnson,,France,F,45.0,1.0,0.0,2.0,1.0,0.0,46807.62,1.0
15656322.0,Sandover,571.0,Germany,M,33.0,3.0,nan,1.0,1.0,0.0,26772.04,0.0
15685564.0,Nnamutaezinwa,748.0,Spain,M,35.0,5.0,105492.53,1.0,1.0,1.0,150057.2,0.0
15785831.0,Sinclair,591.0,France,M,35.0,7.0,nan,1.0,1.0,1.0,56028.79,0.0
,Wei,814.0,Germany,M,29.0,,131968.57,2.0,1.0,1.0,147693.92,0.0
15716218.0,Higgins,709.0,France,F,45.0,3.0,104118.5,1.0,0.0,1.0,174032.0,0.0
,Chang,433.0,Spain,M,150,2.0,0.0,2.0,1.0,1.0,,0.0
15633840.0,Henderson,781.0,,M,nan,0.0,125023.1,2.0,1.0,1.0,,0.0
15608760.0,Cox,656.0,,F,30.0,4.0,74323.2,1.0,1.0,,22929.08,0.0
,Tsui,683.0,France,M,38.0,7.0,109346.13,2.0,1.0,0.0,102665.92,0.0
15792029.0,Lee,620.0,France,M,32.0,6.0,nan,,1.0,0.0,,0.0
15617331.0,Sergeyeva,637.0,Germany,F,39.0,,109698.41,1.0,1.0,1.0,88391.29,1.0
15651740.0,Napolitani,,Spain,F,30.0,5.0,-99999,2.0,0.0,1.0,,0.0
15636407.0,Beatham,793.0,Germany,F,34.0,5.0,127758.09,1.0,1.0,0.0,143357.03,
15607526.0,Lu,638.0,Germany,M,50.0,1.0,102645.48,1.0,1.0,,168359.98,1.0
15632576.0,Yashina,520.0,France,M,31.0,4.0,93249.4,1.0,,0.0,77335.75,0.0
15581505.0,Bales,,France,,35.0,5.0,0.0,2.0,1.0,0.0,,0.0
15612207.0,Hill,840.0,Germany,F,51.0,1.0,87779.83,1.0,0.0,1.0,36687.11,1.0
,Ibeamaka,504.0,Spain,M,nan,5.0,0.0,2.0,0.0,0.0,146703.36,0.0
15721937.0,Romilly,686.0,France,M,nan,,138131.34,1.0,0.0,1.0,115927.85,0.0
15773852.0,Hayes,533.0,Germany,M,38.0,4.0,70362.52,2.0,1.0,1.0,104189.46,0.0
15719778.0,Chiu,577.0,,F,32.0,1.0,0.0,2.0,,0.0,,0.0
15650538.0,Sun,445.0,,F,48.0,,168286.58,1.0,1.0,0.0,16645.77,1.0
15797475.0,Brennan,720.0,France,M,44.0,3.0,86102.27,1.0,1.0,0.0,180134.88,1.0
15780359.0,Storey,643.0,Germany,M,25.0,,115142.9,1.0,,1.0,148098.95,0.0
15737104.0,Lawson,652.0,Germany,F,47.0,0.0,126597.89,2.0,1.0,,38798.79,1.0
,T'ao,663.0,France,F,33.0,2.0,nan,2.0,1.0,0.0,153295.0,0.0
15709523.0,Yao,525.0,Germany,F,30.0,0.0,nan,2.0,1.0,1.0,100687.67,0.0
15593425.0,Bracewell,662.0,Spain,F,54.0,1.0,187997.15,1.0,0.0,0.0,111442.71,1.0
15776725.0,Kerr,724.0,Germany,M,54.0,8.0,172192.49,1.0,1.0,1.0,136902.01,0.0
15604706.0,Blake,581.0,Germany,M,38.0,1.0,133105.47,1.0,1.0,0.0,105732.9,1.0
15790958.0,Sanders,685.0,Spain,M,38.0,4.0,nan,2.0,1.0,1.0,35884.91,0.0
,Torkelson,595.0,France,M,46.0,10.0,0.0,1.0,1.0,0.0,73489.15,1.0
15574237.0,Hsueh,588.0,France,F,21.0,8.0,0.0,2.0,1.0,1.0,110114.19,0.0
15690332.0,Wang,647.0,Germany,M,35.0,3.0,nan,1.0,1.0,1.0,40145.28,0.0
15661290.0,Hightower,785.0,Germany,F,38.0,9.0,107199.75,,0.0,0.0,,0.0
15651883.0,Genovesi,794.0,Germany,F,55.0,6.0,115796.7,1.0,1.0,0.0,160526.36,1.0
15808905.0,Levan,823.0,France,M,37.0,5.0,164858.18,1.0,1.0,1.0,,0.0
15715532.0,Lai,687.0,Germany,M,38.0,4.0,117633.28,,0.0,1.0,88396.6,0.0
15786078.0,Loginov,850.0,France,F,28.0,9.0,0.0,2.0,1.0,0.0,185821.41,0.0
15652401.0,Lafleur,496.0,France,F,36.0,7.0,0.0,2.0,0.0,,108098.28,0.0
15673074.0,Obidimkpa,527.0,Germany,F,30.0,6.0,126663.51,1.0,1.0,1.0,162267.91,0.0
,Ch'ang,576.0,Germany,F,71.0,6.0,140273.47,1.0,1.0,1.0,193135.25,1.0
,Mason,525.0,Spain,F,60.0,7.0,0.0,2.0,0.0,1.0,,0.0
15613180.0,Miranda,727.0,Germany,M,21.0,8.0,153344.72,1.0,,1.0,163295.87,
15584229.0,Simon,671.0,Germany,F,23.0,9.0,123943.18,1.0,1.0,1.0,159553.27,0.0
15773804.0,Golubeva,625.0,France,M,39.0,5.0,nan,1.0,1.0,0.0,99800.87,0.0
15699515.0,Manfrin,643.0,Germany,M,33.0,7.0,98630.31,2.0,1.0,1.0,40250.82,0.0
15705313.0,,707.0,France,F,33.0,2.0,58036.33,1.0,1.0,1.0,83335.78,0.0
15693817.0,Ferrari,539.0,Spain,M,28.0,5.0,0.0,2.0,1.0,0.0,,0.0
15673790.0,Taylor,498.0,Germany,M,45.0,,109200.74,2.0,0.0,1.0,165990.44,0.0
15674868.0,Wei,696.0,Spain,F,30.0,0.0,nan,2.0,1.0,1.0,9002.8,0.0
15692110.0,,758.0,France,F,33.0,7.0,0.0,1.0,1.0,0.0,,0.0
15645904.0,Parsons,685.0,France,F,33.0,6.0,0.0,2.0,0.0,1.0,186785.01,0.0
15581332.0,Pan,655.0,Germany,F,nan,1.0,83173.98,2.0,1.0,,184259.6,0.0
15808544.0,,747.0,,F,40.0,3.0,0.0,1.0,0.0,0.0,57817.84,1.0
,Igwebuike,601.0,Spain,M,24.0,,0.0,2.0,0.0,0.0,144660.42,
15654531.0,,477.0,France,,22.0,5.0,82559.42,2.0,0.0,0.0,163112.9,1.0
,Fraser,558.0,France,M,32.0,5.0,73494.21,1.0,0.0,0.0,,0.0
15677141.0,Turnbull,586.0,Spain,M,29.0,2.0,132450.24,1.0,1.0,1.0,36176.63,0.0
15739578.0,Chiazagomekpere,850.0,France,M,49.0,,128663.9,1.0,1.0,0.0,65769.3,1.0
15697360.0,,505.0,France,F,nan,2.0,79951.9,1.0,0.0,1.0,174123.16,1.0
15655213.0,Udinese,,,F,51.0,8.0,132508.3,1.0,1.0,1.0,161304.68,1.0
15580872.0,Chinweike,761.0,Germany,F,38.0,1.0,120530.13,2.0,1.0,0.0,109394.62,0.0
15683213.0,Bergamaschi,,France,F,35.0,10.0,-99999,2.0,0.0,1.0,190155.13,0.0
15801188.0,Milliner,774.0,France,F,47.0,6.0,94722.88,1.0,0.0,1.0,61450.96,0.0
15645029.0,Knowles,771.0,Spain,F,150,5.0,0.0,2.0,1.0,0.0,8673.43,0.0
15633181.0,Swinton,792.0,France,M,31.0,6.0,71269.89,2.0,0.0,1.0,,0.0
15598259.0,Gregory,673.0,Germany,F,41.0,9.0,98612.1,1.0,1.0,0.0,151349.35,0.0
15576000.0,Chibueze,765.0,France,M,40.0,6.0,nan,1.0,1.0,1.0,67972.45,0.0
,Sukhorukova,748.0,France,F,41.0,2.0,91621.69,1.0,1.0,1.0,71139.31,0.0
15596339.0,French,422.0,,M,54.0,3.0,-99999,1.0,0.0,1.0,86350.97,0.0
15715199.0,Estrada,568.0,Spain,M,27.0,,126815.97,,0.0,1.0,,0.0
15615938.0,Fleming,502.0,France,F,nan,3.0,139663.37,1.0,0.0,1.0,100995.11,0.0
15679991.0,Kennedy,524.0,France,F,28.0,7.0,0.0,2.0,0.0,1.0,147100.72,0.0
15626135.0,,689.0,,M,34.0,1.0,165312.27,1.0,1.0,0.0,155495.63,0.0
,Carruthers,661.0,France,M,26.0,8.0,0.0,2.0,,0.0,196875.87,0.0
15744046.0,Andrejew,606.0,Spain,M,33.0,8.0,nan,2.0,1.0,1.0,63176.77,0.0
15700826.0,Ko,678.0,Germany,F,54.0,1.0,123699.28,2.0,0.0,1.0,105221.76,0.0
15756301.0,Daniels,636.0,Germany,F,29.0,3.0,97325.15,1.0,0.0,1.0,131924.38,0.0
15586517.0,Toscano,,France,M,32.0,5.0,97041.16,1.0,1.0,1.0,23132.73,0.0
15751297.0,Wilson,732.0,France,,36.0,5.0,0.0,,1.0,0.0,161428.25,0.0
15710365.0,Thomson,646.0,France,,nan,0.0,nan,2.0,1.0,0.0,181794.86,1.0
15679307.0,Kazantseva,559.0,,F,43.0,1.0,0.0,1.0,0.0,1.0,86634.3,0.0
,Cremonesi,581.0,France,,28.0,3.0,104367.5,1.0,1.0,1.0,29937.75,0.0
15811036.0,Ferri,565.0,France,M,46.0,7.0,135369.71,1.0,0.0,1.0,140130.22,0.0
15610912.0,Ferri,657.0,Spain,F,nan,6.0,-99999,1.0,1.0,,17536.82,0.0
15619932.0,Lombardi,847.0,France,M,66.0,7.0,123760.68,1.0,0.0,1.0,53157.16,0.0
15746199.0,Eluemuno,558.0,France,F,41.0,6.0,0.0,1.0,1.0,1.0,143585.29,1.0
15584967.0,Chiganu,596.0,,M,nan,6.0,0.0,2.0,1.0,1.0,72402.0,0.0
15734365.0,Hsueh,579.0,,M,nan,5.0,0.0,2.0,0.0,1.0,39891.84,0.0
15726960.0,O'Brien,741.0,France,,36.0,3.0,0.0,2.0,1.0,1.0,89804.83,0.0
15665177.0,Booth,613.0,France,M,44.0,3.0,0.0,,0.0,1.0,136491.72,0.0
15779915.0,O'Loghlin,,Spain,M,nan,5.0,nan,1.0,1.0,0.0,35593.18,0.0
15729110.0,Lavrov,729.0,Spain,F,42.0,7.0,0.0,2.0,1.0,0.0,58268.2,1.0
15575399.0,Somadina,480.0,France,F,42.0,1.0,152160.21,2.0,,0.0,101778.9,
,Colombo,666.0,France,F,59.0,5.0,0.0,2.0,,1.0,,0.0
15792679.0,Troupe,575.0,France,M,24.0,2.0,0.0,2.0,1.0,,119927.81,0.0
15668767.0,Kenenna,850.0,France,M,nan,3.0,0.0,2.0,1.0,0.0,195033.07,
,Franklin,740.0,France,M,36.0,4.0,nan,1.0,1.0,1.0,86480.29,0.0
15583076.0,,588.0,Germany,M,41.0,6.0,nan,2.0,1.0,,198766.61,0.0
15815615.0,,681.0,France,M,150,5.0,141952.07,1.0,1.0,1.0,185144.08,
15591942.0,Zito,611.0,Spain,F,33.0,7.0,0.0,,1.0,1.0,,0.0
15724924.0,Giordano,589.0,France,F,37.0,6.0,138497.84,1.0,0.0,1.0,18988.58,0.0
15762123.0,Davide,717.0,Spain,F,150,,0.0,2.0,1.0,0.0,119313.74,0.0
15567893.0,Lei,556.0,Germany,M,33.0,3.0,124213.36,2.0,1.0,0.0,62627.55,0.0
15648989.0,Moss,850.0,France,M,37.0,4.0,-99999,1.0,1.0,0.0,197266.58,0.0
15662021.0,Lucciano,685.0,Spain,F,42.0,2.0,0.0,2.0,0.0,0.0,,0.0
15691627.0,Tai,713.0,France,F,37.0,8.0,0.0,1.0,1.0,1.0,16403.41,0.0
15731751.0,,437.0,France,F,26.0,1.0,120923.52,1.0,0.0,1.0,78854.57,
15635277.0,Coates,605.0,,M,47.0,7.0,142643.54,1.0,1.0,0.0,,0.0
15655252.0,Larionova,758.0,Germany,M,41.0,10.0,79857.64,1.0,1.0,1.0,,0.0
,Seleznev,600.0,France,M,46.0,10.0,95502.21,1.0,0.0,0.0,19842.18,0.0
15714380.0,Butcher,827.0,France,M,38.0,5.0,0.0,2.0,0.0,0.0,103305.01,0.0
,Gould,608.0,Germany,,23.0,8.0,197715.93,2.0,1.0,1.0,116124.28,0.0
15799998.0,Cunningham,608.0,France,,150,,85859.76,1.0,0.0,0.0,,0.0
15703763.0,Sanderson,554.0,France,M,nan,,nan,1.0,1.0,1.0,58076.52,0.0
15795640.0,Mai,,Germany,F,150,1.0,nan,2.0,0.0,0.0,186123.57,0.0
15780056.0,Reid,660.0,Spain,M,nan,4.0,nan,1.0,1.0,0.0,29664.45,0.0
15777873.0,,628.0,France,F,31.0,5.0,0.0,1.0,0.0,0.0,,1.0
15584749.0,Humphries,668.0,Germany,M,39.0,4.0,79896.0,1.0,1.0,0.0,38466.39,0.0
15765258.0,,,France,F,nan,5.0,0.0,2.0,1.0,1.0,143301.49,0.0
15623346.0,Czajkowski,820.0,France,M,36.0,4.0,0.0,2.0,,0.0,31422.69,0.0
15614054.0,,665.0,France,M,36.0,1.0,0.0,2.0,0.0,1.0,121505.61,0.0
15766185.0,She,850.0,Germany,M,31.0,4.0,146587.3,1.0,1.0,1.0,89874.82,0.0
,Birdseye,703.0,France,F,42.0,7.0,0.0,2.0,,1.0,72500.68,0.0
15599024.0,Hope,506.0,Spain,M,150,,0.0,2.0,0.0,,182692.8,0.0
15798709.0,Gill,588.0,Spain,M,32.0,,109109.33,1.0,0.0,1.0,4993.94,0.0
15741921.0,Moon,622.0,Spain,F,26.0,8.0,0.0,2.0,,1.0,124964.82,0.0
15793671.0,Watt,606.0,France,M,34.0,5.0,0.0,1.0,1.0,,,0.0
15797900.0,Chinomso,517.0,France,M,56.0,9.0,142147.32,1.0,0.0,0.0,39488.04,1.0
15667932.0,Bellucci,758.0,Spain,F,nan,10.0,0.0,2.0,,1.0,55313.44,0.0
15795933.0,Barese,677.0,France,F,49.0,3.0,0.0,2.0,1.0,1.0,187811.71,0.0
15660403.0,Fleming,827.0,Spain,F,35.0,,-99999,2.0,0.0,1.0,184514.01,
15736299.0,Bell,729.0,France,F,36.0,8.0,109106.8,1.0,0.0,0.0,121311.12,0.0
15759034.0,Li Fonti,654.0,France,M,36.0,,112262.84,1.0,1.0,,12873.39,
15724663.0,Christmas,654.0,Spain,F,36.0,5.0,0.0,2.0,0.0,0.0,,0.0
15594556.0,Chuter,619.0,,M,52.0,8.0,0.0,2.0,1.0,1.0,123242.11,0.0
15737169.0,Johnson,642.0,Spain,,26.0,8.0,144238.7,1.0,1.0,1.0,,0.0
15632472.0,Scott,472.0,Spain,F,32.0,1.0,159397.75,1.0,0.0,1.0,57323.18,0.0
15722813.0,Byrne,470.0,Spain,M,nan,,125385.01,1.0,,0.0,68293.93,0.0
15588450.0,Chukwudi,633.0,France,,60.0,8.0,69365.25,1.0,1.0,1.0,10288.24,0.0
15736717.0,Ma,602.0,,M,31.0,7.0,155271.83,1.0,1.0,,179446.31,0.0
15680683.0,Simmons,,Spain,,29.0,,197200.04,2.0,,0.0,141453.62,0.0
15710316.0,Fang,454.0,Spain,F,48.0,5.0,144837.79,1.0,,1.0,,0.0
15746333.0,Blake,562.0,France,,57.0,3.0,0.0,3.0,1.0,0.0,6554.97,1.0
15606861.0,Tien,636.0,France,,34.0,8.0,0.0,2.0,1.0,,38570.13,0.0
15641285.0,Yusupova,,Spain,M,50.0,3.0,163085.79,1.0,0.0,1.0,131048.36,0.0
15662908.0,Davidson,795.0,Germany,M,38.0,7.0,125903.22,2.0,1.0,1.0,,0.0
15814267.0,Zhdanova,550.0,France,M,22.0,6.0,154377.3,,1.0,1.0,51721.52,0.0
15614923.0,Nielson,630.0,Spain,M,41.0,7.0,107511.52,,0.0,1.0,46156.87,0.0
15579223.0,Niu,573.0,Germany,M,30.0,8.0,127406.5,1.0,1.0,0.0,192950.6,0.0
,,561.0,Spain,M,24.0,8.0,-99999,1.0,0.0,1.0,180932.46,
15677087.0,Green,662.0,France,F,39.0,5.0,138106.75,1.0,0.0,0.0,19596.73,0.0
15665784.0,She,637.0,France,M,nan,9.0,128940.24,1.0,1.0,0.0,46786.92,0.0
15576706.0,Ajuluchukwu,,Germany,M,37.0,9.0,114453.58,1.0,,1.0,175820.91,0.0
15615473.0,Sabbatini,646.0,France,F,150,2.0,-99999,2.0,0.0,0.0,198208.0,0.0
,Board,567.0,France,F,48.0,3.0,0.0,1.0,,0.0,55362.45,0.0
,Leckie,,France,M,41.0,1.0,131762.94,1.0,1.0,1.0,47675.29,0.0
15784491.0,Ho,725.0,France,F,nan,6.0,0.0,1.0,,0.0,61326.43,0.0
15809999.0,Gordon,709.0,France,F,41.0,3.0,150300.65,2.0,1.0,0.0,71672.86,0.0
15681115.0,,,Spain,M,39.0,10.0,108935.39,1.0,,,101168.3,0.0
15629390.0,Liao,653.0,,M,37.0,,135847.47,1.0,1.0,0.0,144880.81,0.0
15792668.0,Hamilton,,Germany,,37.0,,109908.06,,1.0,0.0,115037.67,1.0
15583863.0,Chimaobim,681.0,,M,49.0,8.0,142946.18,1.0,0.0,0.0,187280.51,1.0
15681878.0,Fan,436.0,Germany,M,45.0,3.0,-99999,,1.0,1.0,183540.22,1.0
15782875.0,Cayley,663.0,France,M,33.0,5.0,157274.36,2.0,1.0,1.0,28531.81,0.0
15732235.0,,662.0,France,M,64.0,0.0,98848.19,,,1.0,42730.12,0.0
15735909.0,McDonald,607.0,Germany,F,39.0,8.0,105103.33,1.0,1.0,0.0,104721.5,1.0
15653448.0,Duncan,754.0,France,M,34.0,7.0,0.0,2.0,1.0,1.0,,0.0
15587647.0,Browne,,Germany,F,66.0,0.0,127120.62,1.0,0.0,,118929.64,1.0
15701037.0,Barton,578.0,,M,39.0,2.0,0.0,2.0,1.0,0.0,70563.9,0.0
15727499.0,Boyle,666.0,Germany,F,36.0,3.0,129118.5,2.0,0.0,0.0,139435.12,0.0
15724838.0,Moretti,599.0,France,F,43.0,4.0,0.0,1.0,1.0,0.0,170347.1,0.0
15666711.0,Ukaegbulam,586.0,France,,46.0,0.0,0.0,3.0,0.0,1.0,131553.82,
15588933.0,Nwankwo,825.0,France,F,36.0,3.0,146053.66,1.0,1.0,1.0,138344.7,0.0
15763111.0,Niu,808.0,,F,67.0,10.0,124577.15,1.0,0.0,1.0,169894.4,0.0
15805676.0,Hsu,515.0,,M,29.0,4.0,nan,,1.0,0.0,9770.97,0.0
,Shaw,663.0,Spain,F,58.0,5.0,216109.88,1.0,0.0,1.0,74176.71,1.0
15744553.0,Ho,444.0,France,M,34.0,2.0,144318.97,1.0,1.0,0.0,112668.06,0.0
15776629.0,Christie,650.0,France,F,39.0,4.0,-99999,2.0,0.0,0.0,186275.7,0.0
15647207.0,Onwuemelie,609.0,France,M,26.0,7.0,0.0,2.0,1.0,0.0,98463.99,0.0
15715638.0,Ch'ang,824.0,Germany,M,77.0,3.0,27517.15,,0.0,1.0,2746.41,0.0
15750602.0,Clendinnen,662.0,France,M,29.0,5.0,-99999,1.0,1.0,0.0,10928.3,0.0
15766810.0,Onyemauchechi,699.0,Germany,F,150,2.0,92246.14,2.0,,1.0,91346.03,0.0
15756625.0,Crawford,752.0,France,F,41.0,8.0,0.0,2.0,,0.0,139844.04,1.0
15639552.0,Mellor,603.0,Germany,F,40.0,,148897.02,1.0,0.0,0.0,105052.9,0.0
15633213.0,Rizzo,628.0,Spain,M,50.0,8.0,0.0,1.0,0.0,0.0,144366.83,1.0
15610416.0,Christie,745.0,France,F,36.0,9.0,nan,1.0,1.0,0.0,19605.18,1.0
15715208.0,Watkins,804.0,Germany,F,33.0,10.0,nan,1.0,1.0,1.0,80483.76,0.0
15619608.0,,454.0,Germany,F,50.0,10.0,92895.56,1.0,1.0,0.0,154344.0,1.0
15628697.0,Tung,631.0,Spain,M,46.0,9.0,160736.63,1.0,0.0,1.0,93503.02,0.0
15643826.0,McKay,503.0,France,M,32.0,4.0,nan,2.0,1.0,1.0,153036.97,0.0
15718588.0,Meng,548.0,France,F,150,9.0,0.0,2.0,0.0,0.0,98029.58,0.0
15709741.0,,,,M,28.0,4.0,107141.27,1.0,1.0,0.0,193018.71,0.0
15723318.0,Mactier,619.0,France,F,55.0,0.0,0.0,3.0,0.0,0.0,60810.64,1.0
15717328.0,,842.0,France,F,37.0,4.0,132446.08,2.0,1.0,0.0,87071.18,1.0
15771299.0,Nnachetam,707.0,France,F,57.0,,92053.0,1.0,1.0,1.0,164064.44,1.0
15706223.0,Barnes,715.0,Spain,M,38.0,2.0,96798.79,2.0,1.0,1.0,4554.67,0.0
15612358.0,Christie,573.0,Germany,M,35.0,9.0,134498.54,2.0,1.0,1.0,119924.8,0.0
,Lipton,509.0,France,M,55.0,8.0,132387.91,2.0,1.0,1.0,170360.11,0.0
15618816.0,Yu,670.0,,,40.0,2.0,147171.2,1.0,,1.0,,0.0
15730810.0,Storey,613.0,Spain,M,44.0,9.0,100524.69,1.0,1.0,,47298.95,0.0
,Read,678.0,France,F,26.0,1.0,nan,2.0,1.0,0.0,45443.68,0.0
15616213.0,Levy,555.0,Germany,F,51.0,9.0,138214.5,1.0,1.0,,198715.27,1.0
15611287.0,Chiu,777.0,France,F,nan,4.0,0.0,2.0,0.0,1.0,115611.97,0.0
15786454.0,Moore,,Spain,M,55.0,3.0,0.0,1.0,1.0,1.0,40333.94,0.0
15768682.0,Amies,640.0,Spain,M,39.0,3.0,0.0,1.0,,1.0,105997.25,0.0
15766172.0,Tsao,541.0,France,M,34.0,3.0,128743.55,1.0,1.0,0.0,134851.12,0.0
15637646.0,Rowley,756.0,France,M,31.0,10.0,122647.32,1.0,0.0,0.0,61666.87,
15653404.0,Aliyev,684.0,Spain,F,24.0,9.0,nan,1.0,0.0,1.0,,0.0
15690546.0,Riley,618.0,France,F,42.0,2.0,0.0,4.0,0.0,0.0,111097.39,1.0
15735636.0,Toscano,604.0,France,,53.0,,121389.78,1.0,1.0,1.0,48201.64,1.0
15605424.0,,624.0,Spain,M,38.0,7.0,123906.55,1.0,1.0,0.0,135096.78,0.0
15568449.0,Fu,661.0,Spain,,nan,7.0,143006.7,1.0,1.0,1.0,15650.89,0.0
15688085.0,Warner,627.0,Spain,F,28.0,3.0,-99999,,0.0,1.0,,0.0
,Fleming,812.0,Spain,M,38.0,3.0,127117.8,2.0,1.0,1.0,,0.0
15659567.0,Ch'iu,473.0,France,F,39.0,9.0,117103.26,2.0,1.0,1.0,85937.52,1.0
,Langler,717.0,Spain,M,36.0,2.0,102989.83,2.0,0.0,1.0,49185.57,0.0
15624975.0,Angelo,693.0,Spain,M,28.0,1.0,nan,1.0,0.0,1.0,,0.0
15660878.0,T'ien,705.0,France,M,92.0,1.0,126076.24,2.0,1.0,1.0,34436.83,0.0
15586557.0,Milani,661.0,France,M,41.0,5.0,0.0,1.0,0.0,1.0,88279.6,
15746183.0,Pye,573.0,France,F,27.0,4.0,0.0,2.0,1.0,1.0,157549.6,0.0
15631457.0,Asher,639.0,France,M,37.0,5.0,98186.7,1.0,0.0,1.0,173386.95,0.0
15754053.0,Chung,718.0,France,F,67.0,7.0,0.0,3.0,1.0,1.0,82782.08,
15645839.0,Yudin,570.0,France,M,37.0,,nan,1.0,1.0,1.0,187758.5,0.0
15689955.0,Arcuri,461.0,France,F,40.0,7.0,0.0,2.0,1.0,0.0,176547.8,0.0
15593510.0,Capon,638.0,Germany,F,33.0,5.0,129335.65,1.0,1.0,1.0,56585.2,1.0
15654964.0,Piccio,608.0,Spain,M,150,7.0,75801.74,1.0,1.0,0.0,125762.95,0.0
15594039.0,Lung,599.0,Spain,M,42.0,6.0,0.0,2.0,,0.0,113868.4,
15625929.0,Trevisan,762.0,France,,44.0,7.0,159316.64,1.0,0.0,0.0,24780.13,0.0
,John,662.0,France,F,38.0,2.0,96479.81,1.0,1.0,0.0,120259.41,0.0
15621818.0,Anayolisa,747.0,,M,29.0,7.0,117726.33,1.0,1.0,1.0,175398.34,0.0
15652700.0,Ritchie,539.0,France,M,39.0,6.0,0.0,2.0,1.0,1.0,86767.48,0.0
,Ch'eng,625.0,France,,43.0,4.0,122351.29,1.0,1.0,0.0,71216.6,
15569432.0,Macleod,656.0,France,F,48.0,9.0,0.0,2.0,1.0,1.0,85240.61,1.0
15751455.0,,469.0,France,,48.0,5.0,0.0,1.0,1.0,0.0,160529.71,1.0
15800583.0,,621.0,Spain,F,43.0,8.0,0.0,1.0,0.0,,,0.0
15770214.0,Bryant,754.0,France,F,27.0,7.0,0.0,2.0,1.0,0.0,144134.64,0.0
,Hackett,679.0,Germany,F,50.0,6.0,nan,2.0,1.0,1.0,184017.98,0.0
15587066.0,Kovaleva,535.0,France,,38.0,2.0,119272.29,1.0,,0.0,195896.59,1.0
15693752.0,Reed,487.0,France,,37.0,,0.0,,1.0,,126722.57,0.0
15714874.0,Major,850.0,France,,42.0,3.0,nan,2.0,,,176883.42,0.0
15657809.0,Lo,585.0,France,M,55.0,10.0,nan,3.0,,1.0,122960.98,1.0
15651955.0,Hanson,603.0,France,,nan,4.0,0.0,2.0,,1.0,9607.1,0.0
15570912.0,,728.0,Germany,F,32.0,9.0,127772.1,2.0,,1.0,152643.48,0.0
15640266.0,Windsor,621.0,Spain,M,41.0,5.0,104631.67,1.0,,1.0,95551.22,0.0
15652069.0,Calabrese,833.0,France,M,30.0,1.0,0.0,2.0,1.0,0.0,141860.62,0.0
15596074.0,Keating,502.0,France,M,37.0,10.0,0.0,1.0,1.0,1.0,76642.68,0.0
15800268.0,Costa,825.0,Germany,M,37.0,6.0,118050.79,1.0,0.0,1.0,52301.15,0.0
15809847.0,Tan,668.0,France,M,46.0,0.0,0.0,,0.0,0.0,29388.02,0.0
15599074.0,Ma,,Spain,F,40.0,6.0,136093.74,1.0,0.0,1.0,193408.43,0.0
15599591.0,Martin,600.0,Germany,F,39.0,7.0,nan,2.0,1.0,0.0,58632.37,
15776096.0,Halpern,606.0,Spain,M,34.0,,161572.24,1.0,0.0,1.0,191076.22,0.0
,Nyhan,623.0,Germany,M,nan,7.0,126608.37,1.0,0.0,1.0,645.61,1.0
15694098.0,Jackson,575.0,France,F,54.0,9.0,-99999,1.0,1.0,1.0,144390.75,0.0
15713347.0,Reynolds,577.0,Spain,M,150,6.0,179852.26,1.0,1.0,0.0,193580.32,0.0
15713094.0,Tai,651.0,France,F,25.0,8.0,0.0,2.0,1.0,,,0.0
15811978.0,,693.0,Germany,M,46.0,2.0,104763.41,1.0,1.0,,62368.33,0.0
15799925.0,Uwakwe,800.0,France,M,60.0,6.0,88541.57,2.0,1.0,1.0,131718.12,0.0
15692575.0,Kerr,760.0,France,M,38.0,6.0,162888.73,1.0,1.0,0.0,91098.76,1.0
15743149.0,Findlay,711.0,France,F,35.0,8.0,nan,1.0,1.0,1.0,67508.01,0.0
15776947.0,Ugorji,637.0,Spain,,150,,0.0,,,,,1.0
15700656.0,,662.0,France,M,32.0,9.0,0.0,2.0,,0.0,65089.38,0.0
15594515.0,Cheng,568.0,France,F,44.0,7.0,0.0,2.0,0.0,0.0,62370.67,1.0
15787884.0,Martin,692.0,France,F,30.0,7.0,0.0,2.0,1.0,1.0,,0.0
15577988.0,Skinner,614.0,France,F,35.0,1.0,0.0,2.0,1.0,,,0.0
,McDonald,478.0,France,M,35.0,1.0,92474.05,1.0,1.0,0.0,178626.07,0.0
15677739.0,Dellucci,562.0,France,M,nan,6.0,-99999,2.0,1.0,0.0,32845.32,0.0
15720134.0,Reynolds,709.0,,M,nan,9.0,115479.48,2.0,1.0,1.0,134732.99,0.0
,Birdsall,684.0,France,F,26.0,5.0,87098.91,1.0,0.0,0.0,106095.82,0.0
,,546.0,Germany,F,42.0,9.0,86351.85,2.0,1.0,0.0,57380.13,0.0
,Oguejiofor,779.0,France,F,42.0,5.0,0.0,2.0,0.0,0.0,25951.91,0.0
15605059.0,Mackie,,Germany,M,63.0,3.0,148843.56,1.0,,,69414.13,1.0
15568088.0,Jamieson,481.0,Germany,M,nan,3.0,nan,1.0,1.0,,96123.72,0.0
15665943.0,,445.0,France,M,25.0,6.0,nan,2.0,1.0,0.0,119425.94,0.0
15795571.0,Patterson,606.0,Spain,M,36.0,0.0,94153.56,1.0,0.0,1.0,120138.27,0.0
15662243.0,Taylor,559.0,France,M,50.0,5.0,162702.35,1.0,0.0,0.0,150548.5,1.0
15593128.0,Vinogradoff,608.0,,F,56.0,10.0,-99999,2.0,1.0,0.0,142492.04,1.0
15589739.0,North,698.0,France,M,41.0,3.0,90605.29,1.0,1.0,1.0,14357.0,0.0
15787602.0,Carter,568.0,Spain,M,39.0,5.0,0.0,2.0,,1.0,,0.0
15685019.0,Graham,528.0,France,M,29.0,3.0,102787.42,1.0,1.0,0.0,55972.56,0.0
,Noble,802.0,France,F,39.0,7.0,120145.96,2.0,0.0,1.0,59497.01,1.0
15605264.0,Walker,669.0,Germany,M,47.0,0.0,63723.78,2.0,1.0,1.0,,0.0
15708265.0,Chibugo,581.0,Spain,F,24.0,10.0,159203.71,1.0,1.0,,102517.83,1.0
15740264.0,Yobachi,640.0,France,M,38.0,9.0,0.0,,,0.0,88827.67,0.0
15615477.0,Ignatyeva,529.0,Spain,F,44.0,1.0,0.0,2.0,0.0,0.0,14161.3,0.0
15727361.0,Chiemela,547.0,France,F,51.0,1.0,0.0,2.0,1.0,1.0,56908.41,0.0
15760216.0,Pokrovskaya,,France,F,49.0,,0.0,1.0,1.0,0.0,184474.72,1.0
15806134.0,Storey,707.0,Germany,M,34.0,9.0,162691.16,2.0,1.0,0.0,94912.78,0.0
15601351.0,Moroney,735.0,,M,43.0,9.0,127806.91,1.0,1.0,1.0,73069.59,0.0
15669262.0,Maslov,765.0,France,M,43.0,9.0,157960.49,2.0,0.0,0.0,136602.8,0.0
15696989.0,Chukwueloka,469.0,Germany,F,52.0,8.0,139493.25,3.0,0.0,0.0,150093.32,1.0
15688498.0,,594.0,Germany,F,21.0,2.0,87096.82,,1.0,0.0,168186.11,0.0
15686964.0,Spence,675.0,France,F,34.0,10.0,84944.58,1.0,0.0,0.0,146230.63,0.0
15625035.0,Mills,703.0,France,M,50.0,8.0,160139.59,2.0,1.0,1.0,79314.1,0.0
15618391.0,Doyle,810.0,France,M,33.0,6.0,nan,2.0,1.0,1.0,77965.67,0.0
15591344.0,Donnelly,,Spain,,42.0,6.0,0.0,2.0,1.0,1.0,128745.69,0.0
15605455.0,Tai,664.0,France,M,40.0,9.0,0.0,2.0,,0.0,194767.3,0.0
15680804.0,Abbott,850.0,,M,29.0,6.0,0.0,,1.0,1.0,,0.0
,Perez,724.0,Germany,M,36.0,6.0,94615.11,2.0,1.0,1.0,10627.21,0.0
15685826.0,Hsiung,563.0,France,M,30.0,,90727.79,,1.0,0.0,122268.75,0.0
15793491.0,Cherkasova,714.0,Germany,M,26.0,3.0,-99999,2.0,1.0,0.0,65482.94,0.0
15797787.0,,614.0,France,M,36.0,,nan,1.0,1.0,0.0,146134.68,0.0
15611171.0,Fowler,740.0,France,M,33.0,1.0,129574.98,1.0,1.0,1.0,123300.38,
15601627.0,Siciliano,,France,M,33.0,8.0,148163.57,1.0,,0.0,122925.4,0.0
15734085.0,Crocker,465.0,Germany,M,24.0,5.0,117154.9,1.0,1.0,,127744.02,
15809309.0,Longo,689.0,Spain,F,nan,5.0,154251.67,1.0,0.0,1.0,118319.5,
15809462.0,Polyakova,656.0,,M,30.0,3.0,0.0,2.0,0.0,1.0,17104.0,
15634628.0,Brown,579.0,France,F,33.0,1.0,65667.79,2.0,0.0,0.0,164608.98,0.0
15775678.0,Uspensky,716.0,France,,44.0,1.0,nan,1.0,1.0,1.0,152108.47,0.0
15579526.0,O'Meara,,France,M,42.0,1.0,50194.59,1.0,1.0,1.0,23399.58,0.0
15779103.0,Cantamessa,527.0,,F,39.0,9.0,96748.89,,1.0,0.0,94711.43,0.0
15738715.0,Alexander,600.0,,,37.0,4.0,0.0,3.0,1.0,0.0,7312.25,1.0
15593943.0,Chinagorom,685.0,France,F,150,1.0,132667.17,1.0,1.0,1.0,41876.98,0.0
15754574.0,Tomlinson,738.0,Spain,M,36.0,5.0,0.0,2.0,1.0,1.0,,0.0
15737814.0,Lo,622.0,France,M,41.0,2.0,127087.06,1.0,1.0,0.0,102402.91,1.0
15670889.0,Nwachukwu,528.0,France,M,34.0,,125566.9,1.0,1.0,1.0,176763.27,0.0
15629299.0,Yang,546.0,Germany,F,52.0,1.0,106074.89,1.0,1.0,,23548.45,1.0
15771569.0,Bage,576.0,Germany,M,150,4.0,137367.94,1.0,1.0,1.0,,
15811927.0,Marcelo,733.0,France,,38.0,3.0,157658.36,1.0,0.0,0.0,19658.43,0.0
15785654.0,Ofodile,727.0,Germany,M,45.0,6.0,114422.85,2.0,,1.0,,1.0
15665524.0,Savage,605.0,Spain,M,nan,5.0,103154.66,1.0,,0.0,143203.78,0.0
15736287.0,Piccio,586.0,France,M,33.0,9.0,nan,1.0,1.0,0.0,6975.02,0.0
15765732.0,Simmons,,Spain,,24.0,6.0,149592.14,1.0,1.0,1.0,153771.8,
15797381.0,DeRose,593.0,Germany,F,48.0,3.0,-99999,2.0,1.0,1.0,85902.39,
15598536.0,Onuchukwu,736.0,Germany,F,26.0,0.0,84587.9,1.0,0.0,1.0,188037.76,0.0
15664506.0,Goodwin,675.0,Spain,M,32.0,8.0,nan,1.0,1.0,1.0,52710.7,0.0
15575619.0,Teakle,656.0,Spain,F,150,1.0,nan,1.0,1.0,1.0,17034.37,
15587394.0,Thomson,462.0,France,M,39.0,4.0,140133.08,2.0,0.0,0.0,131304.45,
15654457.0,Cross,685.0,Spain,F,30.0,2.0,0.0,3.0,1.0,1.0,172576.43,1.0
15762793.0,Jones,850.0,Germany,F,nan,0.0,136980.23,2.0,1.0,1.0,99019.65,0.0
15658067.0,Walker,636.0,Germany,F,48.0,3.0,120568.41,1.0,1.0,0.0,190160.04,1.0
,De Salis,850.0,France,F,27.0,7.0,43658.33,2.0,1.0,1.0,3025.49,0.0
15693088.0,Oliver,628.0,France,,37.0,,0.0,2.0,1.0,1.0,34689.77,0.0
15793883.0,,798.0,France,M,28.0,3.0,0.0,2.0,1.0,0.0,2305.27,0.0
15665283.0,Brookes,610.0,France,F,57.0,7.0,nan,4.0,0.0,1.0,113228.82,1.0
15680421.0,Challis,591.0,France,F,42.0,10.0,0.0,2.0,0.0,0.0,171099.22,0.0
15695148.0,Ibeabuchi,614.0,Spain,F,37.0,,0.0,2.0,1.0,1.0,,0.0
15636592.0,Iroawuchi,651.0,France,M,35.0,0.0,nan,2.0,0.0,1.0,36923.67,1.0
15772618.0,Tyler,,France,M,25.0,,90920.75,1.0,0.0,,112256.57,0.0
15724453.0,Fan,,,M,23.0,2.0,0.0,1.0,0.0,0.0,198830.98,0.0
15565878.0,,631.0,Spain,M,29.0,3.0,0.0,2.0,1.0,1.0,,0.0
15609160.0,Marsden,586.0,,M,32.0,,0.0,2.0,0.0,0.0,31635.99,0.0
15678460.0,Dodgshun,691.0,France,M,30.0,9.0,-99999,,,0.0,49594.02,0.0
,Maclean,639.0,France,M,35.0,,0.0,2.0,1.0,,170483.9,0.0
15606849.0,Blackall,,France,F,27.0,1.0,94920.71,1.0,1.0,,,0.0
15670738.0,Mazzanti,733.0,Germany,,45.0,2.0,113939.36,2.0,1.0,0.0,3218.71,0.0
15662641.0,Amadi,850.0,,M,nan,8.0,0.0,1.0,1.0,1.0,68569.89,0.0
,,618.0,France,,31.0,4.0,0.0,2.0,1.0,0.0,29176.04,0.0
15651020.0,Fiorentino,473.0,France,F,25.0,6.0,110666.42,2.0,0.0,0.0,46758.42,0.0
15673877.0,Murray,,France,M,39.0,1.0,0.0,3.0,1.0,0.0,171060.01,1.0
15760865.0,Fan,754.0,Germany,F,48.0,7.0,141819.02,1.0,1.0,0.0,93550.53,1.0
,Cartwright,649.0,France,F,56.0,,156974.26,1.0,1.0,0.0,89405.26,1.0
15657540.0,Cremonesi,,France,,50.0,5.0,151215.34,2.0,,,169804.4,0.0
15707441.0,White,690.0,Spain,M,26.0,8.0,116318.23,1.0,1.0,1.0,83253.05,0.0
15694765.0,Sabbatini,610.0,,M,49.0,6.0,nan,1.0,1.0,0.0,,1.0
15649086.0,Patterson,596.0,France,M,42.0,7.0,0.0,2.0,1.0,1.0,121568.37,0.0
15650488.0,Bromley,,,F,48.0,6.0,127253.98,1.0,1.0,1.0,92144.09,1.0
15760924.0,Doherty,575.0,Spain,M,41.0,2.0,100062.39,1.0,0.0,0.0,126307.25,0.0
15700263.0,Ifeatu,,France,M,66.0,2.0,0.0,1.0,1.0,0.0,130784.2,1.0
15806922.0,,674.0,Spain,F,41.0,4.0,126605.14,1.0,1.0,1.0,166694.93,0.0
15637522.0,Shubina,507.0,France,F,31.0,0.0,106942.08,1.0,0.0,1.0,44001.11,0.0
15636548.0,Lung,457.0,Spain,M,44.0,7.0,nan,2.0,0.0,0.0,185992.36,0.0
15566891.0,Kinder,584.0,Germany,F,41.0,3.0,88594.93,1.0,1.0,0.0,178997.89,0.0
15627185.0,Terry,744.0,Germany,M,29.0,6.0,123737.04,2.0,,0.0,,0.0
15754012.0,Shepherdson,687.0,France,F,35.0,1.0,110752.15,2.0,1.0,1.0,47921.22,0.0
15627514.0,Short,688.0,Spain,F,46.0,3.0,0.0,2.0,0.0,,104902.68,0.0
15661433.0,Zetticci,,France,M,34.0,5.0,0.0,,1.0,0.0,,0.0
,Belov,733.0,Spain,F,38.0,5.0,0.0,2.0,1.0,1.0,,0.0
15667002.0,Knight,666.0,Spain,M,43.0,5.0,0.0,2.0,1.0,0.0,29346.1,0.0
15709199.0,,511.0,Spain,F,40.0,1.0,0.0,1.0,1.0,1.0,184118.73,0.0
15710087.0,Nicholls,705.0,,F,54.0,,nan,3.0,1.0,,96013.5,1.0
,Hs?eh,544.0,,M,48.0,10.0,78314.63,3.0,1.0,1.0,103713.93,1.0
15784180.0,Ku,564.0,France,F,nan,7.0,206329.65,1.0,1.0,1.0,46632.87,1.0
15808849.0,T'ien,702.0,France,M,40.0,7.0,145536.9,1.0,0.0,1.0,135334.24,0.0
15751549.0,H?,,Germany,M,31.0,,nan,2.0,0.0,0.0,13482.28,0.0
15588235.0,Vasilieva,654.0,France,F,150,8.0,145081.73,1.0,1.0,,130075.07,
15640418.0,Omeokachie,649.0,Germany,F,41.0,4.0,115897.73,1.0,1.0,0.0,143544.48,0.0
15721116.0,,597.0,Spain,M,24.0,0.0,108058.07,2.0,1.0,1.0,187826.11,0.0
,Hopwood,782.0,France,M,33.0,7.0,191523.09,1.0,1.0,1.0,167058.75,0.0
15773394.0,Bergamaschi,644.0,,M,38.0,3.0,0.0,2.0,1.0,1.0,79928.41,0.0
15625713.0,Lindeman,679.0,Spain,F,39.0,7.0,nan,1.0,0.0,1.0,6075.36,0.0
15766417.0,McKinley,678.0,France,F,60.0,2.0,0.0,2.0,1.0,1.0,43821.56,0.0
15622578.0,Sergeyev,806.0,France,M,34.0,5.0,113958.55,1.0,,1.0,32125.98,0.0
15799924.0,Sanchez,668.0,Spain,M,43.0,1.0,147167.25,1.0,0.0,0.0,141679.73,0.0
15618363.0,Muomelu,659.0,Germany,M,nan,9.0,82916.48,1.0,1.0,1.0,84133.48,0.0
,,660.0,France,M,34.0,1.0,0.0,2.0,1.0,,9692.58,0.0
,Ibekwe,601.0,France,F,nan,5.0,0.0,1.0,0.0,0.0,20708.6,0.0
15804853.0,McVey,781.0,France,F,48.0,0.0,57098.96,1.0,1.0,,85644.06,
15651627.0,,628.0,,M,39.0,1.0,115341.19,1.0,,1.0,107674.3,1.0
15680685.0,Patterson,,France,M,30.0,3.0,-99999,1.0,0.0,0.0,134822.05,0.0
15808930.0,Mai,531.0,,F,37.0,,0.0,1.0,1.0,,4606.97,0.0
,Han,647.0,France,F,42.0,9.0,0.0,2.0,1.0,1.0,51362.82,0.0
15679961.0,Davidson,708.0,Spain,M,nan,7.0,68799.72,1.0,1.0,,39704.14,0.0
15705458.0,,550.0,Spain,M,39.0,2.0,116120.19,2.0,1.0,1.0,195638.13,0.0
15750396.0,McKissick,670.0,France,M,33.0,1.0,0.0,2.0,,1.0,,0.0
15679928.0,Horsfall,592.0,France,F,31.0,2.0,84102.11,,0.0,1.0,116385.24,0.0
,Clapp,589.0,,,50.0,4.0,0.0,2.0,,1.0,182076.97,0.0
15698324.0,Azikiwe,725.0,France,F,150,,0.0,1.0,1.0,1.0,67879.8,0.0
15807433.0,Zubarev,570.0,France,F,43.0,9.0,0.0,2.0,0.0,1.0,11417.26,0.0
15636590.0,Pisano,575.0,France,M,46.0,1.0,0.0,2.0,1.0,1.0,65998.26,0.0
,Coates,501.0,Germany,M,25.0,,104013.79,1.0,1.0,0.0,114774.35,0.0
15617206.0,Trentino,431.0,Germany,M,42.0,8.0,120822.86,2.0,1.0,0.0,126153.24,0.0
15603741.0,MacDonnell,719.0,Spain,M,nan,4.0,128389.12,1.0,,1.0,176091.31,0.0
15742607.0,Ermakov,850.0,Germany,M,36.0,7.0,102800.72,1.0,,,87352.43,0.0
15747821.0,K?,554.0,,F,31.0,6.0,135470.9,1.0,1.0,0.0,107074.81,0.0
15612043.0,,418.0,France,M,36.0,7.0,90145.04,1.0,1.0,1.0,69157.93,0.0
15809558.0,Peppin,715.0,Spain,M,150,7.0,0.0,1.0,1.0,1.0,149970.59,0.0
15803750.0,Ball,750.0,Spain,F,33.0,3.0,161801.47,1.0,0.0,1.0,153288.97,1.0
15704681.0,Yeh,766.0,Germany,M,37.0,2.0,99660.13,2.0,,1.0,147700.78,0.0
15667392.0,L?,652.0,Spain,,150,6.0,123081.84,2.0,1.0,,188657.97,0.0
15738889.0,Shih,658.0,France,M,42.0,8.0,102870.93,1.0,0.0,1.0,103764.55,1.0
15598838.0,Greco,659.0,,,37.0,1.0,151105.68,1.0,1.0,1.0,,0.0
15579109.0,,574.0,Germany,M,150,5.0,163856.76,1.0,1.0,1.0,15118.2,
15799042.0,Zaytseva,611.0,France,M,38.0,7.0,0.0,1.0,1.0,1.0,63202.0,0.0
15697042.0,Genovesi,738.0,Spain,M,35.0,,127290.61,1.0,1.0,0.0,16081.62,
15696605.0,Angelo,571.0,France,M,49.0,4.0,180614.04,1.0,0.0,0.0,523.0,0.0
15802274.0,Waters,686.0,France,F,44.0,7.0,55053.62,1.0,1.0,0.0,181757.19,0.0
15596808.0,,679.0,Spain,M,33.0,4.0,96110.22,1.0,1.0,0.0,1173.23,
15705403.0,Seleznyova,617.0,Spain,F,46.0,3.0,106521.49,1.0,0.0,1.0,,0.0
,Fontenot,673.0,France,M,nan,7.0,82255.51,2.0,1.0,0.0,109545.56,0.0
15581968.0,Reid,745.0,France,F,33.0,1.0,0.0,2.0,1.0,1.0,174431.01,0.0
15683892.0,,677.0,Germany,F,26.0,3.0,102395.79,1.0,1.0,0.0,119368.99,0.0
15595447.0,Tuan,613.0,Spain,M,39.0,8.0,-99999,1.0,1.0,,23315.59,0.0
15569249.0,Howarth,576.0,France,F,55.0,,44582.07,,0.0,1.0,67539.85,
15656188.0,Davis,584.0,Spain,F,150,5.0,0.0,2.0,1.0,1.0,185201.58,0.0
15689661.0,Gorbunov,663.0,France,,nan,,0.0,2.0,0.0,1.0,,0.0
15644934.0,Gentry,466.0,France,M,26.0,9.0,105522.06,1.0,1.0,0.0,10842.46,0.0
15721793.0,Chiu,510.0,Germany,F,50.0,7.0,123936.54,1.0,1.0,1.0,23768.01,0.0
15687413.0,Sunderland,619.0,Spain,F,38.0,6.0,0.0,2.0,1.0,1.0,117616.29,
15761286.0,Fan,696.0,Germany,F,66.0,,119499.42,2.0,1.0,1.0,174027.3,0.0
,Parry,,France,F,44.0,9.0,135814.7,,,0.0,115091.38,0.0
15706232.0,Niu,595.0,France,,52.0,9.0,0.0,1.0,1.0,1.0,106340.66,1.0
,Zuyev,659.0,Germany,M,150,8.0,106259.63,2.0,1.0,1.0,198103.32,0.0
15715643.0,Ijendu,662.0,France,M,44.0,,0.0,2.0,1.0,1.0,175314.87,0.0
15644856.0,Bird,556.0,Spain,M,38.0,,115463.16,1.0,1.0,0.0,150679.65,0.0
15785488.0,Palmer,701.0,Spain,F,150,9.0,0.0,2.0,1.0,1.0,110043.88,0.0
15711571.0,Y?,587.0,Spain,M,42.0,5.0,nan,1.0,1.0,0.0,194890.33,0.0
15778604.0,,571.0,France,F,47.0,,0.0,2.0,0.0,0.0,112366.98,0.0
15751180.0,,539.0,France,F,40.0,7.0,81132.21,1.0,1.0,0.0,167289.82,
15748360.0,Cocci,644.0,Germany,,34.0,10.0,122196.99,2.0,1.0,1.0,182099.71,
15770039.0,Kuo,572.0,Germany,,39.0,4.0,112290.22,1.0,,0.0,49373.97,1.0
15685096.0,Trevisani,753.0,,F,50.0,4.0,nan,2.0,1.0,1.0,861.4,0.0
15669501.0,Kuo,706.0,,M,35.0,5.0,0.0,2.0,1.0,1.0,81718.37,0.0
15622631.0,H?,588.0,France,M,44.0,8.0,154409.74,1.0,1.0,0.0,49324.03,1.0
15586699.0,Thomson,825.0,France,M,32.0,9.0,0.0,2.0,,0.0,9751.03,0.0
,Knorr,627.0,Spain,M,48.0,1.0,132759.8,1.0,1.0,0.0,78899.22,0.0
15577170.0,Manfrin,532.0,France,M,60.0,5.0,76705.87,,0.0,1.0,13889.73,0.0
,Hayes,764.0,France,F,44.0,1.0,0.0,2.0,1.0,1.0,11467.38,
15811877.0,Shao,700.0,France,F,36.0,,0.0,2.0,1.0,0.0,130789.15,0.0
15648725.0,Sinclair,660.0,France,M,41.0,3.0,0.0,2.0,1.0,1.0,108665.89,0.0
15752801.0,Bradshaw,518.0,Germany,M,29.0,,125961.74,2.0,1.0,0.0,,1.0
15808175.0,,557.0,France,F,39.0,7.0,49572.73,,1.0,0.0,115287.99,1.0
,,639.0,France,F,35.0,1.0,nan,2.0,1.0,1.0,139094.12,0.0
15589210.0,,,France,F,24.0,4.0,0.0,1.0,0.0,0.0,20515.72,
15696826.0,James,633.0,,F,32.0,1.0,104001.38,1.0,0.0,1.0,,0.0
15614962.0,Pavlova,623.0,Spain,F,50.0,2.0,87116.71,1.0,1.0,1.0,104382.11,0.0
15689061.0,Davey,611.0,France,M,nan,5.0,82547.11,2.0,1.0,1.0,146448.01,0.0
15640074.0,Barrett,666.0,Spain,F,47.0,5.0,0.0,1.0,0.0,0.0,166650.9,1.0
15776156.0,Dolgorukova,521.0,France,M,27.0,4.0,121325.84,,,1.0,164223.7,1.0
15739548.0,Johnson,775.0,France,M,nan,,111167.7,1.0,1.0,0.0,149331.01,0.0
15662854.0,Manna,681.0,Germany,M,48.0,5.0,139714.4,2.0,0.0,0.0,73066.72,0.0
15687688.0,Hou,564.0,Germany,F,nan,10.0,139875.2,,1.0,0.0,15378.23,0.0
15715750.0,Okeke,646.0,Germany,F,44.0,2.0,113063.83,,,0.0,53072.49,1.0
15571121.0,Kodilinyechukwu,670.0,France,F,50.0,,138340.06,1.0,0.0,1.0,3159.15,0.0
,Esposito,751.0,France,M,nan,1.0,114974.24,1.0,1.0,,125920.54,0.0
15660390.0,Boyle,544.0,France,F,33.0,6.0,0.0,2.0,1.0,1.0,124113.04,0.0
15663942.0,Hsiung,639.0,France,F,38.0,5.0,0.0,2.0,0.0,0.0,93716.38,0.0
15638610.0,Kennedy,635.0,Germany,F,65.0,5.0,117325.54,,1.0,0.0,155799.86,1.0
15644446.0,Norton,672.0,France,F,28.0,6.0,0.0,1.0,0.0,1.0,8814.69,0.0
15585892.0,Zakharov,639.0,France,F,35.0,8.0,nan,1.0,0.0,0.0,164453.98,0.0
15609356.0,Chimaraoke,697.0,France,F,25.0,1.0,0.0,,,0.0,87803.32,0.0
15803378.0,Small,850.0,Spain,M,44.0,8.0,0.0,2.0,1.0,1.0,183617.32,0.0
15599440.0,McGregor,748.0,,F,34.0,8.0,0.0,2.0,1.0,0.0,53584.03,0.0
15692408.0,Brown,463.0,Spain,F,35.0,2.0,-99999,2.0,1.0,1.0,1950.93,0.0
15683168.0,Frederickson,572.0,France,,30.0,,0.0,1.0,0.0,1.0,,0.0
15790254.0,Wood,,,M,50.0,1.0,78737.61,,1.0,1.0,13018.96,0.0
15767729.0,Smith,,Spain,M,25.0,5.0,182876.88,2.0,1.0,1.0,42537.59,1.0
15768600.0,Harris,805.0,Germany,M,50.0,9.0,130023.38,1.0,,0.0,62989.82,1.0
15699839.0,Hall,637.0,France,M,36.0,2.0,152606.82,1.0,1.0,,71692.8,0.0
15786237.0,Pickworth,651.0,France,M,28.0,7.0,0.0,2.0,1.0,0.0,823.96,0.0
15694530.0,Porter,672.0,France,M,28.0,4.0,nan,1.0,1.0,1.0,169469.3,0.0
,Storey,493.0,France,M,54.0,3.0,167831.88,2.0,1.0,0.0,,1.0
,Li,,Germany,M,29.0,9.0,144287.6,2.0,1.0,0.0,32063.3,0.0
15714087.0,McGill,624.0,Germany,F,45.0,5.0,151855.33,1.0,1.0,0.0,68794.15,0.0
15711446.0,Sinclair,,Spain,F,51.0,3.0,0.0,3.0,1.0,0.0,75084.96,1.0
15588123.0,Horton,677.0,France,F,nan,2.0,0.0,2.0,0.0,1.0,114685.92,0.0
15748552.0,Sal,464.0,Germany,M,37.0,4.0,155994.15,1.0,0.0,0.0,143665.44,0.0
15618410.0,Murray,718.0,Germany,M,26.0,7.0,147527.03,1.0,0.0,0.0,51099.56,0.0
15672432.0,Giles,594.0,France,,53.0,,0.0,1.0,1.0,0.0,5408.74,1.0
15610042.0,Brown,574.0,France,,33.0,8.0,100267.03,1.0,1.0,0.0,103006.27,0.0
15580914.0,Okechukwu,478.0,Spain,,48.0,0.0,83287.05,2.0,,1.0,44147.95,1.0
15583680.0,White,615.0,Spain,M,41.0,4.0,0.0,1.0,0.0,1.0,149278.96,0.0
,Kirillova,,Spain,M,45.0,4.0,0.0,2.0,0.0,0.0,193009.21,0.0
15767264.0,Lawson,465.0,Germany,M,53.0,1.0,nan,1.0,0.0,,74898.8,1.0
15686461.0,Sarratt,558.0,France,F,56.0,7.0,121235.05,2.0,1.0,1.0,116253.1,0.0
15678882.0,Hay,540.0,Germany,M,37.0,3.0,129965.18,1.0,0.0,0.0,19374.08,0.0
15789611.0,Lin,568.0,,M,46.0,8.0,nan,1.0,0.0,0.0,64516.8,1.0
15668679.0,Ozerova,630.0,France,M,31.0,0.0,0.0,2.0,1.0,,34475.14,0.0
15631685.0,Lambert,523.0,Germany,,60.0,1.0,163894.35,1.0,0.0,1.0,57061.71,0.0
15655658.0,Bulgakov,678.0,France,F,48.0,2.0,0.0,2.0,1.0,1.0,32301.88,0.0
15753591.0,He,438.0,France,M,38.0,2.0,0.0,2.0,1.0,0.0,136859.55,0.0
,Uchechukwu,544.0,France,M,44.0,1.0,0.0,2.0,0.0,0.0,69244.24,0.0
15704581.0,Robertson,595.0,Germany,M,nan,2.0,-99999,2.0,0.0,1.0,156309.52,0.0
15738487.0,Leworthy,678.0,France,M,26.0,3.0,0.0,2.0,1.0,,4989.33,0.0
15648069.0,Onyemachukwu,850.0,France,F,36.0,6.0,0.0,2.0,1.0,1.0,190194.95,0.0
15737627.0,Rivero,589.0,Germany,F,20.0,2.0,-99999,2.0,1.0,0.0,,0.0
15731586.0,Lai,785.0,Spain,F,31.0,2.0,121691.54,2.0,0.0,0.0,81778.72,0.0
15757467.0,Feng,563.0,Spain,M,57.0,6.0,0.0,2.0,1.0,1.0,39297.48,0.0
15597709.0,,,France,F,39.0,6.0,154121.32,2.0,1.0,0.0,176614.86,1.0
15720529.0,Schiavone,591.0,,M,29.0,6.0,0.0,2.0,1.0,1.0,108684.65,0.0
15596797.0,Barnet,643.0,Spain,M,43.0,1.0,nan,2.0,1.0,1.0,145764.4,0.0
15681755.0,Dennys,605.0,France,F,32.0,5.0,0.0,2.0,1.0,1.0,42135.28,0.0
15815271.0,Ritchie,755.0,Germany,M,43.0,6.0,165048.5,3.0,1.0,0.0,16929.41,1.0
,Lo,769.0,Spain,,38.0,6.0,0.0,2.0,0.0,0.0,104393.78,0.0
15621546.0,Yuriev,620.0,,,33.0,9.0,-99999,1.0,1.0,1.0,192717.57,0.0
15705918.0,,,France,M,31.0,8.0,0.0,2.0,1.0,1.0,59650.42,0.0
15684512.0,Gibson,818.0,Germany,F,72.0,8.0,135290.42,,1.0,1.0,63729.72,
15671769.0,Zikoranachidimma,624.0,France,F,71.0,,170252.05,3.0,1.0,1.0,73679.59,
15642934.0,Mason,669.0,Germany,F,nan,4.0,108269.2,2.0,1.0,0.0,174969.92,0.0
15594305.0,Rizzo,712.0,France,F,32.0,1.0,0.0,2.0,1.0,0.0,1703.58,0.0
15789201.0,,603.0,Germany,F,35.0,9.0,145623.36,1.0,1.0,0.0,163181.62,0.0
15706762.0,Ignatyev,597.0,France,F,41.0,4.0,145809.53,2.0,,1.0,,0.0
15766183.0,Ferguson,580.0,Germany,M,76.0,2.0,130334.84,2.0,1.0,1.0,51672.08,
15777994.0,Woods,718.0,France,F,39.0,3.0,0.0,2.0,1.0,1.0,145355.11,0.0
15568162.0,Sung,527.0,Spain,M,53.0,8.0,-99999,1.0,1.0,1.0,51711.57,
15680643.0,Lo,729.0,Spain,F,42.0,1.0,0.0,2.0,1.0,1.0,149535.97,0.0
15761854.0,Burn,746.0,France,F,24.0,4.0,0.0,,0.0,,94105.0,0.0
15730793.0,Russell,699.0,Germany,,54.0,3.0,111009.32,1.0,1.0,1.0,155905.79,1.0
15692137.0,Jen,759.0,France,,46.0,2.0,0.0,1.0,1.0,1.0,138380.11,0.0
15608595.0,Lo Duca,748.0,France,F,39.0,3.0,157371.54,1.0,0.0,1.0,97734.3,0.0
,Oluchi,698.0,Spain,F,63.0,5.0,0.0,1.0,1.0,,173576.71,0.0
15775750.0,Yao,686.0,France,M,nan,9.0,134560.62,1.0,1.0,0.0,27596.39,0.0
15585855.0,Gould,679.0,France,M,40.0,1.0,0.0,1.0,1.0,1.0,16897.19,0.0
15752139.0,Salter,682.0,Germany,M,36.0,5.0,nan,2.0,1.0,0.0,36895.99,0.0
15768295.0,Warner,778.0,France,F,150,7.0,109564.1,1.0,0.0,1.0,113046.81,
15766906.0,Salier,742.0,France,F,25.0,4.0,132116.13,2.0,1.0,0.0,129933.5,0.0
15725776.0,Lazar,649.0,Germany,M,150,7.0,101195.23,1.0,0.0,0.0,133091.32,0.0
15682576.0,Onyenachiya,763.0,France,M,67.0,1.0,149436.73,2.0,0.0,1.0,106282.74,0.0
,Findlay,595.0,Germany,M,30.0,9.0,130682.11,2.0,1.0,1.0,,0.0
15719940.0,Gibbons,628.0,Germany,F,51.0,10.0,-99999,2.0,0.0,0.0,12628.61,1.0
15672894.0,McCawley,625.0,France,F,nan,8.0,129944.39,2.0,0.0,0.0,198914.8,0.0
15667451.0,Taylor,733.0,France,M,36.0,5.0,0.0,2.0,1.0,1.0,109127.54,0.0
15636767.0,Yang,665.0,Spain,,32.0,10.0,0.0,1.0,,1.0,22487.45,0.0
15571415.0,Okwudiliolisa,,Germany,M,56.0,6.0,151802.29,1.0,1.0,0.0,46791.09,1.0
15575605.0,Napolitano,725.0,France,M,38.0,6.0,nan,2.0,1.0,,158697.28,0.0
15649160.0,Vavilov,,France,F,38.0,3.0,nan,,1.0,1.0,194138.36,0.0
15615832.0,Teague,675.0,Spain,F,35.0,8.0,155621.08,1.0,0.0,,35177.31,0.0
15600975.0,,556.0,France,F,54.0,4.0,150005.38,1.0,1.0,0.0,157015.5,
15690772.0,Hughes,635.0,Spain,F,48.0,2.0,0.0,2.0,1.0,1.0,136551.25,
15565714.0,Cattaneo,601.0,,M,47.0,1.0,64430.06,,0.0,1.0,96517.97,0.0
15763108.0,Davis,600.0,Germany,,53.0,7.0,106261.63,1.0,1.0,0.0,93629.66,1.0
15723884.0,Nekrasova,758.0,Spain,,40.0,3.0,0.0,,0.0,,96097.65,0.0
15644453.0,Loggia,606.0,Germany,F,41.0,4.0,132670.53,1.0,1.0,0.0,156476.36,1.0
15655464.0,Combes,640.0,France,F,67.0,3.0,0.0,1.0,0.0,1.0,,0.0
15783883.0,Onwuka,753.0,Germany,F,38.0,1.0,117314.92,,,0.0,,1.0
,Kharlamov,559.0,Spain,M,38.0,3.0,nan,1.0,1.0,0.0,56311.39,1.0
15664793.0,Scott,754.0,Spain,F,50.0,7.0,-99999,2.0,0.0,1.0,150685.52,
,Lettiere,621.0,Germany,M,51.0,4.0,109978.83,1.0,0.0,0.0,177740.58,
15756538.0,Osonduagwuike,654.0,France,,37.0,5.0,0.0,1.0,0.0,1.0,71492.28,0.0
15668830.0,Wan,650.0,Spain,M,24.0,8.0,108881.73,1.0,1.0,,104492.83,0.0
15796569.0,Donaldson,831.0,Spain,F,44.0,10.0,0.0,1.0,0.0,1.0,47729.33,0.0
15677112.0,Chukwufumnanya,519.0,France,M,39.0,2.0,112957.26,2.0,1.0,0.0,97593.16,0.0
15815040.0,Ma,552.0,,,42.0,,103362.14,1.0,0.0,1.0,186869.58,1.0
15590434.0,Alexander,577.0,Spain,M,41.0,4.0,89015.61,1.0,0.0,,135227.23,0.0
15597536.0,Nkemjika,576.0,Spain,M,45.0,5.0,133618.01,1.0,0.0,0.0,135244.87,0.0
15723989.0,Carroll,646.0,France,M,40.0,5.0,93680.43,2.0,1.0,1.0,179473.26,0.0
15767358.0,Obioma,711.0,,F,45.0,1.0,97486.15,2.0,1.0,0.0,50610.62,0.0
15594812.0,Campbell,806.0,Spain,F,37.0,2.0,137794.18,2.0,0.0,1.0,75232.02,0.0
15688210.0,Sims,670.0,France,F,39.0,8.0,101928.51,1.0,0.0,0.0,89205.54,0.0
15681509.0,McKay,679.0,Spain,F,28.0,9.0,nan,2.0,0.0,,61761.77,0.0
15572390.0,Huang,850.0,Spain,F,39.0,6.0,0.0,,1.0,0.0,103921.43,0.0
15801441.0,Campbell,670.0,Germany,,35.0,2.0,79585.96,1.0,0.0,,198802.9,0.0
15783859.0,Boni,733.0,France,F,24.0,3.0,161884.99,1.0,1.0,1.0,9617.24,0.0
15575243.0,Gorbunova,764.0,France,F,39.0,1.0,129068.54,2.0,,1.0,187905.12,0.0
15773421.0,Genovese,673.0,France,F,42.0,4.0,0.0,2.0,1.0,,121440.8,0.0
15788776.0,Landor,588.0,Germany,M,nan,6.0,132623.76,3.0,1.0,0.0,36292.94,1.0
15765257.0,Meng,,,M,31.0,5.0,121461.87,1.0,1.0,,20432.09,1.0
15661412.0,Wardell,715.0,,M,32.0,8.0,175307.32,1.0,1.0,,187051.23,0.0
15636478.0,Williams,621.0,France,,nan,7.0,136658.61,1.0,1.0,1.0,148689.13,0.0
15603683.0,Ofodile,796.0,Spain,F,23.0,3.0,146584.19,2.0,0.0,0.0,125445.8,0.0
15651868.0,Clark,672.0,France,M,nan,6.0,-99999,1.0,0.0,0.0,22736.06,0.0
15815443.0,Lo,527.0,Spain,F,46.0,,131414.76,1.0,1.0,0.0,54947.51,0.0
15682686.0,Chukwuemeka,722.0,,F,38.0,3.0,0.0,2.0,0.0,1.0,167984.72,0.0
15697460.0,Lai,596.0,Germany,M,34.0,4.0,99441.21,2.0,0.0,1.0,4802.27,0.0
15748432.0,Arcuri,746.0,France,F,32.0,4.0,0.0,2.0,1.0,1.0,72909.75,0.0
15698271.0,Graham,523.0,France,F,26.0,4.0,0.0,2.0,1.0,,185488.81,0.0
15808662.0,Krylov,624.0,France,M,44.0,3.0,0.0,,1.0,0.0,88407.51,0.0
15690372.0,,553.0,Spain,M,38.0,1.0,181110.13,,1.0,0.0,184544.59,
15781875.0,,850.0,Spain,M,33.0,3.0,100476.46,2.0,1.0,1.0,136539.13,0.0
,Moore,599.0,Germany,M,150,2.0,51949.95,,1.0,0.0,85045.92,0.0
15704509.0,Tan,492.0,France,M,35.0,8.0,121063.49,1.0,0.0,0.0,,0.0
15694666.0,Thornton,707.0,Spain,M,48.0,,88441.64,1.0,1.0,1.0,119903.2,1.0
15731166.0,,743.0,France,F,30.0,1.0,127023.39,1.0,1.0,1.0,138780.89,0.0
15728523.0,Rizzo,522.0,France,M,41.0,5.0,144147.68,,1.0,1.0,14789.9,0.0
15788442.0,Chukwukadibia,681.0,Spain,,57.0,2.0,173306.13,1.0,0.0,1.0,131964.66,0.0
15689781.0,Ts'ai,826.0,France,F,49.0,0.0,0.0,1.0,0.0,0.0,,1.0
15764226.0,Lu,630.0,Germany,F,28.0,8.0,106425.75,1.0,1.0,1.0,20344.84,0.0
15809837.0,Kent,430.0,Germany,F,66.0,6.0,135392.31,2.0,1.0,1.0,172852.06,1.0
15805212.0,Black,806.0,,F,67.0,1.0,0.0,,0.0,1.0,103945.58,0.0
,Chukwubuikem,703.0,Spain,M,39.0,6.0,152685.4,1.0,0.0,0.0,183656.12,0.0
15643056.0,McMillan,755.0,Germany,F,38.0,1.0,nan,1.0,0.0,1.0,10333.78,
15654859.0,Ngozichukwuka,612.0,Spain,F,63.0,2.0,131629.17,2.0,1.0,0.0,122109.58,1.0
15761158.0,,719.0,France,F,54.0,7.0,0.0,,1.0,1.0,125041.52,0.0
15577515.0,Sung,554.0,Germany,F,55.0,0.0,108477.27,1.0,0.0,,,1.0
15723827.0,Macartney,683.0,France,M,30.0,4.0,114779.35,1.0,0.0,0.0,,0.0
15646594.0,,749.0,France,M,41.0,5.0,57568.94,1.0,1.0,1.0,61128.29,0.0
15712877.0,Morley,724.0,Spain,M,nan,1.0,0.0,2.0,1.0,0.0,,0.0
15598802.0,Martin,770.0,Spain,M,30.0,8.0,0.0,2.0,0.0,1.0,,0.0
15699340.0,,680.0,France,M,37.0,,0.0,2.0,1.0,0.0,61240.87,0.0
15691150.0,Ku,699.0,France,F,32.0,4.0,110559.46,1.0,1.0,1.0,127429.56,0.0
15608688.0,Andreyeva,442.0,France,M,34.0,4.0,0.0,,1.0,0.0,,0.0
15737998.0,Cheng,529.0,France,M,150,8.0,0.0,1.0,,,,1.0
15735837.0,Hsia,574.0,,M,nan,3.0,0.0,2.0,1.0,1.0,,0.0
15659100.0,Lane,605.0,France,M,33.0,9.0,128152.82,,0.0,0.0,147822.81,0.0
15609070.0,Findlay,515.0,,M,45.0,7.0,120961.5,3.0,1.0,1.0,39288.11,1.0
15650313.0,Okonkwo,632.0,Germany,M,65.0,,129472.33,1.0,1.0,1.0,85179.48,
15627699.0,Pirogova,558.0,France,M,32.0,10.0,105000.23,1.0,1.0,0.0,190019.61,0.0
15591010.0,McDonald,434.0,Germany,M,55.0,8.0,109339.17,,1.0,0.0,96405.88,1.0
15798895.0,Okonkwo,525.0,France,F,59.0,6.0,55328.4,1.0,1.0,0.0,83342.73,1.0
15745375.0,Nnanna,640.0,Germany,M,23.0,3.0,72012.76,1.0,1.0,0.0,161333.13,0.0
15775235.0,Ku,690.0,France,F,36.0,6.0,110480.48,1.0,,0.0,81292.33,0.0
15780088.0,Porter,607.0,Spain,,34.0,9.0,132439.99,1.0,1.0,0.0,177747.72,0.0
,Somayina,850.0,France,F,46.0,3.0,0.0,2.0,1.0,,187980.21,0.0
15713983.0,Mao,780.0,Germany,M,34.0,5.0,94108.54,2.0,1.0,0.0,177235.21,0.0
15709252.0,,616.0,Germany,F,28.0,10.0,-99999,1.0,0.0,,29835.37,1.0
15699238.0,Craig,618.0,Spain,F,40.0,8.0,0.0,2.0,1.0,0.0,80204.38,0.0
15732884.0,,,France,M,150,7.0,131959.86,,0.0,0.0,,0.0
15587297.0,Ruiz,507.0,France,M,33.0,7.0,0.0,2.0,1.0,1.0,85411.01,0.0
15684722.0,Fraser,490.0,France,M,34.0,,nan,2.0,0.0,0.0,154360.97,0.0
15621244.0,Gallo,678.0,France,M,36.0,0.0,107379.68,1.0,1.0,1.0,84460.18,0.0
,Waterhouse,637.0,Germany,M,nan,6.0,122641.56,2.0,1.0,0.0,65618.01,0.0
15682540.0,Cremonesi,602.0,France,F,33.0,8.0,0.0,2.0,1.0,1.0,112928.74,0.0
15636521.0,,744.0,,F,30.0,,nan,1.0,1.0,1.0,142210.94,0.0
15785339.0,H?,640.0,France,F,50.0,,117565.03,2.0,0.0,0.0,82559.77,0.0
15638983.0,Jara,684.0,France,F,38.0,5.0,133189.4,1.0,0.0,,127388.06,0.0
15654625.0,Wilson,495.0,Germany,M,nan,8.0,120252.02,2.0,1.0,1.0,10160.23,0.0
,,559.0,Germany,F,28.0,3.0,152264.81,1.0,0.0,,64242.31,
15678210.0,Robson,,France,M,38.0,5.0,105069.98,2.0,1.0,1.0,198355.28,0.0
15575438.0,Pease,613.0,France,M,42.0,7.0,nan,1.0,1.0,1.0,79323.61,0.0
15632789.0,Maclean,794.0,France,,150,8.0,0.0,2.0,1.0,1.0,24113.91,0.0
15621423.0,Lavrentyev,736.0,France,,42.0,,117280.23,3.0,0.0,0.0,41921.06,1.0
15573520.0,Rhodes,692.0,Germany,M,49.0,6.0,nan,2.0,0.0,1.0,107472.99,0.0
15740458.0,Murphy,703.0,Spain,M,36.0,7.0,135095.47,1.0,1.0,0.0,143859.66,0.0
15762799.0,Alexander,720.0,Germany,M,23.0,0.0,187861.18,2.0,1.0,1.0,104120.17,0.0
15686885.0,Nekrasov,777.0,Germany,,44.0,3.0,124655.59,2.0,0.0,1.0,79792.3,0.0
15565996.0,Arnold,653.0,France,M,44.0,8.0,0.0,2.0,1.0,1.0,154639.72,0.0
15662152.0,Trevisan,,France,F,38.0,9.0,-99999,1.0,0.0,0.0,57850.1,0.0
15711742.0,Mason,708.0,France,F,34.0,4.0,0.0,1.0,1.0,1.0,62868.33,0.0
15701885.0,,647.0,France,F,40.0,9.0,nan,2.0,0.0,1.0,92357.21,0.0
15774262.0,Hobson,597.0,Germany,M,52.0,8.0,83693.34,2.0,1.0,1.0,161083.53,0.0
15567839.0,Gordon,501.0,France,M,42.0,,114631.23,1.0,0.0,,91429.74,0.0
15644400.0,Anderson,709.0,France,M,44.0,9.0,128601.98,1.0,1.0,0.0,117031.2,0.0
15797246.0,Terry,621.0,Germany,F,34.0,2.0,-99999,,1.0,0.0,44857.4,0.0
15778290.0,Lappin,799.0,France,M,70.0,8.0,70416.75,1.0,1.0,1.0,36483.52,0.0
15708714.0,Santiago,,France,F,33.0,6.0,0.0,2.0,1.0,0.0,34045.61,0.0
15586183.0,Wallace,561.0,France,F,35.0,,0.0,2.0,1.0,0.0,59981.62,
15761733.0,King,707.0,France,F,42.0,10.0,0.0,,1.0,1.0,152944.39,0.0
15773934.0,Fang,670.0,France,M,nan,6.0,88294.6,1.0,1.0,0.0,66979.06,0.0
15705343.0,,649.0,Spain,F,32.0,7.0,0.0,1.0,1.0,0.0,28797.32,0.0
15593959.0,,,,M,28.0,1.0,93577.3,1.0,1.0,1.0,51670.82,0.0
15664615.0,Nnachetam,689.0,Germany,F,30.0,5.0,136650.89,1.0,1.0,1.0,41865.72,1.0
15671014.0,Zhdanova,573.0,Spain,F,72.0,8.0,-99999,1.0,1.0,1.0,96015.53,0.0
15657778.0,Jefferson,657.0,France,M,33.0,1.0,84309.57,2.0,,0.0,103914.4,0.0
15585192.0,,686.0,Spain,M,39.0,,136258.06,,,0.0,89199.51,0.0
15592914.0,Fang,683.0,France,F,29.0,9.0,0.0,2.0,1.0,1.0,48849.89,0.0
,Sinclair,753.0,Germany,F,nan,1.0,131160.85,1.0,,0.0,197444.69,0.0
15570990.0,Begley,520.0,Spain,F,30.0,4.0,145222.99,2.0,,0.0,145160.96,0.0
15596165.0,Degtyarev,547.0,Germany,M,25.0,,98141.57,2.0,1.0,1.0,52309.8,0.0
15788131.0,Atkins,653.0,France,,47.0,6.0,-99999,1.0,1.0,0.0,50695.93,
,Ikenna,648.0,Spain,F,28.0,9.0,102282.61,1.0,1.0,,157891.11,0.0
15690153.0,,639.0,France,F,nan,4.0,116121.84,2.0,0.0,1.0,,0.0
15638989.0,Lettiere,711.0,France,F,25.0,5.0,-99999,1.0,0.0,0.0,51345.39,1.0
15623210.0,Smith,484.0,,F,55.0,8.0,149349.58,3.0,0.0,0.0,137519.92,1.0
15652658.0,Finch,721.0,France,M,36.0,1.0,155176.83,2.0,1.0,,49653.37,0.0
15684440.0,Monaldo,548.0,Germany,M,32.0,2.0,-99999,,1.0,1.0,55867.38,0.0
15730287.0,,679.0,France,M,41.0,8.0,147726.98,3.0,1.0,0.0,172749.4,1.0
15720353.0,Chiang,553.0,France,M,41.0,1.0,0.0,,1.0,0.0,90607.31,0.0
15767231.0,Sun,757.0,,M,36.0,7.0,-99999,1.0,0.0,0.0,130861.95,0.0
15761554.0,,581.0,,M,54.0,4.0,89299.81,1.0,0.0,0.0,5558.47,1.0
15706637.0,Chang,718.0,Spain,M,150,9.0,0.0,2.0,0.0,0.0,121537.91,0.0
15690492.0,Palermo,625.0,France,M,41.0,6.0,97663.16,2.0,,0.0,57128.78,0.0
15694237.0,McEwan,744.0,Spain,M,39.0,4.0,95161.75,1.0,,0.0,19409.77,0.0
15729771.0,Davide,799.0,Germany,M,31.0,9.0,154586.92,1.0,0.0,1.0,88604.89,1.0
15609823.0,Chieloka,751.0,Spain,F,150,8.0,127095.14,,0.0,,479.54,0.0
15793366.0,Humphreys,781.0,Germany,M,35.0,7.0,92526.15,2.0,1.0,1.0,173837.54,
15614813.0,Cocci,777.0,Germany,F,46.0,0.0,nan,,1.0,,487.3,0.0
15566495.0,Hanson,704.0,Spain,F,24.0,2.0,-99999,1.0,1.0,0.0,35600.25,1.0
15707602.0,Macleod,539.0,France,F,47.0,2.0,127286.04,2.0,1.0,1.0,166929.43,1.0
15635244.0,,716.0,,F,29.0,6.0,0.0,2.0,1.0,1.0,98998.61,0.0
15805627.0,Nebechukwu,670.0,France,M,37.0,2.0,0.0,2.0,1.0,1.0,54229.74,0.0
15607986.0,Nnamutaezinwa,,France,,40.0,10.0,139930.18,1.0,1.0,1.0,,0.0
15799785.0,Ikemefuna,,Germany,F,30.0,4.0,-99999,1.0,1.0,1.0,121151.46,0.0
15699963.0,Scott,571.0,France,M,38.0,,121405.04,1.0,1.0,1.0,154844.22,0.0
15624595.0,Chiang,512.0,Spain,F,35.0,,124580.69,,1.0,1.0,18785.48,0.0
15629750.0,Artyomova,697.0,France,M,35.0,5.0,133087.76,1.0,1.0,0.0,64771.61,0.0
15651460.0,Hsieh,424.0,Spain,M,34.0,7.0,0.0,1.0,1.0,1.0,16250.61,
15753550.0,Levien,684.0,France,F,43.0,,0.0,2.0,1.0,,131093.99,
15594133.0,Erskine,697.0,Spain,,62.0,7.0,0.0,1.0,1.0,0.0,129188.18,1.0
15772329.0,Fiorentino,580.0,Germany,M,45.0,8.0,103741.14,1.0,1.0,0.0,47428.73,1.0
15591552.0,,600.0,France,F,32.0,7.0,nan,1.0,1.0,,,0.0
15750921.0,,521.0,France,M,37.0,5.0,105843.26,2.0,1.0,1.0,84908.2,0.0
15701687.0,Campbell,664.0,Spain,M,44.0,7.0,77526.66,3.0,0.0,0.0,57338.56,1.0
15728906.0,Ibekwe,634.0,France,M,77.0,5.0,-99999,2.0,1.0,1.0,161579.85,0.0
15670029.0,Marcelo,445.0,France,F,33.0,7.0,nan,2.0,1.0,0.0,122625.68,0.0
15763579.0,Castro,702.0,Germany,F,36.0,,-99999,2.0,1.0,1.0,52909.87,0.0
15728010.0,Capon,485.0,France,M,37.0,5.0,0.0,2.0,0.0,1.0,170226.47,0.0
,Voronova,582.0,Germany,F,150,3.0,110150.43,1.0,1.0,1.0,191757.65,1.0
15736510.0,,605.0,Spain,F,57.0,2.0,0.0,3.0,1.0,0.0,66652.75,1.0
15745804.0,Law,628.0,France,M,nan,7.0,nan,,1.0,,195977.75,0.0
,Grant,604.0,Spain,F,28.0,6.0,0.0,2.0,1.0,1.0,69056.26,0.0
15746995.0,Greco,724.0,Germany,M,31.0,9.0,-99999,1.0,1.0,0.0,12920.43,
15730673.0,Dietz,567.0,Germany,M,40.0,7.0,-99999,1.0,1.0,0.0,138552.74,0.0
,Martel,779.0,Spain,F,55.0,0.0,133295.98,1.0,1.0,0.0,22832.71,1.0
15701081.0,Jarvis,785.0,France,M,36.0,2.0,0.0,1.0,0.0,1.0,61811.1,0.0
15632503.0,Meng,563.0,France,F,32.0,0.0,148326.09,1.0,1.0,0.0,191604.27,1.0
15585928.0,Hay,821.0,Germany,F,31.0,2.0,68927.57,1.0,1.0,1.0,25445.0,0.0
,Voronoff,747.0,France,,150,5.0,139914.6,4.0,0.0,1.0,129964.56,1.0
15747757.0,Trevascus,600.0,Germany,F,58.0,8.0,118723.11,,0.0,0.0,6209.51,
,Ho,625.0,Spain,M,32.0,7.0,106957.28,1.0,1.0,1.0,134794.02,0.0
15571081.0,Hansen,,France,F,41.0,7.0,190238.93,1.0,1.0,1.0,57549.65,0.0
15734578.0,Craig,726.0,France,F,53.0,1.0,113537.73,1.0,0.0,1.0,28367.21,0.0
15579583.0,,641.0,,F,40.0,4.0,-99999,1.0,1.0,1.0,51703.09,0.0
15622729.0,Sun,649.0,France,,46.0,2.0,0.0,2.0,1.0,1.0,66602.7,0.0
15662189.0,Durant,434.0,,M,33.0,3.0,0.0,1.0,1.0,1.0,2739.71,0.0
15692718.0,Jackson,738.0,France,,38.0,7.0,0.0,2.0,0.0,0.0,69227.42,0.0
15762716.0,Chigozie,762.0,Spain,,nan,10.0,168920.75,1.0,1.0,0.0,31445.03,1.0
15724851.0,Farmer,507.0,Germany,M,31.0,9.0,-99999,1.0,1.0,0.0,150037.19,
15587266.0,Douglas,606.0,Germany,F,27.0,6.0,-99999,1.0,0.0,,111448.92,0.0
15675926.0,Ardis,655.0,Germany,M,34.0,7.0,118028.35,1.0,1.0,0.0,51226.32,
15706268.0,Smith,697.0,Germany,M,51.0,1.0,147910.3,1.0,1.0,1.0,53581.14,0.0
15581871.0,Butler,504.0,Germany,M,42.0,7.0,131287.36,2.0,1.0,1.0,149697.78,0.0
15666166.0,Pettry,653.0,France,F,74.0,0.0,121276.32,,1.0,1.0,160348.31,
15671582.0,John,660.0,Spain,M,nan,6.0,109869.32,1.0,1.0,1.0,154641.91,0.0
15680901.0,Potter,652.0,France,F,nan,6.0,nan,2.0,1.0,1.0,,
,Shaw,669.0,France,F,42.0,9.0,0.0,2.0,0.0,0.0,135630.32,0.0
,Boyle,594.0,,M,35.0,2.0,nan,1.0,1.0,1.0,65361.66,0.0
15571284.0,,756.0,Germany,M,32.0,0.0,109528.16,2.0,,1.0,56176.31,0.0
15591360.0,Udinesi,642.0,,F,33.0,4.0,nan,2.0,0.0,1.0,60059.47,0.0
15810485.0,Sun,486.0,Germany,,150,1.0,101438.0,1.0,0.0,0.0,51364.56,0.0
15611973.0,Tuan,804.0,France,M,150,7.0,-99999,2.0,1.0,1.0,118752.6,0.0
15735572.0,Lawrence,,France,M,59.0,9.0,113657.83,1.0,1.0,1.0,116848.79,1.0
15567860.0,Burrows,581.0,,,44.0,,189318.16,2.0,1.0,0.0,,1.0
15795690.0,,667.0,France,M,31.0,3.0,99513.91,1.0,1.0,1.0,189657.26,0.0
15706464.0,White,667.0,Spain,M,35.0,4.0,nan,2.0,0.0,0.0,57213.46,0.0
,Chialuka,679.0,France,M,29.0,3.0,0.0,2.0,1.0,1.0,63687.06,0.0
,Toscano,680.0,France,F,43.0,4.0,0.0,2.0,1.0,1.0,58761.33,0.0
15633944.0,McKay,644.0,Spain,M,nan,3.0,136659.74,1.0,1.0,1.0,14187.78,0.0
15672637.0,,571.0,France,F,30.0,4.0,85755.86,1.0,1.0,,145115.95,
15680895.0,Sal,627.0,,F,35.0,,0.0,1.0,1.0,0.0,187718.26,0.0
15793825.0,Ikechukwu,536.0,France,,39.0,4.0,0.0,,1.0,,27150.35,0.0
15611318.0,Kruglova,599.0,Spain,M,33.0,4.0,51690.89,,1.0,0.0,111622.76,1.0
15768474.0,Clements,,Spain,M,150,3.0,0.0,2.0,1.0,0.0,27244.35,0.0
15716276.0,Kennedy,709.0,France,F,34.0,2.0,111669.68,,1.0,0.0,,0.0
15623668.0,Johnson,653.0,Germany,M,31.0,2.0,154741.45,2.0,0.0,0.0,25183.01,0.0
15696361.0,Chung,648.0,,M,31.0,7.0,nan,1.0,0.0,1.0,129980.93,0.0
15607988.0,Garland,663.0,Germany,F,37.0,,155303.71,1.0,1.0,0.0,118716.63,0.0
15637891.0,Docherty,613.0,Germany,F,43.0,,140681.68,1.0,0.0,1.0,,0.0
15789865.0,Nnaife,620.0,France,,28.0,9.0,71902.52,1.0,0.0,1.0,190208.23,0.0
15627190.0,Lettiere,661.0,France,M,51.0,6.0,nan,1.0,1.0,,68021.9,0.0
15788224.0,Sanderson,669.0,Germany,M,45.0,1.0,nan,1.0,0.0,0.0,110881.56,0.0
15702149.0,Fomin,767.0,Germany,F,33.0,1.0,144753.21,1.0,1.0,1.0,,0.0
15708236.0,Wright,491.0,France,F,72.0,6.0,91285.22,1.0,1.0,1.0,7032.95,0.0
15568469.0,Buckley,653.0,,M,150,0.0,0.0,2.0,1.0,0.0,27862.58,
15764444.0,Pan,679.0,Germany,M,150,8.0,125850.53,2.0,1.0,1.0,,
15794204.0,Manna,687.0,France,,28.0,7.0,108116.66,1.0,1.0,1.0,27411.19,0.0
15807546.0,Chinwendu,837.0,France,F,38.0,2.0,0.0,2.0,1.0,1.0,46395.21,0.0
15782159.0,,850.0,France,M,28.0,8.0,67639.56,,1.0,,194245.29,0.0
15618703.0,White,663.0,Spain,,53.0,6.0,150200.23,,0.0,1.0,151317.27,1.0
15793317.0,Hale,547.0,,F,22.0,,141287.15,1.0,1.0,0.0,118142.79,0.0
15740487.0,Ross,627.0,,F,41.0,6.0,0.0,3.0,1.0,1.0,138700.75,1.0
15722479.0,Ikenna,707.0,France,M,37.0,,nan,2.0,0.0,1.0,6035.51,0.0
,Nkemdilim,629.0,France,F,43.0,0.0,0.0,2.0,1.0,1.0,41263.69,0.0
15583067.0,,,France,F,36.0,4.0,97157.96,1.0,,1.0,63185.05,0.0
,Duke,588.0,France,F,36.0,2.0,nan,,1.0,0.0,,1.0
15593345.0,Bradbury,502.0,Germany,F,nan,,nan,2.0,1.0,1.0,158736.07,0.0
15811690.0,Bayley,793.0,Germany,M,54.0,2.0,nan,1.0,,0.0,18633.4,1.0
15734008.0,Bartlett,727.0,Germany,M,nan,,-99999,,1.0,0.0,71830.1,1.0
15771856.0,Cremin,632.0,Spain,F,32.0,1.0,0.0,2.0,1.0,0.0,19525.65,0.0
15762045.0,Gilchrist,474.0,Germany,F,37.0,5.0,nan,2.0,1.0,1.0,110953.33,0.0
15778142.0,Shih,850.0,,F,31.0,,130089.56,2.0,1.0,1.0,4466.21,0.0
15689268.0,,584.0,France,M,36.0,9.0,0.0,1.0,1.0,1.0,105818.51,0.0
,Pagan,713.0,France,F,32.0,1.0,117094.02,1.0,0.0,0.0,,1.0
15750476.0,Hendrick,742.0,Spain,M,24.0,8.0,0.0,2.0,1.0,0.0,,0.0
15810723.0,Sanderson,,,F,39.0,10.0,-99999,3.0,1.0,0.0,,1.0
15787229.0,Samsonova,,Spain,F,34.0,2.0,0.0,2.0,1.0,0.0,61251.25,0.0
15570508.0,Azubuike,600.0,France,M,49.0,7.0,90218.9,1.0,1.0,0.0,91347.76,
15617065.0,Pan,650.0,Spain,M,42.0,4.0,194532.66,1.0,1.0,0.0,171045.31,1.0
15689786.0,Massie,,,M,nan,1.0,169743.83,1.0,0.0,0.0,155850.4,1.0
15648876.0,Sandover,501.0,France,F,34.0,5.0,0.0,1.0,1.0,,27380.99,
,Craig,418.0,France,,nan,8.0,155973.88,1.0,1.0,0.0,154208.96,0.0
15773869.0,Onwudiwe,,Spain,M,59.0,4.0,129321.44,1.0,1.0,1.0,93624.55,0.0
15711635.0,,788.0,Germany,F,42.0,6.0,138650.49,2.0,1.0,0.0,64746.07,0.0
15795527.0,Zetticci,699.0,Spain,M,43.0,2.0,136487.86,2.0,1.0,0.0,82815.93,
15759133.0,Vaguine,616.0,France,,nan,6.0,0.0,2.0,1.0,1.0,27308.58,0.0
15679394.0,Owen,651.0,,,41.0,4.0,38617.2,1.0,1.0,1.0,104876.8,0.0
15801072.0,Hurst,654.0,France,F,28.0,7.0,0.0,2.0,1.0,0.0,151316.37,0.0
15646082.0,Harding,,France,F,34.0,8.0,82909.14,,,0.0,91817.38,1.0
15796111.0,Smith,708.0,Germany,F,54.0,8.0,145151.4,1.0,0.0,1.0,125311.17,
15670646.0,Moore,499.0,Spain,F,150,0.0,-99999,1.0,1.0,,14868.94,1.0
,Bradley,689.0,France,M,39.0,,0.0,2.0,1.0,0.0,196112.45,0.0
15815095.0,Burfitt,850.0,Spain,,54.0,7.0,108185.81,2.0,0.0,0.0,24093.4,1.0
15730360.0,Mackenzie,502.0,France,M,nan,4.0,0.0,2.0,1.0,1.0,66263.87,0.0
15763194.0,Milanesi,643.0,France,M,34.0,7.0,0.0,2.0,0.0,1.0,100304.13,0.0
15720725.0,Shubin,762.0,France,,28.0,,0.0,2.0,1.0,0.0,167909.52,0.0
15567834.0,Nieves,719.0,France,M,49.0,5.0,105918.1,1.0,1.0,1.0,16246.59,0.0
15720644.0,Martin,789.0,France,,27.0,6.0,0.0,2.0,,0.0,103603.65,0.0
15811742.0,Jen,553.0,Spain,M,42.0,7.0,0.0,2.0,1.0,0.0,,0.0
15813363.0,Woods,,Spain,,25.0,2.0,nan,2.0,0.0,0.0,95215.73,0.0
,Docherty,632.0,Germany,M,42.0,6.0,59972.26,2.0,0.0,1.0,148172.94,0.0
15713160.0,Lin,669.0,Spain,,25.0,,-99999,2.0,1.0,,124382.9,0.0
15568878.0,Cheng,654.0,Spain,M,nan,5.0,-99999,2.0,1.0,0.0,159311.46,0.0
15809800.0,Korovina,726.0,France,F,38.0,4.0,nan,2.0,0.0,0.0,6787.48,0.0
15736420.0,Macdonald,596.0,France,M,21.0,4.0,210433.08,2.0,0.0,1.0,197297.77,1.0
15757933.0,Hardy,,Germany,F,30.0,,nan,1.0,,0.0,21556.95,0.0
15623072.0,Shaw,529.0,Spain,F,35.0,5.0,0.0,2.0,1.0,0.0,56518.0,0.0
15683993.0,Knight,493.0,France,F,37.0,8.0,142987.46,,1.0,0.0,158840.99,0.0
15570947.0,Bruny,615.0,,F,29.0,7.0,nan,,1.0,1.0,126396.01,0.0
15797767.0,Ikedinachukwu,600.0,France,F,nan,6.0,0.0,1.0,0.0,1.0,148087.88,1.0
15731989.0,Moran,666.0,France,M,150,4.0,120165.4,2.0,1.0,,33701.5,0.0
15591035.0,,644.0,Spain,M,54.0,6.0,0.0,1.0,0.0,1.0,84622.37,0.0
15586479.0,Yin,692.0,France,F,36.0,4.0,0.0,1.0,1.0,0.0,185580.89,1.0
15605872.0,,707.0,France,M,nan,6.0,66573.17,1.0,1.0,1.0,62768.8,0.0
15666012.0,Rippey,603.0,France,M,40.0,4.0,-99999,2.0,1.0,1.0,38829.11,0.0
15641733.0,Mishina,671.0,France,F,34.0,5.0,164757.56,1.0,1.0,,110748.88,0.0
15593178.0,Graham,568.0,Spain,F,36.0,10.0,153610.61,1.0,1.0,1.0,,
15649183.0,Johnston,598.0,Spain,F,35.0,8.0,0.0,3.0,0.0,1.0,88658.73,0.0
,Korovin,606.0,Spain,M,42.0,10.0,0.0,2.0,1.0,0.0,177938.52,0.0
15751137.0,Lei,850.0,Germany,,36.0,3.0,169025.83,,1.0,0.0,174235.06,0.0
15757188.0,,644.0,Spain,F,26.0,4.0,153455.72,2.0,1.0,1.0,82696.84,0.0
15726167.0,Scott,655.0,France,M,37.0,4.0,0.0,2.0,,1.0,142415.97,0.0
15624850.0,Grant,850.0,France,,30.0,10.0,153972.89,2.0,1.0,0.0,62811.03,0.0
15717700.0,McIntyre,683.0,Spain,,34.0,9.0,114609.55,2.0,0.0,,25339.29,0.0
15716347.0,Griffin,663.0,Germany,,37.0,7.0,143625.83,2.0,0.0,1.0,176487.05,0.0
15696287.0,Converse,682.0,,F,38.0,1.0,116520.28,1.0,1.0,1.0,49833.5,1.0
15638871.0,Ch'ang,639.0,France,M,77.0,,80926.02,2.0,1.0,1.0,55829.25,0.0
15765093.0,Coates,704.0,France,M,23.0,6.0,166594.78,1.0,1.0,1.0,155823.2,0.0
,Reid,,France,F,40.0,,115465.98,1.0,1.0,1.0,60622.61,0.0
15641715.0,Ts'ui,599.0,France,M,34.0,8.0,0.0,2.0,,,,0.0
15607746.0,Belstead,573.0,France,,36.0,1.0,0.0,,1.0,1.0,56905.38,0.0
15625311.0,Dickinson,589.0,Germany,,41.0,7.0,92618.62,1.0,1.0,1.0,101178.85,0.0
15573077.0,Nwora,620.0,Germany,F,25.0,8.0,nan,1.0,1.0,1.0,73857.94,1.0
15735106.0,Bishop,647.0,Spain,M,28.0,6.0,-99999,2.0,1.0,0.0,102325.19,0.0
,Loggia,737.0,Spain,F,150,7.0,130051.66,2.0,0.0,0.0,55356.39,1.0
15589881.0,Rowe,634.0,France,F,41.0,,nan,2.0,1.0,1.0,131284.93,0.0
15660144.0,Balashov,660.0,France,M,38.0,4.0,0.0,2.0,0.0,0.0,88080.43,0.0
15664083.0,Ulyanova,,Germany,F,150,2.0,158468.76,1.0,0.0,1.0,93266.01,0.0
15690898.0,Bogolyubova,696.0,France,M,44.0,8.0,161889.79,1.0,,0.0,75562.47,0.0
,Remington,836.0,France,F,nan,9.0,133681.78,1.0,1.0,1.0,153747.73,0.0
,Mishin,667.0,Spain,F,34.0,5.0,0.0,2.0,1.0,,163830.64,0.0
15764922.0,Tu,,Spain,M,20.0,3.0,187294.46,1.0,1.0,0.0,103456.47,
15766734.0,Castiglione,430.0,France,M,nan,5.0,-99999,,1.0,0.0,95655.16,0.0
15795079.0,Nnaife,596.0,Spain,M,67.0,6.0,0.0,2.0,1.0,1.0,138350.74,0.0
15757434.0,Yang,599.0,France,M,28.0,7.0,-99999,1.0,0.0,0.0,31190.42,0.0
15673747.0,Ayers,519.0,France,F,22.0,8.0,0.0,1.0,0.0,1.0,167553.06,
15808386.0,Cocci,,Germany,F,45.0,7.0,138523.2,1.0,0.0,0.0,59604.45,1.0
15603565.0,Mackenzie,603.0,Spain,F,150,5.0,90778.76,2.0,1.0,0.0,162223.67,1.0
15744044.0,Fiorentini,572.0,Germany,M,47.0,4.0,99353.42,1.0,1.0,0.0,196549.85,1.0
,,453.0,Germany,F,40.0,1.0,111524.49,1.0,1.0,1.0,120373.84,1.0
15769548.0,Hyde,668.0,France,F,150,7.0,128645.67,1.0,1.0,0.0,92149.64,0.0
15802071.0,Levi,762.0,Germany,M,35.0,1.0,117458.51,1.0,0.0,,178361.48,1.0
15677395.0,Nwabugwu,633.0,France,F,39.0,9.0,129189.15,2.0,0.0,,170998.83,0.0
15632010.0,,647.0,Spain,M,33.0,7.0,-99999,2.0,1.0,0.0,77216.48,0.0
15779492.0,Trevisano,796.0,Spain,M,56.0,,94231.13,1.0,,0.0,121164.6,1.0
,Bennetts,733.0,France,M,150,1.0,0.0,2.0,1.0,1.0,141841.31,0.0
15704315.0,Teng,556.0,France,M,nan,,nan,1.0,,1.0,104000.06,0.0
15742009.0,Hsueh,489.0,Spain,M,58.0,4.0,0.0,2.0,1.0,1.0,191419.32,0.0
15766663.0,Mahmood,639.0,France,,22.0,4.0,0.0,2.0,1.0,0.0,28188.96,0.0
15742297.0,Sinclair,715.0,France,M,35.0,2.0,141005.47,1.0,1.0,1.0,60407.93,0.0
15688059.0,Chin,807.0,Germany,F,42.0,,105356.09,2.0,1.0,1.0,130489.37,0.0
15752344.0,She,714.0,Spain,M,34.0,5.0,0.0,2.0,1.0,0.0,193040.32,0.0
,He,626.0,Germany,F,23.0,6.0,85897.95,1.0,1.0,0.0,109742.8,0.0
15631693.0,Hill,697.0,France,M,36.0,7.0,0.0,2.0,1.0,1.0,74760.32,0.0
15604536.0,Vachon,850.0,Germany,F,31.0,4.0,164672.66,1.0,0.0,,61936.1,0.0
15802869.0,Ball,737.0,,F,45.0,,99169.67,2.0,1.0,,78650.95,0.0
15635598.0,Hsieh,812.0,France,M,29.0,6.0,0.0,2.0,0.0,0.0,168023.6,0.0
15592326.0,Baker,,France,M,36.0,8.0,0.0,2.0,0.0,1.0,5571.59,0.0
15736533.0,Monaldo,,Germany,F,37.0,5.0,124053.03,1.0,1.0,0.0,118591.67,0.0
15647191.0,Lucchesi,677.0,France,M,150,4.0,0.0,2.0,1.0,0.0,,0.0
15622507.0,Hamilton,748.0,Germany,,40.0,3.0,nan,2.0,0.0,0.0,38153.19,0.0
15765487.0,Kuo,753.0,Germany,F,38.0,9.0,151766.71,1.0,1.0,1.0,,0.0
15646521.0,Fan,634.0,Spain,F,36.0,1.0,0.0,1.0,1.0,1.0,143960.72,0.0
15746258.0,Wright,622.0,France,M,29.0,7.0,nan,1.0,1.0,1.0,8788.35,0.0
15692430.0,Milano,699.0,Germany,M,nan,2.0,123601.56,2.0,1.0,,103557.85,0.0
15625501.0,Wall,570.0,Germany,M,38.0,1.0,127201.58,1.0,,0.0,147168.28,1.0
15640521.0,Chidumaga,552.0,Germany,M,33.0,3.0,144962.74,1.0,1.0,0.0,58844.84,1.0
15790630.0,,619.0,France,F,48.0,4.0,0.0,1.0,0.0,0.0,18094.96,1.0
15664720.0,Kovalyova,714.0,Spain,M,nan,8.0,nan,1.0,0.0,0.0,162515.17,0.0
15750055.0,Onio,503.0,Spain,M,32.0,9.0,100262.88,2.0,1.0,1.0,157921.25,0.0
15644878.0,Hill,685.0,Spain,F,43.0,6.0,117302.62,1.0,0.0,0.0,68701.73,0.0
15754578.0,Okeke,606.0,France,F,35.0,0.0,135984.15,2.0,1.0,,186778.89,0.0
15705379.0,Upjohn,678.0,France,M,38.0,3.0,0.0,2.0,1.0,0.0,66561.6,0.0
15761047.0,H?,,Germany,M,31.0,2.0,160997.54,2.0,0.0,1.0,64831.36,
15671293.0,,,Germany,F,150,2.0,128389.63,1.0,1.0,1.0,,1.0
15687527.0,Yobachukwu,638.0,Spain,M,35.0,1.0,-99999,2.0,1.0,0.0,165370.66,0.0
15647898.0,Russell,610.0,Spain,,50.0,5.0,130554.51,3.0,1.0,0.0,184758.17,1.0
15671534.0,Hovell,646.0,Germany,F,57.0,6.0,90212.0,1.0,1.0,0.0,13911.27,1.0
15591248.0,Chukwumaobim,628.0,France,F,29.0,,71996.29,1.0,1.0,1.0,34857.46,0.0
15676156.0,Boyle,528.0,France,F,32.0,4.0,nan,2.0,1.0,,156192.43,0.0
15812918.0,Scott,432.0,France,F,27.0,6.0,62339.81,2.0,0.0,0.0,53874.67,0.0
,Johnstone,622.0,Spain,F,47.0,6.0,142319.03,1.0,0.0,0.0,100183.05,0.0
15700549.0,Alvares,,France,M,nan,5.0,0.0,2.0,,1.0,4493.12,0.0
15715519.0,McDavid,614.0,Spain,M,36.0,,0.0,,1.0,0.0,130610.78,0.0
15707042.0,Dellucci,634.0,France,F,24.0,,87413.19,1.0,1.0,0.0,,0.0
15605276.0,Brothers,742.0,France,F,29.0,,0.0,2.0,1.0,1.0,180066.59,0.0
15630592.0,Sanders,516.0,,F,45.0,4.0,0.0,,,0.0,95273.73,1.0
15636626.0,,,France,M,35.0,3.0,97560.16,1.0,1.0,1.0,,0.0
15740411.0,Molle,,Germany,M,30.0,,141787.31,,1.0,1.0,109685.61,0.0
,Genovese,,Spain,M,36.0,7.0,129934.64,1.0,0.0,,75664.56,1.0
15804235.0,Zetticci,,France,F,37.0,2.0,166178.02,2.0,1.0,1.0,71972.95,0.0
15679801.0,Hsueh,712.0,,F,nan,5.0,-99999,2.0,1.0,1.0,23702.42,0.0
15673907.0,,659.0,France,M,20.0,8.0,nan,2.0,,,112572.02,0.0
15636562.0,Muravyova,573.0,Spain,M,44.0,8.0,0.0,2.0,0.0,0.0,62424.46,0.0
15702571.0,Wright,778.0,Germany,F,35.0,1.0,151958.19,,1.0,1.0,131238.37,1.0
15627365.0,Calabresi,732.0,France,M,46.0,0.0,0.0,2.0,1.0,1.0,184350.78,0.0
15748499.0,Johnson,550.0,Germany,M,33.0,4.0,118400.91,,0.0,1.0,13999.64,1.0
15598614.0,Lucchesi,790.0,,M,nan,8.0,0.0,2.0,1.0,0.0,168152.76,0.0
15668889.0,Galgano,665.0,Germany,F,43.0,2.0,116322.27,4.0,1.0,0.0,35640.12,1.0
,Grigoryeva,728.0,Spain,F,nan,,0.0,1.0,1.0,1.0,120088.17,0.0
15583724.0,Raymond,645.0,Spain,F,29.0,4.0,0.0,2.0,1.0,1.0,74346.11,0.0
15622083.0,Paterson,647.0,Germany,M,30.0,6.0,143138.91,2.0,1.0,0.0,2955.46,0.0
15645571.0,,596.0,Spain,M,32.0,,0.0,2.0,0.0,1.0,146504.35,0.0
15598266.0,Martin,610.0,France,M,40.0,9.0,0.0,1.0,1.0,1.0,,0.0
15667934.0,Moretti,512.0,France,M,36.0,0.0,129804.17,1.0,,0.0,53020.9,0.0
15569682.0,Leckie,768.0,Germany,,37.0,9.0,108308.11,1.0,1.0,0.0,41788.25,1.0
15772941.0,Lane,666.0,Germany,M,30.0,3.0,110153.27,1.0,0.0,,74849.46,0.0
15586174.0,Brodney,700.0,Germany,F,30.0,4.0,116377.48,1.0,1.0,1.0,134417.31,0.0
15803682.0,Angelo,651.0,Germany,F,37.0,10.0,117791.06,2.0,1.0,1.0,,0.0
15627328.0,Millar,542.0,Spain,F,26.0,2.0,0.0,2.0,1.0,1.0,54869.54,0.0
15717065.0,Balashov,686.0,France,F,35.0,8.0,105419.73,1.0,1.0,,35356.46,0.0
15602456.0,,,Germany,F,47.0,4.0,nan,2.0,1.0,1.0,122141.13,0.0
15721569.0,Chialuka,658.0,Germany,F,55.0,8.0,119327.93,1.0,0.0,1.0,119439.66,0.0
15573798.0,,448.0,France,F,36.0,6.0,83947.12,2.0,1.0,0.0,81999.53,0.0
,Tien,609.0,Spain,M,32.0,,99883.16,1.0,1.0,1.0,120594.85,0.0
,Lucchesi,704.0,France,M,50.0,4.0,165438.26,1.0,1.0,0.0,120770.75,1.0
,Lai,698.0,France,M,31.0,1.0,156111.24,1.0,0.0,0.0,134790.74,0.0
,Bates,759.0,France,M,44.0,2.0,111095.58,2.0,1.0,0.0,,0.0
15646190.0,Saunders,677.0,France,F,56.0,0.0,119963.45,1.0,0.0,0.0,158325.87,1.0
,Chukwuemeka,544.0,Spain,M,150,4.0,0.0,2.0,1.0,0.0,70007.67,
15671987.0,Meagher,,Spain,M,35.0,8.0,153137.74,1.0,1.0,0.0,88659.07,0.0
15812766.0,Golubeva,490.0,,M,40.0,6.0,156111.08,1.0,0.0,0.0,190889.13,0.0
15778589.0,Collier,626.0,France,M,150,7.0,113014.7,2.0,1.0,1.0,56646.28,0.0
15750104.0,Chan,718.0,Germany,M,43.0,5.0,nan,2.0,1.0,0.0,32999.1,0.0
15784526.0,Chen,616.0,,M,44.0,,102016.38,1.0,0.0,1.0,178235.37,1.0
15646563.0,Wright,772.0,France,F,35.0,9.0,0.0,1.0,0.0,1.0,25448.31,0.0
15744423.0,Cocci,561.0,France,M,32.0,5.0,0.0,2.0,,0.0,84871.99,0.0
15593694.0,Williams,814.0,France,M,49.0,,0.0,2.0,0.0,0.0,157822.54,0.0
15785367.0,McGuffog,651.0,France,F,56.0,,0.0,1.0,0.0,0.0,84383.22,1.0
15687765.0,Chukwujamuike,538.0,,F,42.0,4.0,80380.24,1.0,1.0,0.0,119216.46,0.0
15789014.0,Scott,600.0,France,F,26.0,,108909.12,,1.0,0.0,82547.01,0.0
15703177.0,Bell,654.0,,F,35.0,2.0,90865.8,1.0,,1.0,86764.46,0.0
15660263.0,Olisaemeka,622.0,France,M,40.0,4.0,nan,2.0,,0.0,197372.13,0.0
15776545.0,Napolitani,682.0,France,,28.0,10.0,200724.96,1.0,0.0,1.0,82872.64,1.0
15683276.0,Sargood,,,F,37.0,10.0,140363.95,2.0,1.0,1.0,129563.86,0.0
15599272.0,Harrington,795.0,France,F,nan,1.0,-99999,1.0,1.0,1.0,135388.89,0.0
15589541.0,Sutherland,557.0,France,,27.0,2.0,0.0,2.0,0.0,1.0,4497.55,0.0
15608804.0,Allan,824.0,,M,150,8.0,nan,1.0,1.0,1.0,67885.37,
15645820.0,Folliero,698.0,France,M,27.0,7.0,nan,2.0,1.0,0.0,111471.55,0.0
15659031.0,,630.0,France,F,36.0,8.0,126598.99,2.0,1.0,,,0.0
15790113.0,Schofield,609.0,Germany,F,71.0,6.0,-99999,1.0,1.0,0.0,108258.22,1.0
15652289.0,Williams,694.0,France,M,47.0,4.0,0.0,2.0,1.0,0.0,197528.62,
,Baird,681.0,France,F,58.0,8.0,nan,1.0,1.0,1.0,139761.25,0.0
15697844.0,Whitehouse,721.0,,F,32.0,10.0,0.0,1.0,1.0,0.0,136119.96,1.0
15652048.0,Thompson,563.0,Germany,M,44.0,7.0,105007.31,2.0,1.0,,197812.16,0.0
,Ogochukwu,654.0,Spain,F,32.0,2.0,0.0,1.0,1.0,1.0,,
15660528.0,Niu,659.0,Spain,M,27.0,4.0,nan,2.0,1.0,0.0,99341.87,0.0
15700300.0,Okoli,674.0,,F,150,4.0,131593.85,1.0,0.0,1.0,171345.02,1.0
15642001.0,,576.0,Germany,M,44.0,9.0,119530.52,1.0,1.0,0.0,119056.68,1.0
15580366.0,,566.0,Germany,M,54.0,4.0,118614.6,2.0,1.0,1.0,172601.62,0.0
,Anderson,545.0,Germany,M,37.0,9.0,95829.13,2.0,0.0,1.0,104936.88,0.0
15729377.0,Ku,,France,M,36.0,1.0,0.0,2.0,,1.0,159044.1,0.0
15686913.0,Kung,757.0,,M,38.0,0.0,0.0,1.0,1.0,0.0,83263.06,0.0
15631267.0,Lu,641.0,France,,50.0,6.0,-99999,2.0,1.0,1.0,130910.78,0.0
15632275.0,Trevisano,718.0,France,M,nan,2.0,0.0,1.0,1.0,,126336.72,
,Onwubiko,699.0,France,M,64.0,9.0,113109.52,,1.0,0.0,27980.8,1.0
15764841.0,Vidler,623.0,,F,35.0,0.0,130557.24,1.0,1.0,,47880.71,0.0
15748649.0,Shen,644.0,France,M,40.0,8.0,93183.19,1.0,1.0,0.0,73882.49,0.0
15771409.0,McGregor,586.0,France,M,58.0,7.0,151933.63,1.0,1.0,0.0,162960.05,1.0
15779207.0,Nnamdi,500.0,Germany,M,30.0,,125495.64,2.0,1.0,1.0,68807.47,
15814116.0,Castiglione,583.0,France,F,42.0,7.0,0.0,2.0,1.0,,144039.05,0.0
15665087.0,Bergamaschi,595.0,Germany,F,26.0,8.0,118547.72,,1.0,1.0,151192.18,0.0
15611189.0,Allingham,670.0,Spain,M,nan,1.0,97792.21,1.0,0.0,0.0,120225.62,0.0
15729718.0,Stelzer,610.0,,M,41.0,6.0,0.0,3.0,0.0,0.0,56118.81,1.0
15733602.0,Rubin,814.0,Spain,F,72.0,2.0,0.0,2.0,0.0,1.0,130853.03,0.0
15620103.0,Ho,660.0,France,F,nan,8.0,167181.01,1.0,1.0,,185156.94,0.0
15770406.0,Watson,580.0,Germany,M,35.0,9.0,-99999,1.0,0.0,1.0,35671.45,0.0
15800554.0,Perry,850.0,France,F,81.0,1.0,0.0,2.0,1.0,1.0,59568.24,0.0
15611409.0,Sun,676.0,Spain,M,35.0,0.0,0.0,2.0,0.0,0.0,139911.58,0.0
15646535.0,,578.0,France,,nan,5.0,113226.47,1.0,1.0,,56770.76,0.0
15575430.0,,579.0,France,F,33.0,1.0,-99999,1.0,1.0,1.0,157564.75,0.0
15711299.0,Wilson,711.0,Germany,F,52.0,8.0,145262.54,1.0,0.0,1.0,131473.31,0.0
15642063.0,Kelechi,692.0,France,M,40.0,6.0,163505.16,,0.0,0.0,,0.0
15706602.0,Bates,760.0,Spain,F,150,1.0,118114.28,2.0,0.0,1.0,156660.21,0.0
15592773.0,Eberegbulam,630.0,Germany,F,nan,,108449.23,3.0,0.0,0.0,88372.69,1.0
15786539.0,Olisaemeka,808.0,France,,32.0,1.0,0.0,,1.0,1.0,46200.71,0.0
15737542.0,,611.0,Germany,,36.0,10.0,103294.56,1.0,1.0,0.0,160548.12,
15590234.0,De Luca,697.0,,F,42.0,1.0,0.0,1.0,1.0,0.0,1262.83,1.0
15773776.0,Ho,655.0,France,,38.0,6.0,nan,1.0,1.0,1.0,188639.28,0.0
15728082.0,,601.0,Spain,M,28.0,6.0,0.0,2.0,1.0,0.0,,0.0
,Smith,755.0,France,M,nan,2.0,119919.12,1.0,1.0,0.0,156868.21,0.0
15735330.0,Sung,553.0,France,M,37.0,1.0,nan,1.0,1.0,0.0,30461.55,0.0
15649430.0,White,723.0,,M,nan,4.0,0.0,2.0,1.0,1.0,123885.88,0.0
15768777.0,,507.0,Spain,F,34.0,,-99999,2.0,1.0,1.0,60688.38,
15777893.0,Davide,777.0,France,M,43.0,1.0,0.0,2.0,,0.0,21785.91,0.0
15791326.0,Nnamdi,,,M,34.0,3.0,0.0,1.0,,0.0,188135.69,
15615176.0,Welsh,732.0,,M,26.0,7.0,0.0,2.0,1.0,0.0,154364.66,0.0
15735221.0,Sousa,697.0,,F,nan,10.0,-99999,2.0,1.0,0.0,,0.0
15617991.0,Andrews,555.0,,,29.0,4.0,128744.04,1.0,1.0,1.0,47454.93,0.0
15658504.0,Chiawuotu,584.0,Germany,F,62.0,9.0,137727.34,2.0,,1.0,121102.9,0.0
15785705.0,Thomson,705.0,Germany,F,44.0,,106731.58,1.0,1.0,0.0,137419.87,
15801817.0,Carpenter,688.0,France,F,nan,7.0,123544.21,1.0,1.0,1.0,157664.02,0.0
15752578.0,Yefimova,626.0,France,F,37.0,2.0,nan,2.0,1.0,0.0,148689.65,0.0
15781574.0,Ma,636.0,Spain,M,76.0,9.0,126534.6,1.0,1.0,1.0,39789.62,0.0
15792107.0,Black,719.0,Spain,F,35.0,8.0,0.0,1.0,1.0,1.0,165162.4,0.0
15569917.0,Obijiaku,706.0,Spain,M,30.0,6.0,87609.68,2.0,0.0,0.0,137674.55,1.0
15721504.0,King,731.0,Spain,M,41.0,3.0,0.0,,1.0,0.0,101371.72,0.0
15757306.0,,738.0,Spain,M,49.0,3.0,-99999,,1.0,1.0,65066.48,1.0
15647295.0,Chin,426.0,France,M,34.0,9.0,0.0,2.0,1.0,0.0,107876.91,0.0
15642098.0,Cox,622.0,Spain,F,36.0,0.0,108960.0,2.0,1.0,0.0,111180.3,1.0
15696120.0,Wallace,701.0,Spain,F,30.0,2.0,0.0,,1.0,0.0,115650.63,0.0
15675176.0,Price,512.0,France,M,51.0,6.0,144953.31,1.0,1.0,1.0,165035.17,
15700046.0,Yuan,635.0,France,M,41.0,4.0,103544.88,2.0,1.0,0.0,193746.55,0.0
15782089.0,Mullen,685.0,France,M,33.0,6.0,nan,1.0,1.0,0.0,,0.0
15706394.0,Howell,609.0,France,M,53.0,7.0,0.0,2.0,0.0,1.0,52332.85,0.0
15759387.0,McIntosh,598.0,,M,38.0,1.0,101487.18,1.0,1.0,1.0,75959.1,1.0
15623369.0,Clifton,708.0,France,M,52.0,,105355.81,1.0,1.0,0.0,123.07,1.0
,Okwuoma,574.0,Spain,M,36.0,,77967.5,1.0,1.0,0.0,167066.95,1.0
,Chidiebere,629.0,France,M,44.0,5.0,nan,4.0,0.0,0.0,117572.59,1.0
15809909.0,Fan,422.0,Spain,F,54.0,4.0,0.0,2.0,1.0,1.0,7166.71,0.0
15642448.0,Onyemauchechukwu,656.0,Spain,M,28.0,8.0,120047.77,1.0,1.0,1.0,137173.39,0.0
15791944.0,Harker,697.0,France,M,32.0,7.0,nan,3.0,1.0,0.0,116442.42,1.0
15768342.0,Bolton,718.0,,M,52.0,8.0,79475.3,3.0,1.0,1.0,32421.32,1.0
15567919.0,Lazarev,586.0,Germany,,37.0,8.0,167735.69,2.0,0.0,,104665.79,0.0
,Alexeyeva,481.0,Spain,F,37.0,8.0,0.0,,1.0,0.0,44215.86,0.0
15778345.0,Stevens,,France,F,33.0,1.0,nan,1.0,1.0,0.0,20164.47,
15687634.0,Glover,561.0,Germany,M,49.0,5.0,94754.0,1.0,1.0,,26691.31,0.0
15666096.0,Ibekwe,,Spain,M,27.0,4.0,0.0,1.0,0.0,1.0,107955.67,0.0
15581700.0,Paterson,615.0,Germany,M,150,3.0,86920.86,1.0,1.0,1.0,150048.37,0.0
15656417.0,Marsh,582.0,France,F,39.0,1.0,132077.48,2.0,,0.0,192255.15,0.0
15649101.0,Reeves,601.0,France,M,40.0,10.0,127847.86,,0.0,,173245.68,0.0
15781975.0,Rees,708.0,,M,34.0,,0.0,1.0,0.0,1.0,121457.88,1.0
15700511.0,Hanson,708.0,Germany,M,42.0,9.0,176702.36,2.0,1.0,1.0,104804.74,0.0
15770255.0,,797.0,Germany,,33.0,10.0,83555.58,1.0,0.0,0.0,69767.14,0.0
15643574.0,Odinakachukwu,682.0,,M,26.0,8.0,0.0,2.0,1.0,0.0,178373.43,0.0
15595010.0,Huang,694.0,Spain,F,39.0,9.0,0.0,2.0,0.0,,99924.04,0.0
15580579.0,Trevisani,490.0,France,,40.0,1.0,0.0,1.0,1.0,1.0,49594.19,1.0
,Dale,828.0,Spain,M,42.0,10.0,0.0,1.0,1.0,1.0,186071.14,0.0
15773789.0,Pavlova,594.0,Spain,F,38.0,7.0,96858.35,1.0,1.0,0.0,77511.45,0.0
15600027.0,Meng,579.0,Spain,M,33.0,1.0,0.0,2.0,1.0,1.0,54816.57,0.0
15620832.0,Dean,723.0,France,F,nan,0.0,0.0,2.0,,1.0,61290.99,0.0
,,619.0,Germany,F,42.0,,-99999,,1.0,1.0,191821.35,
15748691.0,Lung,794.0,Spain,F,30.0,1.0,nan,1.0,0.0,1.0,156768.45,0.0
15583552.0,Donaldson,674.0,Germany,M,44.0,,88902.21,1.0,1.0,0.0,73731.32,0.0
,Li Fonti,418.0,France,M,28.0,7.0,98738.92,1.0,1.0,0.0,122190.22,0.0
15713250.0,Izmailova,502.0,France,M,33.0,,0.0,2.0,1.0,1.0,123509.01,0.0
15569595.0,Walker,678.0,France,F,50.0,6.0,-99999,1.0,1.0,0.0,8199.5,0.0
15794868.0,Nnonso,599.0,Germany,M,nan,10.0,137456.28,,1.0,1.0,14113.11,0.0
15576680.0,Stevenson,736.0,France,M,29.0,,0.0,2.0,0.0,0.0,51705.01,0.0
15613699.0,Schnaars,430.0,France,F,60.0,7.0,73937.02,1.0,1.0,0.0,,1.0
15609758.0,,537.0,France,F,nan,7.0,158621.04,1.0,1.0,0.0,120892.96,1.0
15762392.0,Ilyina,683.0,,M,30.0,1.0,113257.2,1.0,1.0,1.0,65035.02,0.0
15693382.0,Muir,828.0,France,M,31.0,,-99999,1.0,0.0,1.0,164257.37,0.0
15791769.0,Gardener,691.0,France,F,nan,9.0,116536.43,1.0,1.0,0.0,51987.99,0.0
15712483.0,Chidi,608.0,Spain,F,28.0,4.0,0.0,2.0,1.0,0.0,10899.63,1.0
15636454.0,Fu,691.0,France,F,60.0,6.0,101070.69,1.0,1.0,0.0,177355.8,1.0
15710138.0,Sun,718.0,Spain,M,39.0,6.0,0.0,2.0,0.0,1.0,,0.0
15571571.0,,,,F,31.0,3.0,127331.46,3.0,1.0,1.0,,
15638751.0,Ashton,838.0,,F,41.0,5.0,0.0,2.0,1.0,0.0,81313.51,0.0
15598574.0,Uwakwe,695.0,,F,31.0,,0.0,2.0,0.0,1.0,13998.88,0.0
15796787.0,Vassiliev,681.0,France,M,46.0,0.0,105969.42,1.0,1.0,0.0,5771.56,0.0
15615670.0,Kazakova,,France,M,36.0,5.0,119547.46,1.0,1.0,1.0,,0.0
15705506.0,Perry,751.0,Spain,M,38.0,7.0,0.0,2.0,0.0,0.0,90839.61,0.0
15599535.0,Howell,678.0,Spain,M,150,5.0,138668.18,,1.0,1.0,54144.01,0.0
15768449.0,Ricci,634.0,France,F,37.0,,51582.5,2.0,,1.0,184312.88,0.0
15725002.0,,749.0,France,,37.0,7.0,0.0,2.0,1.0,0.0,20306.79,0.0
15611682.0,Rossi,590.0,Spain,M,37.0,6.0,169902.92,1.0,1.0,1.0,128256.18,0.0
15749964.0,Jones,610.0,France,F,27.0,4.0,87262.4,2.0,,0.0,182720.07,
15678779.0,,502.0,France,,33.0,7.0,0.0,2.0,0.0,1.0,4082.52,0.0
15752601.0,McCulloch,578.0,France,F,40.0,7.0,0.0,2.0,0.0,0.0,102233.73,
15758477.0,Tobeolisa,547.0,,F,32.0,,0.0,,1.0,0.0,132002.83,0.0
15629133.0,Black,579.0,France,,27.0,9.0,0.0,2.0,1.0,0.0,126838.7,0.0
15604963.0,Fraser,661.0,France,M,39.0,5.0,0.0,2.0,0.0,0.0,181461.46,0.0
15796413.0,Green,794.0,France,M,46.0,6.0,0.0,2.0,1.0,0.0,195325.74,0.0
15812470.0,Allan,719.0,,M,61.0,5.0,0.0,2.0,0.0,1.0,29132.43,
15587443.0,Akudinobi,728.0,France,F,69.0,1.0,0.0,2.0,1.0,1.0,,0.0
15689692.0,Walker,598.0,Germany,M,19.0,3.0,150348.37,1.0,,1.0,173784.04,
15779586.0,Olisaemeka,822.0,Germany,F,46.0,3.0,115074.02,,1.0,0.0,26249.86,0.0
15667588.0,Arcuri,,Spain,F,40.0,3.0,0.0,,1.0,1.0,182650.15,
15624423.0,Liu,850.0,France,,28.0,,99986.98,1.0,1.0,0.0,196582.55,0.0
15591107.0,Flemming,,Germany,F,68.0,3.0,110357.0,1.0,0.0,,141977.54,1.0
15748986.0,Bischof,,Germany,M,nan,8.0,166685.92,2.0,1.0,1.0,55313.51,0.0
15793896.0,John,677.0,Spain,M,40.0,,95312.8,1.0,1.0,,62944.75,0.0
15620570.0,Sinnett,,France,M,43.0,4.0,nan,1.0,1.0,0.0,72375.03,0.0
15727811.0,Ts'ui,661.0,Germany,F,47.0,0.0,109493.62,1.0,0.0,0.0,188324.01,1.0
,Pokrovsky,501.0,Germany,M,38.0,9.0,-99999,2.0,,1.0,133403.07,0.0
15702030.0,Azarov,516.0,France,F,29.0,2.0,104982.57,1.0,1.0,,157378.5,0.0
15673238.0,McCarthy,517.0,Germany,F,59.0,8.0,nan,2.0,1.0,0.0,101240.08,1.0
,Simpson,766.0,France,M,32.0,6.0,185714.28,1.0,1.0,1.0,102502.5,0.0
15769356.0,Stevenson,520.0,Germany,F,23.0,3.0,116022.53,2.0,1.0,1.0,37577.66,0.0
15665590.0,,541.0,France,,46.0,6.0,0.0,2.0,1.0,,83456.67,0.0
15572361.0,Chill,790.0,Germany,,34.0,,164011.48,1.0,1.0,0.0,199420.41,0.0
15667460.0,Moore,797.0,France,M,31.0,,0.0,2.0,1.0,1.0,24748.89,0.0
,Su,811.0,France,,40.0,1.0,101514.89,1.0,1.0,1.0,121765.0,
15632669.0,,722.0,Spain,F,32.0,4.0,0.0,2.0,1.0,1.0,113666.48,0.0
15613673.0,Lung,675.0,France,M,28.0,,0.0,1.0,1.0,0.0,134110.93,0.0
15698522.0,Thomas,660.0,Germany,M,39.0,,134599.33,2.0,1.0,0.0,183095.87,0.0
15741633.0,,,Spain,M,32.0,10.0,147511.26,1.0,1.0,1.0,159891.03,
15674583.0,Trevisani,768.0,France,M,25.0,0.0,78396.08,1.0,1.0,1.0,8316.19,0.0
15665374.0,Dumolo,,Spain,F,150,5.0,nan,2.0,0.0,0.0,63736.36,0.0
15588854.0,Wu,,France,F,nan,3.0,110581.29,1.0,1.0,1.0,94715.24,0.0
15810716.0,Kerr,,Germany,,42.0,8.0,nan,,1.0,,68695.38,0.0
15776921.0,,431.0,Germany,M,150,5.0,83624.55,2.0,0.0,,36899.62,0.0
15569394.0,Bailey,704.0,France,M,24.0,2.0,148197.15,2.0,1.0,0.0,,0.0
15788215.0,Hsia,535.0,,F,30.0,5.0,122924.75,1.0,0.0,0.0,62390.59,1.0
15641007.0,Holden,614.0,France,F,38.0,,72594.0,1.0,1.0,1.0,76042.48,0.0
15594651.0,Milani,748.0,France,M,38.0,4.0,115221.36,1.0,0.0,1.0,70956.75,
15575146.0,Jamieson,492.0,Germany,M,51.0,8.0,117808.74,2.0,1.0,1.0,67311.12,0.0
,Ndubueze,573.0,France,M,40.0,7.0,147754.68,1.0,1.0,1.0,110454.46,
15666297.0,,706.0,Spain,,53.0,3.0,0.0,3.0,0.0,0.0,88479.02,1.0
15598586.0,Wetherspoon,680.0,France,M,31.0,10.0,113292.17,1.0,1.0,1.0,122639.73,0.0
15665014.0,Middleton,458.0,Spain,,36.0,5.0,0.0,2.0,1.0,0.0,79723.78,0.0
15701738.0,Arcuri,612.0,Germany,M,44.0,2.0,115163.38,1.0,1.0,1.0,97677.52,1.0
15650591.0,Calabrese,809.0,Germany,M,50.0,10.0,118098.62,1.0,1.0,1.0,100720.02,1.0
15652667.0,Hampton,590.0,France,M,nan,9.0,0.0,2.0,1.0,1.0,104730.52,0.0
15679622.0,Clayton,602.0,France,M,35.0,8.0,0.0,1.0,1.0,1.0,22499.29,
15730150.0,Otutodilichukwu,540.0,Spain,M,37.0,0.0,nan,1.0,,,28257.89,0.0
15813192.0,Chukwuemeka,494.0,France,M,25.0,6.0,0.0,2.0,,1.0,109988.09,
15606554.0,Douglas,797.0,France,M,29.0,1.0,0.0,1.0,0.0,1.0,149991.32,0.0
15611794.0,,526.0,Germany,M,150,6.0,133845.28,2.0,1.0,1.0,45180.8,0.0
15672357.0,Sochima,,Spain,M,38.0,7.0,nan,2.0,1.0,0.0,181605.85,0.0
15711759.0,Wilkins,576.0,France,,150,5.0,nan,1.0,1.0,1.0,126469.09,0.0
15615296.0,Rice,405.0,France,M,39.0,10.0,nan,1.0,1.0,0.0,160810.85,1.0
15699294.0,Pope,555.0,France,M,30.0,1.0,0.0,2.0,,0.0,88146.86,0.0
15788634.0,,750.0,,,nan,2.0,113817.06,1.0,0.0,0.0,88333.74,0.0
15660871.0,Ch'ang,665.0,France,M,28.0,8.0,137300.23,1.0,1.0,0.0,90174.83,0.0
15618258.0,Chizuoke,640.0,Spain,M,37.0,5.0,158024.38,,1.0,0.0,81298.09,0.0
15722535.0,Ireland,457.0,France,F,33.0,7.0,127837.54,1.0,0.0,1.0,60013.17,0.0
15711977.0,Finch,695.0,,M,nan,4.0,161533.0,1.0,,,100940.91,0.0
15690169.0,Meng,645.0,France,M,150,7.0,161171.7,2.0,1.0,,12599.94,1.0
15790689.0,Hibbins,647.0,Spain,M,32.0,9.0,-99999,1.0,1.0,1.0,128590.73,0.0
15665181.0,Chung,808.0,Spain,M,25.0,7.0,0.0,2.0,0.0,1.0,23180.37,0.0
15633608.0,Black,641.0,France,M,33.0,2.0,146193.6,2.0,1.0,1.0,55796.83,1.0
15805261.0,Balashov,700.0,Spain,M,29.0,8.0,nan,,0.0,1.0,152097.02,0.0
15740356.0,Palmer,660.0,Germany,,26.0,4.0,115021.76,1.0,0.0,1.0,162443.05,0.0
,,615.0,Spain,M,41.0,1.0,126773.43,1.0,1.0,1.0,55551.26,0.0
15769980.0,Singleton,705.0,Germany,F,40.0,,92889.91,1.0,1.0,1.0,109496.69,0.0
15675450.0,Burt,718.0,France,M,48.0,9.0,0.0,2.0,1.0,,72105.63,0.0
15776494.0,Siciliano,754.0,France,M,61.0,5.0,146622.35,1.0,1.0,1.0,41815.22,1.0
15592412.0,Sun,713.0,Germany,M,45.0,4.0,131038.14,1.0,1.0,0.0,74005.04,1.0
15777452.0,,587.0,France,F,150,6.0,88820.29,,0.0,0.0,70224.34,0.0
15692258.0,Thompson,569.0,Spain,M,31.0,1.0,115406.97,1.0,0.0,0.0,145528.22,0.0
,Boni,568.0,France,F,38.0,3.0,132951.92,1.0,0.0,,124486.28,0.0
15807889.0,Wood,634.0,Germany,,74.0,5.0,-99999,1.0,1.0,0.0,10078.02,0.0
15602043.0,Buccho,770.0,Germany,F,46.0,5.0,141788.63,2.0,0.0,0.0,164967.21,0.0
15807335.0,Spencer,676.0,Spain,F,nan,4.0,116954.32,1.0,1.0,1.0,91149.48,0.0
15629985.0,Eidson,723.0,,,47.0,10.0,90450.0,2.0,0.0,0.0,103379.31,
15679453.0,Hung,614.0,,F,nan,8.0,-99999,1.0,1.0,1.0,128049.34,1.0
15637315.0,Melvin,601.0,Spain,F,41.0,3.0,0.0,,1.0,0.0,54342.83,
15691513.0,,592.0,France,M,60.0,9.0,0.0,4.0,1.0,1.0,13614.01,1.0
15622289.0,Rizzo,605.0,Spain,F,150,9.0,0.0,2.0,0.0,,,0.0
15715184.0,Capon,752.0,Spain,F,31.0,4.0,144637.86,2.0,1.0,0.0,40496.72,0.0
15702801.0,,677.0,France,F,29.0,3.0,86616.35,1.0,0.0,,91903.9,1.0
15719931.0,Johnstone,850.0,France,M,31.0,8.0,0.0,2.0,1.0,0.0,178667.7,0.0
15806081.0,Fleming,608.0,Germany,F,48.0,2.0,127924.25,2.0,1.0,0.0,32202.61,0.0
15796336.0,Chang,786.0,,F,34.0,,0.0,2.0,1.0,0.0,117034.32,0.0
15647306.0,Gibbs,777.0,France,F,29.0,9.0,131240.61,1.0,1.0,,163746.09,1.0
15742369.0,,667.0,Spain,M,31.0,5.0,nan,2.0,1.0,1.0,20346.69,0.0
15655859.0,Munro,848.0,Spain,M,35.0,5.0,120046.74,2.0,1.0,0.0,84710.65,0.0
15675650.0,Duncan,486.0,France,F,39.0,8.0,97819.36,1.0,,1.0,120531.31,0.0
15574119.0,Okwuadigbo,598.0,Spain,F,64.0,1.0,62979.93,1.0,1.0,1.0,152273.57,0.0
15754168.0,McIntosh,506.0,France,F,40.0,3.0,-99999,1.0,1.0,1.0,144345.58,0.0
15763029.0,Ch'iu,612.0,Germany,,46.0,9.0,161450.03,1.0,1.0,1.0,,1.0
,Watt,545.0,France,M,nan,3.0,0.0,2.0,1.0,0.0,170307.43,0.0
15786215.0,Udinese,793.0,France,M,56.0,,-99999,2.0,1.0,,29880.99,0.0
15707559.0,Clark,682.0,France,F,30.0,9.0,0.0,2.0,1.0,1.0,195104.91,0.0
15582129.0,Hsia,517.0,France,,62.0,1.0,43772.66,3.0,1.0,0.0,187756.24,1.0
15687540.0,Obiuto,684.0,France,M,32.0,9.0,100249.41,2.0,0.0,,67599.69,0.0
15787196.0,T'ien,692.0,Spain,,46.0,2.0,0.0,,1.0,1.0,105983.09,0.0
15670898.0,McKenzie,740.0,France,F,60.0,5.0,108028.08,2.0,0.0,0.0,25980.42,1.0
15775433.0,Tang,666.0,Germany,M,71.0,1.0,53013.29,2.0,1.0,1.0,112222.64,0.0
15700693.0,Tu,693.0,France,M,68.0,2.0,0.0,2.0,1.0,1.0,59864.96,0.0
15677955.0,,757.0,Germany,,33.0,,122088.67,1.0,1.0,0.0,42581.09,0.0
15570086.0,Lynch,,Germany,M,18.0,9.0,90544.0,1.0,0.0,1.0,4777.23,0.0
15794875.0,Hung,691.0,Spain,M,35.0,6.0,0.0,2.0,0.0,1.0,178038.17,
,Oluchukwu,842.0,France,M,44.0,3.0,nan,4.0,0.0,1.0,128521.16,1.0
,Tuan,482.0,France,F,nan,5.0,147813.05,2.0,0.0,0.0,109029.72,0.0
15757617.0,Lewis,,France,M,55.0,6.0,134140.68,1.0,1.0,0.0,2267.88,0.0
15612729.0,Chidiebere,681.0,France,F,63.0,7.0,0.0,2.0,1.0,1.0,55054.48,0.0
15637857.0,Woolacott,616.0,France,F,31.0,8.0,0.0,1.0,0.0,1.0,76456.17,
15681007.0,Yen,850.0,,,35.0,2.0,128548.49,4.0,1.0,0.0,75478.95,1.0
15593622.0,Service,635.0,France,M,nan,10.0,122198.21,2.0,0.0,1.0,179144.54,0.0
15629273.0,Lin,,Germany,M,150,8.0,nan,1.0,1.0,0.0,193471.74,1.0
15765846.0,Chuang,820.0,Spain,F,31.0,2.0,-99999,1.0,1.0,,103570.8,0.0
15596013.0,Akhtar,694.0,Germany,F,150,1.0,143212.22,1.0,0.0,0.0,102628.56,1.0
15722473.0,Faulkner,713.0,France,M,41.0,3.0,0.0,2.0,,0.0,55772.04,0.0
15774936.0,Liang,543.0,Germany,,41.0,,143350.41,1.0,1.0,1.0,192070.16,1.0
15685640.0,Dancy,649.0,France,F,41.0,3.0,130931.83,1.0,1.0,1.0,,0.0
,Duigan,777.0,France,F,30.0,4.0,137851.31,1.0,,0.0,5008.23,1.0
15768746.0,McLean,561.0,France,M,33.0,,nan,,0.0,0.0,173680.39,0.0
15689952.0,Zuyeva,724.0,Spain,M,41.0,5.0,nan,,,1.0,115753.94,0.0
15725906.0,Hankinson,665.0,Spain,F,51.0,8.0,nan,1.0,1.0,,,
15634501.0,Wei,441.0,France,M,60.0,1.0,140614.15,1.0,,1.0,174381.23,0.0
15571940.0,Afamefula,,Spain,M,22.0,3.0,118680.57,1.0,1.0,1.0,49829.8,0.0
15741643.0,,777.0,Germany,M,35.0,7.0,122917.69,,1.0,,76169.68,0.0
15806822.0,Myers,,France,F,nan,0.0,0.0,2.0,0.0,,133465.57,0.0
15701166.0,Chinedum,660.0,France,M,40.0,,131754.11,2.0,1.0,1.0,,0.0
15718531.0,Ukaegbunam,554.0,France,F,35.0,8.0,0.0,2.0,1.0,1.0,176779.46,0.0
15628308.0,Akubundu,850.0,France,F,24.0,,-99999,2.0,1.0,1.0,13159.9,0.0
15585287.0,Sal,842.0,Germany,F,35.0,9.0,119948.09,1.0,1.0,0.0,,1.0
15781619.0,Stevenson,785.0,,F,38.0,1.0,0.0,1.0,1.0,,134964.85,1.0
15805162.0,Sutherland,550.0,France,M,25.0,0.0,0.0,2.0,1.0,1.0,184221.11,0.0
15588535.0,Ts'ao,750.0,Spain,F,39.0,6.0,0.0,2.0,0.0,0.0,19264.33,0.0
,Sung,490.0,Spain,F,38.0,3.0,97266.1,1.0,1.0,1.0,92797.23,
15777616.0,Pisani,605.0,Germany,M,28.0,10.0,113690.83,1.0,1.0,0.0,33114.24,0.0
15692291.0,Hs?eh,563.0,Spain,F,42.0,6.0,99056.22,2.0,1.0,0.0,154347.95,1.0
15680843.0,Sherrod,675.0,France,M,34.0,8.0,0.0,2.0,1.0,1.0,184842.21,0.0
15606232.0,Holloway,621.0,Spain,F,36.0,7.0,116338.68,1.0,1.0,1.0,155743.48,0.0
15641585.0,Newton,850.0,France,,40.0,6.0,-99999,1.0,0.0,1.0,88815.25,0.0
15684358.0,Kang,711.0,France,M,150,3.0,0.0,2.0,1.0,1.0,193747.57,
15806389.0,Walton,549.0,Germany,F,55.0,1.0,137592.31,2.0,,,116548.02,1.0
15641860.0,Bradley,764.0,Germany,M,34.0,6.0,108760.27,2.0,1.0,0.0,166324.79,1.0
15814237.0,Watkins,627.0,Germany,M,30.0,3.0,128770.88,2.0,1.0,1.0,40199.01,0.0
15808780.0,,850.0,France,F,nan,2.0,0.0,,0.0,0.0,51919.04,0.0
15767064.0,,614.0,Spain,F,36.0,1.0,44054.84,1.0,1.0,1.0,73329.08,0.0
15751177.0,Milne,685.0,Germany,F,nan,2.0,119657.53,1.0,1.0,0.0,145387.05,1.0
15613427.0,Barling,683.0,Germany,,49.0,7.0,108797.63,2.0,0.0,0.0,140763.18,0.0
,Barnett,643.0,Spain,M,35.0,2.0,-99999,2.0,,0.0,67979.35,0.0
,Ellis,561.0,Germany,F,49.0,1.0,102025.32,1.0,1.0,0.0,133051.64,1.0
15726695.0,Hsia,601.0,Spain,,20.0,9.0,122446.61,2.0,1.0,,86791.9,
15757473.0,Chukwujamuike,766.0,France,F,150,7.0,-99999,2.0,0.0,1.0,47579.25,0.0
,,699.0,France,M,150,3.0,125689.29,,1.0,1.0,151623.71,0.0
15715512.0,Hsia,850.0,Germany,M,29.0,1.0,154640.41,1.0,,1.0,164039.51,0.0
,Alexander,792.0,,F,50.0,4.0,146710.76,1.0,1.0,0.0,,1.0
,,636.0,Germany,M,nan,7.0,136709.35,1.0,0.0,1.0,66753.1,1.0
15609928.0,Johnston,850.0,Germany,M,43.0,5.0,129305.09,,0.0,1.0,19244.58,0.0
15731246.0,,628.0,Spain,M,150,10.0,0.0,2.0,1.0,0.0,103832.58,0.0
15685243.0,Jamieson,736.0,France,F,63.0,10.0,0.0,2.0,0.0,1.0,502.7,0.0
15638730.0,Macleod,711.0,France,F,21.0,0.0,82844.33,2.0,0.0,1.0,,0.0
15697034.0,Norris,583.0,Spain,F,nan,2.0,0.0,,,1.0,,0.0
,Pirozzi,757.0,France,M,46.0,0.0,0.0,2.0,1.0,0.0,37460.05,0.0
15677387.0,Folliero,749.0,Germany,F,33.0,10.0,76692.22,1.0,0.0,1.0,30396.43,0.0
15759184.0,Russell,705.0,France,M,34.0,7.0,117715.84,1.0,1.0,0.0,,0.0
15595991.0,Hsiung,585.0,France,M,54.0,8.0,87105.32,1.0,1.0,,55346.14,0.0
15681332.0,Tate,437.0,France,F,150,6.0,0.0,1.0,1.0,,148330.97,1.0
15756299.0,Davis,741.0,France,F,64.0,2.0,69311.16,1.0,1.0,1.0,59237.72,0.0
15750547.0,,738.0,France,M,nan,9.0,-99999,,1.0,1.0,48644.94,0.0
15566380.0,Drury,586.0,,F,33.0,10.0,66948.67,2.0,1.0,1.0,140759.03,0.0
,Padovano,627.0,France,F,nan,,0.0,2.0,1.0,,107712.42,0.0
15674671.0,Conway,551.0,Spain,M,76.0,2.0,128410.71,2.0,1.0,1.0,181718.73,0.0
15621466.0,,606.0,Germany,M,38.0,3.0,99897.53,1.0,0.0,0.0,37054.65,0.0
15607176.0,Kang,674.0,France,M,22.0,3.0,0.0,1.0,1.0,1.0,173940.59,0.0
15570299.0,Martin,584.0,Germany,F,31.0,6.0,152622.34,1.0,1.0,0.0,99298.8,0.0
15613197.0,Ugochukwutubelum,590.0,France,M,40.0,8.0,0.0,2.0,1.0,0.0,62933.03,0.0
15798885.0,Burns,585.0,France,M,56.0,4.0,138227.19,2.0,1.0,1.0,55287.84,0.0
15714883.0,Genovese,508.0,France,F,25.0,2.0,111395.53,1.0,0.0,1.0,48197.06,
15604497.0,Beale,458.0,Germany,M,44.0,7.0,84386.57,1.0,1.0,0.0,178642.73,0.0
15773949.0,Cherkasova,692.0,,F,36.0,3.0,0.0,2.0,1.0,1.0,8282.22,0.0
15774164.0,Coles,502.0,Germany,M,33.0,5.0,174673.65,2.0,1.0,0.0,33300.56,0.0
15774127.0,Potter,518.0,France,M,46.0,3.0,0.0,2.0,1.0,0.0,76515.79,0.0
15619016.0,McMinn,,,M,46.0,5.0,109019.65,2.0,1.0,1.0,33680.56,0.0
15795759.0,Bergamaschi,698.0,Germany,F,52.0,1.0,107906.75,1.0,,0.0,168886.39,1.0
,Chijindum,678.0,France,M,nan,,128914.97,1.0,0.0,,191746.23,1.0
,Ch'iu,773.0,Spain,M,63.0,,111179.83,1.0,1.0,1.0,93091.02,0.0
15691504.0,Yusupova,619.0,Germany,F,52.0,8.0,-99999,1.0,0.0,0.0,23904.52,0.0
15693893.0,Davis,684.0,Germany,M,59.0,9.0,122471.09,1.0,0.0,1.0,15807.07,0.0
15672499.0,Iadanza,635.0,France,M,34.0,3.0,134692.4,2.0,1.0,1.0,83773.02,0.0
15750410.0,Jordan,680.0,France,F,25.0,4.0,123816.5,1.0,1.0,1.0,90162.35,0.0
15568904.0,Kruglova,608.0,Germany,M,34.0,,nan,1.0,1.0,1.0,36639.25,0.0
15649033.0,Echezonachukwu,603.0,,F,55.0,7.0,127723.25,,1.0,0.0,139469.11,1.0
,Hajek,579.0,Spain,M,43.0,2.0,145843.82,1.0,1.0,1.0,198402.37,
15771059.0,Welch,756.0,Germany,F,34.0,2.0,148200.72,1.0,0.0,0.0,194584.48,0.0
15687852.0,Vinogradoff,611.0,France,M,30.0,2.0,104145.65,1.0,0.0,0.0,159629.64,0.0
15695280.0,Hung,532.0,Germany,M,24.0,8.0,142755.25,1.0,0.0,0.0,34231.48,
15592751.0,Okwudiliolisa,684.0,Germany,F,63.0,3.0,81245.79,1.0,1.0,0.0,69643.31,1.0
15598338.0,Mays,647.0,Germany,F,150,3.0,168560.46,2.0,0.0,0.0,90270.16,0.0
,Gardner,583.0,France,M,38.0,8.0,0.0,1.0,1.0,0.0,47848.56,0.0
15629128.0,Mamelu,774.0,,M,42.0,2.0,nan,2.0,1.0,1.0,162865.52,0.0
15642870.0,Ross,677.0,France,,58.0,9.0,0.0,1.0,0.0,1.0,,0.0
15637977.0,Barese,542.0,Germany,M,25.0,,139330.1,1.0,0.0,0.0,54372.37,0.0
15600792.0,Swayne,613.0,Spain,M,29.0,0.0,0.0,2.0,0.0,1.0,133897.32,0.0
15576131.0,Phillips,666.0,France,M,40.0,5.0,0.0,2.0,1.0,0.0,147878.05,0.0
15686588.0,Manfrin,777.0,France,,nan,2.0,134571.5,1.0,0.0,1.0,118313.38,0.0
15761018.0,Tan,,Germany,M,50.0,2.0,nan,2.0,1.0,0.0,181224.24,1.0
15616029.0,Adams,705.0,France,M,32.0,7.0,0.0,2.0,1.0,0.0,7921.57,0.0
15761149.0,,673.0,France,F,44.0,,133444.97,1.0,0.0,1.0,5708.19,0.0
15802758.0,Chinwendu,594.0,Germany,,23.0,4.0,104753.84,2.0,1.0,0.0,56756.52,
15647838.0,,648.0,,F,150,2.0,nan,1.0,1.0,0.0,4121.04,
15735968.0,Hsing,605.0,France,M,41.0,10.0,nan,2.0,0.0,1.0,97213.09,0.0
15581286.0,Castro,734.0,France,,nan,9.0,176914.8,1.0,1.0,1.0,12799.23,0.0
15625445.0,Parkin,,France,F,36.0,8.0,-99999,2.0,,1.0,50400.32,0.0
15600173.0,Manna,595.0,France,F,33.0,9.0,0.0,2.0,1.0,1.0,41447.86,
15635143.0,Fennescey,749.0,France,M,42.0,,56726.83,2.0,0.0,1.0,,0.0
15664849.0,Colon,573.0,,M,46.0,3.0,65269.23,,0.0,1.0,189988.65,1.0
15762455.0,Yeh,624.0,Spain,M,33.0,6.0,66220.17,1.0,0.0,1.0,170819.01,0.0
15797165.0,,703.0,,M,nan,9.0,0.0,1.0,0.0,0.0,85547.33,
15788189.0,Matveyeva,665.0,France,F,41.0,,96147.55,1.0,1.0,0.0,137037.97,0.0
15780492.0,Ignatyeva,648.0,France,M,42.0,4.0,0.0,2.0,1.0,,19283.14,0.0
15678497.0,Lederer,850.0,Spain,,48.0,2.0,0.0,1.0,1.0,0.0,169425.3,
15588560.0,Nwabugwu,569.0,Germany,F,32.0,8.0,145330.43,1.0,1.0,1.0,132038.65,
,Abramowitz,,France,F,21.0,3.0,0.0,2.0,1.0,1.0,3626.47,0.0
15611756.0,Chapman,537.0,Germany,F,47.0,4.0,nan,2.0,1.0,1.0,50881.51,
15789563.0,Fiorentino,,Germany,F,46.0,7.0,-99999,,1.0,1.0,149170.25,1.0
15702416.0,Cecil,734.0,France,M,43.0,7.0,107805.67,1.0,0.0,0.0,182505.68,
15766288.0,Ikechukwu,586.0,Germany,F,36.0,5.0,103700.69,1.0,1.0,0.0,194072.56,1.0
15667633.0,Allen,612.0,France,F,38.0,1.0,0.0,2.0,1.0,1.0,9209.21,0.0
15622774.0,,648.0,France,M,34.0,0.0,nan,1.0,1.0,1.0,167931.81,0.0
15755416.0,Hart,,France,F,27.0,3.0,87739.08,1.0,1.0,1.0,123096.56,0.0
15769915.0,Charlton,643.0,Spain,,nan,0.0,133313.34,1.0,1.0,1.0,3965.69,0.0
15643908.0,Turnbull,433.0,France,F,49.0,10.0,0.0,1.0,1.0,1.0,87711.61,0.0
15627395.0,Manners,,Germany,M,41.0,7.0,154902.66,1.0,1.0,1.0,49667.28,0.0
15679663.0,Chiazagomekpere,488.0,France,F,nan,0.0,0.0,2.0,1.0,0.0,136675.22,0.0
15651581.0,Lavrentyev,758.0,Germany,,68.0,6.0,-99999,1.0,1.0,0.0,35865.44,
15596379.0,Wallace,743.0,Germany,M,150,3.0,119695.75,1.0,0.0,,26136.13,0.0
15746674.0,Miller,730.0,France,F,47.0,7.0,0.0,1.0,1.0,0.0,33373.26,1.0
,Bazhenov,746.0,Spain,M,49.0,7.0,0.0,,0.0,,10096.25,
15663808.0,Ifesinachi,,Germany,F,59.0,8.0,152614.51,2.0,1.0,1.0,188782.3,0.0
15598521.0,Ma,580.0,Germany,F,33.0,,131647.01,2.0,0.0,0.0,79775.19,0.0
15621457.0,Chu,850.0,,M,nan,6.0,nan,2.0,0.0,0.0,152740.16,0.0
15764726.0,Kerr,,,,22.0,3.0,137583.04,1.0,0.0,1.0,5791.85,0.0
15646374.0,Wynne,766.0,Germany,F,nan,3.0,62717.84,2.0,1.0,1.0,,
15716501.0,Moon,659.0,France,M,nan,9.0,95377.13,,0.0,1.0,,0.0
,Disher,607.0,Spain,,28.0,,135936.1,2.0,1.0,1.0,110560.14,0.0
,Cattaneo,644.0,Germany,M,35.0,5.0,161591.11,3.0,,1.0,63795.62,0.0
15659677.0,Beluchi,746.0,France,M,47.0,8.0,142382.03,1.0,1.0,1.0,62086.62,0.0
15594436.0,Mazzi,588.0,,M,nan,2.0,0.0,2.0,1.0,1.0,12483.56,0.0
15748995.0,Ifeajuna,691.0,Spain,M,30.0,9.0,0.0,,0.0,1.0,10963.04,0.0
15677062.0,Howe,666.0,France,F,38.0,6.0,127043.09,1.0,1.0,1.0,8247.0,0.0
15697201.0,Yocum,640.0,Spain,F,46.0,3.0,0.0,1.0,1.0,1.0,156260.08,0.0
15666453.0,Moore,611.0,Germany,F,29.0,4.0,78885.88,2.0,1.0,,,0.0
,Y?an,651.0,Spain,F,45.0,,95922.9,1.0,1.0,0.0,84782.42,1.0
15569867.0,Chinweuba,,France,F,29.0,8.0,0.0,2.0,1.0,0.0,19842.11,0.0
15711602.0,Lowrie,676.0,France,F,36.0,,91711.59,1.0,1.0,1.0,95393.43,0.0
,,639.0,Germany,F,150,10.0,-99999,2.0,1.0,1.0,133995.59,0.0
15750441.0,Lavarack,782.0,France,M,36.0,5.0,81210.72,2.0,0.0,1.0,108003.38,0.0
15732791.0,Davide,641.0,Germany,M,32.0,5.0,122947.92,1.0,,1.0,99154.86,0.0
15775104.0,Gomes,,France,F,38.0,,182065.85,1.0,1.0,0.0,49503.5,0.0
15757607.0,Matveyeva,623.0,France,M,150,0.0,0.0,,1.0,0.0,196533.72,1.0
15793070.0,Fiorentino,494.0,Spain,F,41.0,,69974.66,2.0,1.0,0.0,188426.13,1.0
15760456.0,,731.0,France,F,38.0,10.0,nan,2.0,1.0,0.0,171340.68,1.0
,Gibney,657.0,France,M,44.0,6.0,76495.04,,1.0,0.0,79071.89,0.0
15612418.0,,744.0,France,F,38.0,9.0,0.0,2.0,0.0,,20940.76,
15727138.0,Kulikova,774.0,Spain,,46.0,9.0,0.0,2.0,,1.0,34774.26,0.0
,Liu,850.0,Germany,,45.0,1.0,121874.89,1.0,0.0,0.0,6865.41,1.0
15776051.0,Kao,551.0,France,F,45.0,,0.0,2.0,1.0,1.0,,0.0
15616530.0,Foran,,France,M,36.0,,188455.19,1.0,0.0,0.0,47031.4,1.0
,Jones,792.0,France,F,42.0,0.0,99045.93,2.0,1.0,,47160.01,
,Fowler,666.0,France,F,nan,8.0,0.0,,0.0,1.0,158666.99,0.0
15745433.0,Conti,716.0,Germany,F,30.0,2.0,205770.78,2.0,0.0,0.0,65464.66,0.0
15683657.0,Stephenson,594.0,France,F,31.0,0.0,79340.95,,1.0,0.0,78255.86,0.0
15718572.0,Willis,600.0,Germany,M,57.0,9.0,138456.03,2.0,1.0,1.0,103548.25,0.0
15665783.0,Ts'ui,565.0,France,M,49.0,7.0,-99999,2.0,1.0,1.0,89609.26,0.0
15652782.0,Chibuzo,678.0,Germany,M,48.0,2.0,101099.9,2.0,0.0,1.0,193476.04,0.0
15707025.0,,648.0,Spain,F,31.0,5.0,0.0,2.0,1.0,1.0,5199.02,0.0
15647807.0,,,France,M,40.0,8.0,109219.83,1.0,1.0,0.0,52827.51,0.0
15718281.0,Muir,706.0,,,67.0,,123276.69,2.0,1.0,1.0,86507.88,1.0
15660571.0,Halpern,668.0,Spain,M,43.0,10.0,113034.31,1.0,1.0,1.0,100423.88,0.0
15727857.0,Flynn,635.0,Spain,M,41.0,1.0,0.0,2.0,1.0,0.0,,0.0
15639252.0,Shao,603.0,Spain,M,30.0,6.0,nan,2.0,,,19282.85,0.0
15628144.0,Soares,635.0,France,F,72.0,4.0,74812.84,1.0,0.0,1.0,27448.33,0.0
15683560.0,Gallo,642.0,France,F,40.0,7.0,-99999,2.0,1.0,,183963.34,0.0
,Lei,785.0,Spain,F,54.0,1.0,0.0,2.0,1.0,0.0,45113.92,1.0
,Daniels,628.0,Germany,F,nan,3.0,153538.13,,1.0,0.0,110776.01,0.0
15613962.0,Kenechi,499.0,France,,nan,9.0,0.0,2.0,0.0,1.0,183042.2,0.0
15618437.0,,567.0,Spain,M,34.0,10.0,0.0,2.0,,1.0,161571.79,0.0
15783338.0,Williams,449.0,Spain,M,32.0,0.0,155619.36,1.0,1.0,1.0,166692.03,
,Greece,701.0,Spain,M,35.0,10.0,159693.9,2.0,1.0,1.0,71173.64,0.0
15712960.0,Olisanugo,613.0,Spain,,37.0,3.0,171653.17,1.0,0.0,1.0,,0.0
15688157.0,,683.0,Germany,F,39.0,,47685.47,2.0,1.0,1.0,86019.48,0.0
15579287.0,Rossi,581.0,,,35.0,4.0,0.0,2.0,0.0,1.0,86383.82,0.0
15570931.0,,620.0,France,M,61.0,5.0,0.0,1.0,0.0,,,1.0
15615177.0,Ebelegbulam,,Spain,M,28.0,6.0,123692.0,1.0,,1.0,70548.96,0.0
,Mitchell,558.0,Germany,,26.0,1.0,148853.29,2.0,1.0,1.0,,
15652169.0,Buckley,642.0,France,M,35.0,2.0,133161.95,1.0,0.0,1.0,122254.86,0.0
15649450.0,Repina,805.0,Germany,M,24.0,6.0,143221.35,2.0,1.0,0.0,186035.72,0.0
15777179.0,Ellis,687.0,,M,35.0,9.0,0.0,2.0,0.0,1.0,73133.82,0.0
,Douglas,695.0,Spain,M,56.0,1.0,0.0,3.0,1.0,,,1.0
15610936.0,Becher,562.0,France,M,33.0,6.0,0.0,2.0,1.0,0.0,111590.35,0.0
15590094.0,Nwachukwu,613.0,,M,nan,9.0,126265.88,2.0,0.0,0.0,,0.0
15572706.0,Smith,,France,M,37.0,5.0,0.0,1.0,1.0,0.0,,0.0
15634564.0,Aksyonov,,Spain,M,31.0,8.0,112713.34,1.0,1.0,1.0,176868.89,0.0
15684296.0,Artyomova,714.0,France,,nan,5.0,nan,1.0,0.0,1.0,98896.06,0.0
15702293.0,,588.0,Spain,F,35.0,7.0,0.0,2.0,1.0,1.0,108739.15,
15642099.0,Tsui,679.0,,M,39.0,6.0,0.0,2.0,1.0,0.0,12266.06,
15773273.0,Runyon,,Spain,M,38.0,5.0,118866.36,1.0,1.0,1.0,163317.5,0.0
15613337.0,Gallo,833.0,France,M,47.0,2.0,0.0,2.0,1.0,1.0,182247.77,0.0
15800482.0,Bradshaw,586.0,Spain,F,33.0,7.0,0.0,2.0,1.0,1.0,168261.4,0.0
,Evans,567.0,Spain,F,54.0,5.0,92316.31,2.0,1.0,0.0,158590.66,1.0
15713426.0,,,Germany,M,30.0,1.0,122185.53,1.0,1.0,0.0,102566.46,1.0
15640789.0,Butler,711.0,France,M,38.0,4.0,123345.85,1.0,1.0,0.0,141827.83,0.0
15598892.0,Bradshaw,828.0,France,M,30.0,4.0,73070.18,2.0,0.0,0.0,161671.15,0.0
15606436.0,Bergamaschi,,,,38.0,7.0,0.0,2.0,,0.0,192013.23,0.0
15751227.0,Ebelegbulam,807.0,France,M,47.0,1.0,95120.59,1.0,0.0,0.0,127875.1,0.0
,Greco,850.0,France,M,nan,8.0,nan,1.0,1.0,0.0,60811.56,0.0
15616088.0,Lucas,782.0,France,F,70.0,7.0,97072.42,1.0,0.0,1.0,131177.22,0.0
15803886.0,Barber,629.0,Spain,,31.0,,132876.55,1.0,1.0,1.0,,0.0
15587311.0,Dobbs,582.0,Spain,M,33.0,6.0,0.0,2.0,0.0,,72970.93,0.0
15617401.0,Thomson,468.0,France,M,22.0,2.0,0.0,2.0,1.0,0.0,,0.0
15775886.0,Su,670.0,,M,36.0,3.0,0.0,1.0,,0.0,140754.19,1.0
15807305.0,Watkins,,France,M,39.0,2.0,0.0,1.0,0.0,0.0,166650.32,0.0
15761717.0,Ch'ien,720.0,France,M,26.0,10.0,51962.91,2.0,,0.0,45507.24,
15628008.0,Monds,,Spain,,29.0,,98759.89,1.0,0.0,0.0,112202.64,0.0
15583755.0,McClemans,592.0,Germany,M,33.0,2.0,156570.86,1.0,1.0,1.0,37140.2,
15661409.0,Shen,542.0,France,F,42.0,1.0,0.0,1.0,,1.0,178256.58,1.0
15774250.0,Gallo,532.0,France,,42.0,1.0,159024.71,1.0,1.0,0.0,100982.93,1.0
,Foveaux,520.0,France,F,39.0,1.0,73493.17,,0.0,1.0,109626.13,1.0
15654870.0,Longo,759.0,France,F,nan,8.0,nan,2.0,1.0,1.0,99251.24,0.0
15790448.0,Calabresi,473.0,France,F,35.0,6.0,69617.36,1.0,1.0,0.0,143345.69,0.0
15785326.0,Randall,639.0,Spain,F,35.0,5.0,136526.26,2.0,1.0,0.0,,0.0
15592854.0,Garcia,705.0,France,M,25.0,3.0,113736.27,1.0,0.0,1.0,196864.61,0.0
15617486.0,Sullivan,,France,M,52.0,1.0,106723.28,1.0,0.0,0.0,,1.0
15806796.0,Higgins,516.0,Germany,F,nan,10.0,138847.9,1.0,1.0,1.0,127256.7,0.0
15644699.0,Crawford,850.0,France,F,40.0,0.0,0.0,,1.0,0.0,1099.95,0.0
15622305.0,Martin,746.0,Germany,F,33.0,2.0,107868.14,2.0,1.0,1.0,146192.4,0.0
15608209.0,Currey,622.0,Germany,M,33.0,3.0,-99999,2.0,1.0,0.0,48553.77,0.0
15626898.0,Teng,743.0,France,M,30.0,7.0,77599.23,,0.0,0.0,144407.1,0.0
15644297.0,Austin,732.0,,M,38.0,,178787.54,1.0,1.0,1.0,195760.53,0.0
15731569.0,Hudson,,France,M,81.0,5.0,-99999,2.0,1.0,1.0,44827.47,0.0
15582149.0,Ts'ui,850.0,Germany,F,nan,3.0,nan,2.0,1.0,1.0,88743.99,0.0
,Hancock,686.0,France,M,34.0,6.0,146178.13,2.0,,1.0,,0.0
15686999.0,Nicholas,556.0,France,F,40.0,8.0,0.0,2.0,1.0,0.0,62112.7,0.0
15772479.0,Napolitano,673.0,France,M,nan,4.0,0.0,2.0,0.0,0.0,163563.07,0.0
15778884.0,Jamieson,809.0,France,F,38.0,2.0,154763.21,2.0,,1.0,174800.31,0.0
15623630.0,Foster,634.0,Germany,F,nan,3.0,116251.24,1.0,,1.0,42429.88,1.0
,Moretti,630.0,France,,37.0,6.0,0.0,2.0,1.0,1.0,,
15695097.0,Chiedozie,564.0,Germany,F,30.0,0.0,100954.88,2.0,0.0,0.0,134175.15,
15645404.0,,625.0,France,,51.0,4.0,124620.01,2.0,1.0,,92243.94,1.0
15750574.0,,677.0,Spain,F,34.0,4.0,0.0,2.0,1.0,1.0,6175.53,0.0
15636812.0,Rose,583.0,France,M,40.0,9.0,112701.04,1.0,0.0,0.0,29213.63,0.0
,Wan,592.0,Spain,M,45.0,8.0,84692.5,1.0,0.0,1.0,67214.02,0.0
15652030.0,De Bernales,637.0,Germany,M,49.0,2.0,108204.52,1.0,1.0,0.0,169037.84,1.0
15577398.0,Ch'eng,850.0,France,M,30.0,6.0,86449.39,1.0,1.0,1.0,188809.23,0.0
,Edmondson,633.0,Spain,M,150,10.0,0.0,1.0,0.0,,79408.17,0.0
15806929.0,Ch'ien,751.0,Germany,M,36.0,5.0,73194.99,1.0,1.0,1.0,89222.66,0.0
15656005.0,Millar,592.0,Germany,M,31.0,7.0,124593.23,1.0,,0.0,,0.0
15722632.0,Dickson,716.0,Germany,M,50.0,2.0,119655.77,1.0,1.0,1.0,12944.17,1.0
15794356.0,Toscani,,Germany,M,42.0,3.0,121765.37,2.0,1.0,1.0,166516.84,0.0
15659656.0,,,France,M,35.0,4.0,110837.73,1.0,,0.0,126419.8,0.0
15588341.0,Chigozie,647.0,Spain,M,47.0,10.0,nan,1.0,0.0,1.0,89103.05,0.0
,Sagese,608.0,Germany,F,30.0,2.0,91057.37,2.0,1.0,0.0,132973.17,0.0
15627042.0,Reilly,555.0,France,F,26.0,,0.0,2.0,1.0,0.0,93122.41,0.0
15627517.0,Taylor,497.0,Spain,M,27.0,7.0,149400.27,1.0,0.0,0.0,167522.19,0.0
15803032.0,Yen,599.0,Germany,,38.0,9.0,89111.63,1.0,0.0,0.0,157239.6,0.0
15665129.0,Kapustin,545.0,Germany,M,33.0,1.0,132527.9,2.0,0.0,1.0,107429.71,0.0
15628272.0,Singh,774.0,,F,36.0,9.0,114997.42,1.0,1.0,,75304.09,0.0
15678206.0,Yeh,464.0,France,M,46.0,6.0,161798.53,1.0,1.0,0.0,182944.47,0.0
15678427.0,Genovese,696.0,Germany,,27.0,2.0,96129.32,2.0,1.0,1.0,5983.7,0.0
15678067.0,Boyle,667.0,Spain,M,nan,3.0,0.0,,0.0,0.0,163655.01,0.0
,Blair,812.0,France,M,32.0,5.0,133050.97,2.0,1.0,0.0,89385.92,0.0
15699532.0,Okagbue,516.0,France,M,51.0,8.0,120124.35,2.0,0.0,1.0,,0.0
15605827.0,Khan,645.0,France,M,nan,8.0,0.0,,0.0,,96864.36,0.0
15643635.0,Robertson,664.0,,M,32.0,5.0,133705.74,,0.0,0.0,134455.84,0.0
,Tikhonov,427.0,Spain,F,150,9.0,0.0,2.0,1.0,,28368.37,0.0
15614137.0,MacDonald,685.0,France,F,40.0,,0.0,2.0,1.0,0.0,103898.59,0.0
15754494.0,,585.0,France,F,33.0,4.0,152805.05,1.0,1.0,0.0,63239.65,0.0
15713440.0,Barese,519.0,Germany,F,21.0,1.0,151701.45,3.0,1.0,1.0,170138.68,1.0
15803479.0,Winter-Irving,708.0,France,F,67.0,1.0,0.0,2.0,,,3837.08,0.0
15709639.0,Wilson,717.0,France,F,22.0,,112465.06,1.0,1.0,1.0,92977.75,0.0
15601719.0,Fiorentino,465.0,Germany,M,24.0,6.0,nan,1.0,1.0,0.0,191368.37,0.0
15772482.0,Iloerika,829.0,Germany,,28.0,3.0,132405.52,3.0,1.0,0.0,104889.2,1.0
,Davison,826.0,France,M,26.0,5.0,142662.68,1.0,,,60285.3,0.0
15629002.0,Hamilton,747.0,Germany,M,36.0,8.0,102603.3,2.0,1.0,1.0,180693.61,0.0
15798053.0,Nnachetam,707.0,Spain,M,32.0,9.0,0.0,2.0,1.0,0.0,,0.0
15753895.0,Blue,590.0,Spain,M,37.0,1.0,0.0,2.0,,0.0,133535.99,0.0
15595426.0,Madukwe,603.0,Spain,M,57.0,6.0,105000.85,2.0,1.0,1.0,87412.24,1.0
15645815.0,Mills,615.0,France,,150,5.0,0.0,2.0,,1.0,,0.0
,Ferrari,634.0,France,F,nan,1.0,69518.95,1.0,1.0,0.0,116238.39,0.0
15703068.0,Nixon,,Germany,M,41.0,8.0,126145.54,2.0,,1.0,138051.19,0.0
15791513.0,Manfrin,,France,M,41.0,4.0,138937.35,1.0,,1.0,101617.64,1.0
15587210.0,,591.0,Germany,F,44.0,10.0,113581.98,1.0,1.0,0.0,1985.41,
15793803.0,Robinson,,,M,34.0,1.0,112572.39,1.0,0.0,0.0,165626.6,0.0
15787756.0,,467.0,Germany,M,51.0,10.0,114514.71,2.0,1.0,0.0,177784.68,
15723437.0,Sal,701.0,France,F,35.0,2.0,0.0,,1.0,1.0,65765.22,0.0
15702715.0,Kao,747.0,France,F,nan,10.0,0.0,,1.0,1.0,50759.8,0.0
15809872.0,Ikechukwu,650.0,France,M,32.0,,nan,1.0,1.0,0.0,163216.48,0.0
15644295.0,,731.0,Spain,F,39.0,,126816.18,1.0,1.0,1.0,74850.93,0.0
15778694.0,,638.0,,F,nan,1.0,105249.76,2.0,1.0,1.0,23491.09,0.0
15759555.0,Murphy,,Spain,M,41.0,2.0,0.0,2.0,1.0,0.0,134272.57,0.0
15631406.0,Munro,,Germany,M,50.0,5.0,109387.9,1.0,1.0,0.0,155721.15,0.0
15616676.0,Donnelly,632.0,Germany,M,23.0,,122478.51,1.0,1.0,0.0,147230.77,1.0
15771154.0,,683.0,France,F,nan,8.0,137732.23,2.0,1.0,1.0,133210.44,0.0
15669491.0,Cruz,850.0,,,nan,2.0,157866.77,1.0,1.0,1.0,,0.0
15697691.0,Sinclair,512.0,France,F,41.0,6.0,0.0,1.0,1.0,1.0,100507.81,0.0
15665180.0,Vasiliev,616.0,France,F,31.0,3.0,136789.14,1.0,1.0,0.0,59346.4,1.0
,Vasilyeva,664.0,France,M,36.0,,0.0,2.0,1.0,1.0,95372.64,0.0
15743051.0,Hamilton,694.0,France,M,30.0,10.0,144684.03,1.0,1.0,,31805.49,0.0
15571873.0,Sung,655.0,France,M,24.0,9.0,107065.31,1.0,1.0,1.0,51959.82,
15679743.0,Genovesi,607.0,France,F,33.0,8.0,nan,1.0,0.0,1.0,130824.57,0.0
,Atkinson,,Spain,M,39.0,4.0,207034.96,2.0,0.0,0.0,157694.76,1.0
15775124.0,Watterston,763.0,Spain,M,37.0,8.0,0.0,2.0,1.0,1.0,933.38,0.0
,Butters,,Spain,,50.0,8.0,0.0,1.0,0.0,1.0,2560.11,0.0
15578141.0,Chien,592.0,Spain,M,38.0,3.0,0.0,1.0,1.0,1.0,12905.89,
15595874.0,Gorbunova,666.0,Spain,F,36.0,6.0,0.0,2.0,1.0,0.0,176692.87,0.0
15755642.0,Bulgakov,667.0,France,M,34.0,5.0,0.0,2.0,1.0,1.0,102908.63,0.0
15576526.0,Steele,850.0,Spain,M,36.0,6.0,0.0,2.0,0.0,1.0,,0.0
15792489.0,Polyakova,622.0,,M,42.0,9.0,0.0,2.0,1.0,0.0,119127.06,0.0
15733705.0,Bull,577.0,,F,30.0,8.0,92472.1,2.0,0.0,1.0,126434.61,0.0
15807221.0,Weaver,555.0,Spain,M,21.0,1.0,0.0,2.0,0.0,0.0,,0.0
15573045.0,Earl,,France,M,62.0,10.0,127738.75,2.0,1.0,1.0,85153.0,0.0
15756824.0,Giordano,613.0,Germany,F,nan,5.0,101242.98,2.0,1.0,0.0,12493.61,
15773520.0,Begg,672.0,France,,43.0,4.0,92599.55,2.0,1.0,1.0,167336.78,0.0
15627439.0,Pickering,624.0,,F,36.0,,0.0,2.0,0.0,1.0,186180.42,
15701439.0,Fanucci,698.0,Spain,,50.0,1.0,0.0,4.0,1.0,0.0,88566.9,
15785352.0,Chang,606.0,France,M,150,,82373.94,1.0,0.0,0.0,172526.9,1.0
15616525.0,Sopuluchi,720.0,Spain,M,31.0,4.0,141356.47,1.0,0.0,0.0,137985.69,0.0
15717489.0,,,France,,nan,,0.0,1.0,1.0,0.0,19793.73,1.0
15795737.0,McNaughtan,771.0,Spain,F,150,3.0,72664.0,2.0,1.0,1.0,107874.39,0.0
15693877.0,,811.0,France,F,47.0,3.0,123365.34,2.0,0.0,0.0,171995.34,0.0
15576111.0,,734.0,Germany,M,nan,5.0,nan,,1.0,0.0,61829.89,0.0
15595713.0,Heller,548.0,Spain,M,33.0,6.0,0.0,1.0,1.0,1.0,31728.35,
15808868.0,Nwokeocha,652.0,France,,150,3.0,103696.97,3.0,0.0,0.0,,1.0
15708193.0,,707.0,France,,33.0,2.0,0.0,2.0,0.0,0.0,130866.95,0.0
15697801.0,Sokolova,605.0,Germany,F,56.0,1.0,74129.18,2.0,1.0,1.0,62199.78,1.0
,Bancroft,623.0,France,F,34.0,9.0,0.0,1.0,1.0,0.0,24255.21,
15800524.0,Nnanna,686.0,Germany,M,29.0,3.0,185379.02,1.0,1.0,,64679.07,0.0
15686236.0,Trevisani,525.0,Germany,F,47.0,,118087.68,1.0,,0.0,88120.78,1.0
15659807.0,Nwachinemelu,657.0,Spain,M,41.0,,109402.13,1.0,1.0,1.0,66463.62,0.0
15736078.0,Ting,730.0,Germany,F,33.0,7.0,130367.87,1.0,1.0,0.0,15142.1,1.0
15620836.0,Lo Duca,816.0,Germany,F,34.0,,108410.87,2.0,1.0,,102908.91,0.0
15698184.0,,484.0,France,F,50.0,2.0,nan,2.0,0.0,0.0,48170.57,0.0
15717643.0,Band,728.0,France,F,34.0,6.0,90425.15,2.0,1.0,1.0,11597.69,0.0
15776596.0,Ferri,730.0,,F,39.0,6.0,140094.59,1.0,1.0,0.0,172450.04,1.0
15814757.0,,,Spain,M,31.0,,0.0,2.0,0.0,1.0,184061.17,0.0
15812607.0,,663.0,Germany,F,46.0,6.0,95439.4,1.0,1.0,1.0,21038.58,
15663888.0,Connor,549.0,Germany,M,34.0,6.0,204017.4,2.0,,0.0,109538.35,0.0
15748882.0,Reid,714.0,Spain,M,29.0,9.0,0.0,2.0,1.0,,129192.55,0.0
15690829.0,Sandefur,430.0,Germany,M,49.0,3.0,137115.16,1.0,1.0,0.0,146516.86,1.0
15695819.0,Bidwill,504.0,Germany,,43.0,5.0,134740.19,2.0,1.0,0.0,181430.91,0.0
15696834.0,Cone,530.0,,F,29.0,5.0,0.0,2.0,,0.0,,0.0
15797710.0,Saunders,619.0,Germany,M,29.0,4.0,98955.87,1.0,0.0,1.0,,0.0
15700654.0,Liardet,617.0,,M,44.0,9.0,49157.09,2.0,1.0,,,0.0
15583764.0,Wilkes,791.0,,M,31.0,1.0,130240.33,1.0,0.0,0.0,96546.55,0.0
15688849.0,Martin,609.0,France,M,48.0,1.0,nan,3.0,1.0,1.0,184524.65,1.0
15661473.0,Boni,780.0,Germany,M,51.0,,126725.25,1.0,1.0,0.0,195259.31,1.0
15601030.0,,777.0,Germany,F,nan,5.0,96693.66,1.0,1.0,1.0,172618.52,0.0
15789557.0,Howell-Price,817.0,Germany,F,27.0,7.0,129810.6,1.0,1.0,1.0,59259.44,0.0
15745250.0,,850.0,France,M,58.0,8.0,156652.13,1.0,0.0,0.0,25899.21,
15590349.0,Rowland,,France,F,36.0,9.0,0.0,1.0,0.0,0.0,3749.0,1.0
15741693.0,Barnard,693.0,France,M,40.0,4.0,130661.96,1.0,1.0,1.0,101918.96,0.0
15618446.0,Nnonso,576.0,France,F,50.0,8.0,0.0,2.0,1.0,1.0,57802.62,
15766552.0,Rossi,643.0,France,,37.0,,nan,2.0,0.0,,142454.77,0.0
15668775.0,Pendred,757.0,France,M,47.0,3.0,nan,1.0,1.0,0.0,143829.54,
15757895.0,Martin,569.0,Germany,M,30.0,6.0,106629.49,1.0,0.0,1.0,44114.88,0.0
15774551.0,K?,772.0,,M,36.0,3.0,112029.83,1.0,1.0,1.0,186948.35,0.0
15684011.0,Miller,576.0,Germany,M,29.0,7.0,130575.26,,0.0,,173629.78,
15736146.0,Afamefula,608.0,Germany,M,28.0,4.0,96679.71,1.0,1.0,1.0,49133.45,0.0
15656286.0,,794.0,France,M,33.0,0.0,0.0,2.0,0.0,0.0,178122.71,0.0
15774847.0,Knight,593.0,France,M,50.0,6.0,-99999,1.0,0.0,0.0,20893.61,
15619340.0,Obijiaku,597.0,Spain,M,38.0,1.0,0.0,2.0,1.0,0.0,41303.29,0.0
,Hopkins,541.0,Germany,F,39.0,9.0,100116.67,1.0,1.0,1.0,199808.1,1.0
15623357.0,Onio,692.0,Germany,M,24.0,2.0,120596.93,1.0,0.0,1.0,180490.53,0.0
15601324.0,Black,697.0,,F,48.0,,0.0,2.0,1.0,1.0,87400.53,0.0
15715510.0,Eluemuno,768.0,France,M,150,2.0,95984.69,2.0,,1.0,73686.75,0.0
15663770.0,Doyle,802.0,France,M,nan,1.0,142557.11,1.0,1.0,1.0,172497.73,
15779267.0,Onyemere,584.0,France,M,47.0,,0.0,2.0,1.0,0.0,89286.29,
15597957.0,,614.0,Spain,M,66.0,2.0,0.0,,0.0,1.0,180082.7,0.0
15584620.0,Su,,Germany,,36.0,6.0,143644.16,1.0,1.0,0.0,22102.25,1.0
15750772.0,Walker,671.0,France,F,38.0,6.0,-99999,1.0,0.0,1.0,76068.95,0.0
15706557.0,Ferguson,626.0,France,F,52.0,0.0,0.0,2.0,1.0,0.0,32159.46,
15594391.0,,770.0,France,F,68.0,,183555.24,1.0,0.0,0.0,159557.28,1.0
15661656.0,Onwumelu,633.0,France,M,38.0,2.0,91902.56,2.0,,1.0,107673.35,0.0
15631217.0,Young,663.0,France,M,40.0,6.0,156218.19,1.0,0.0,1.0,33607.72,0.0
15588955.0,Mazzi,581.0,Germany,,43.0,5.0,93259.57,3.0,,0.0,141035.65,1.0
15758252.0,Toscano,561.0,Germany,F,45.0,2.0,nan,2.0,0.0,1.0,115719.08,0.0
15740223.0,Walton,,Germany,M,51.0,1.0,107714.74,3.0,,0.0,86128.21,1.0
15805413.0,Chiang,769.0,France,F,31.0,,117852.26,,1.0,0.0,147668.64,0.0
15635116.0,,659.0,Spain,M,60.0,2.0,0.0,1.0,1.0,0.0,177480.45,1.0
15764892.0,Spinelli,590.0,Spain,F,51.0,10.0,nan,2.0,1.0,1.0,190937.09,0.0
15795936.0,Lung,560.0,France,M,50.0,3.0,0.0,2.0,1.0,0.0,84531.79,0.0
15655232.0,Noble,437.0,Germany,M,35.0,6.0,126803.34,,,1.0,161133.4,0.0
15640133.0,Pai,661.0,,,34.0,0.0,0.0,,1.0,0.0,185555.63,0.0
15751524.0,Chigozie,677.0,Germany,F,150,,68806.84,1.0,1.0,0.0,33075.24,0.0
15670552.0,Peavy,,France,F,31.0,,115141.18,1.0,1.0,0.0,39806.75,0.0
15623966.0,Yermakov,578.0,France,F,35.0,2.0,0.0,2.0,,1.0,26389.92,0.0
15752193.0,Burton,421.0,Spain,M,34.0,6.0,90723.36,1.0,1.0,1.0,,0.0
15607269.0,Costa,492.0,Germany,F,49.0,2.0,151249.45,2.0,1.0,1.0,167237.94,0.0
,Pugliesi,545.0,France,F,32.0,6.0,0.0,2.0,1.0,1.0,52067.37,0.0
15777901.0,Lindell,640.0,Germany,F,nan,9.0,nan,1.0,1.0,0.0,184006.36,1.0
15639117.0,Sorenson,624.0,Spain,F,34.0,6.0,0.0,1.0,1.0,0.0,582.59,1.0
15720203.0,Arcuri,577.0,Spain,M,28.0,7.0,0.0,1.0,1.0,0.0,143274.41,0.0
15586236.0,,704.0,France,M,31.0,5.0,132084.66,3.0,,1.0,54474.48,1.0
,Parry,523.0,France,,45.0,5.0,0.0,2.0,1.0,1.0,121428.2,0.0
15715988.0,Cockett,793.0,,M,35.0,2.0,0.0,2.0,1.0,1.0,79704.12,0.0
15603749.0,Galkina,564.0,France,F,53.0,2.0,45472.28,1.0,1.0,1.0,,1.0
15608956.0,Su,711.0,France,M,33.0,1.0,0.0,1.0,0.0,0.0,41590.4,0.0
15733872.0,Marino,791.0,Germany,F,33.0,10.0,-99999,2.0,0.0,0.0,54019.93,1.0
15666982.0,Spears,,Germany,F,38.0,9.0,123948.85,,1.0,0.0,76053.07,0.0
15602647.0,Cunningham,,Germany,M,39.0,6.0,127415.85,1.0,1.0,1.0,184977.2,1.0
15623063.0,Taylor,651.0,Germany,M,35.0,8.0,110067.71,1.0,,0.0,127678.95,1.0
,Chiazagomekpere,695.0,Spain,M,39.0,4.0,-99999,1.0,1.0,1.0,1243.97,0.0
,Hardacre,847.0,Spain,M,31.0,5.0,0.0,2.0,1.0,1.0,76326.67,0.0
15588928.0,,704.0,France,M,47.0,5.0,nan,2.0,1.0,1.0,145338.61,0.0
15803352.0,Scott,613.0,Germany,M,33.0,3.0,155736.42,2.0,1.0,1.0,57751.21,0.0
15607485.0,Wakelin,692.0,Spain,F,29.0,4.0,0.0,2.0,0.0,,138880.24,0.0
15656249.0,Esposito,720.0,,F,34.0,3.0,nan,2.0,1.0,1.0,136120.29,0.0
15761783.0,Shah,577.0,France,M,41.0,6.0,0.0,,1.0,,167621.18,0.0
15716605.0,Chukwufumnanya,710.0,Germany,,24.0,7.0,103099.17,2.0,1.0,0.0,173276.62,0.0
15757425.0,,716.0,France,F,38.0,1.0,0.0,2.0,,1.0,99661.46,0.0
15603096.0,Lori,410.0,France,M,nan,6.0,125789.69,1.0,0.0,0.0,66333.56,1.0
15588580.0,Kennedy,584.0,Germany,F,36.0,4.0,109646.83,1.0,1.0,1.0,70240.79,0.0
15770539.0,Walters,792.0,France,M,30.0,1.0,127187.86,1.0,1.0,1.0,113553.42,0.0
15572022.0,,605.0,France,F,36.0,6.0,0.0,1.0,0.0,1.0,690.84,0.0
,Lawrence,486.0,Spain,,24.0,1.0,0.0,1.0,1.0,0.0,98802.76,
15752502.0,Cooke,615.0,France,M,150,4.0,130385.82,,0.0,1.0,130661.95,0.0
,Wan,676.0,,M,23.0,,107787.47,1.0,0.0,,116378.82,0.0
15775108.0,Lo Duca,571.0,France,M,34.0,1.0,-99999,2.0,0.0,1.0,186052.15,
15708904.0,Yermakova,850.0,France,F,37.0,,0.0,1.0,0.0,0.0,100101.06,0.0
15600086.0,Combs,717.0,France,M,48.0,7.0,123764.95,,1.0,1.0,169952.82,0.0
15814675.0,Chien,642.0,,F,39.0,8.0,128264.03,1.0,1.0,0.0,,1.0
15572777.0,Meng,,,,47.0,7.0,86006.21,1.0,1.0,1.0,37973.13,0.0
15585106.0,Calabresi,492.0,Germany,F,38.0,8.0,57068.43,2.0,1.0,0.0,188974.81,0.0
15738936.0,Stevenson,760.0,Germany,M,29.0,5.0,103607.24,2.0,0.0,1.0,86334.64,0.0
15750970.0,Davidson,500.0,Spain,M,40.0,1.0,99004.24,1.0,1.0,1.0,152845.99,0.0
15725772.0,Ch'in,,Spain,F,36.0,2.0,0.0,2.0,1.0,1.0,146652.11,
15692106.0,Rose,606.0,Spain,F,25.0,3.0,nan,3.0,1.0,0.0,45482.04,1.0
15791533.0,Ch'ien,367.0,,,42.0,6.0,93608.28,1.0,1.0,0.0,168816.73,1.0
,Artyomova,799.0,Spain,,38.0,2.0,0.0,2.0,1.0,1.0,59297.34,0.0
15785576.0,Mayrhofer,434.0,,M,150,,119496.87,1.0,1.0,0.0,125848.88,0.0
15798834.0,,719.0,Spain,F,32.0,7.0,0.0,1.0,0.0,0.0,,0.0
15744127.0,Kosovich,641.0,France,,37.0,2.0,0.0,2.0,1.0,0.0,,0.0
15637427.0,Lu,461.0,Spain,F,25.0,6.0,nan,2.0,1.0,1.0,15306.29,0.0
,Taplin,790.0,Germany,F,25.0,5.0,152885.77,1.0,1.0,0.0,58214.79,0.0
15615352.0,Ebelechukwu,588.0,France,,31.0,4.0,99607.37,2.0,0.0,1.0,,0.0
,Fleming,621.0,France,M,27.0,4.0,137003.68,1.0,1.0,0.0,21254.06,0.0
15572050.0,Yefimov,768.0,Germany,M,48.0,3.0,122831.58,,1.0,1.0,24533.89,1.0
15581370.0,Andreyeva,681.0,Spain,M,150,2.0,99811.44,2.0,1.0,0.0,23531.5,0.0
15813503.0,Pickering,606.0,Spain,M,37.0,8.0,154712.58,,1.0,0.0,89099.18,0.0
15769783.0,Allan,,Spain,M,37.0,8.0,0.0,1.0,1.0,1.0,807.06,0.0
15793135.0,Wang,713.0,Germany,F,150,7.0,147687.24,1.0,,1.0,121592.5,0.0
15599182.0,Reynolds,597.0,Spain,F,33.0,2.0,0.0,,1.0,1.0,,0.0
15689517.0,Hales,635.0,France,M,27.0,,127009.83,1.0,1.0,0.0,161909.95,
15641366.0,Y?an,599.0,Germany,M,61.0,1.0,124737.96,1.0,0.0,1.0,90389.61,1.0
15588859.0,Rowley,496.0,Spain,F,44.0,,179356.28,2.0,1.0,0.0,2919.21,1.0
15732293.0,Chia,759.0,Spain,M,31.0,8.0,0.0,2.0,1.0,1.0,99086.74,0.0
15568032.0,Moore,757.0,Germany,M,nan,1.0,-99999,3.0,1.0,0.0,163170.32,0.0
15623525.0,Copeland,564.0,Spain,M,31.0,0.0,125175.58,1.0,,1.0,72757.33,0.0
,Rishel,561.0,France,F,22.0,6.0,186788.96,,1.0,0.0,73286.8,
15800811.0,Wan,702.0,France,M,nan,3.0,-99999,1.0,0.0,1.0,146056.29,0.0
15610711.0,Eluemuno,678.0,Germany,F,40.0,8.0,-99999,1.0,0.0,0.0,,0.0
15809654.0,Hsia,707.0,France,F,46.0,7.0,127476.73,2.0,1.0,1.0,146011.55,0.0
15576077.0,Kelly,610.0,France,F,nan,9.0,159561.93,1.0,0.0,1.0,103381.47,0.0
,Muir,744.0,France,M,42.0,1.0,112419.92,1.0,1.0,1.0,83022.92,0.0
15566790.0,McIntyre,598.0,France,M,28.0,8.0,-99999,2.0,0.0,1.0,46041.08,0.0
,Donaldson,562.0,Spain,M,36.0,5.0,0.0,1.0,0.0,1.0,,0.0
15694641.0,Wright,621.0,Spain,F,59.0,2.0,0.0,2.0,1.0,1.0,171364.18,0.0
15605916.0,Uvarova,659.0,France,F,50.0,3.0,0.0,1.0,1.0,0.0,183399.12,1.0
15812356.0,Doherty,722.0,Germany,F,40.0,6.0,89175.06,2.0,,,152883.95,0.0
15644179.0,Allen,606.0,France,F,39.0,3.0,0.0,2.0,1.0,0.0,,1.0
15771674.0,Ma,603.0,Spain,,39.0,5.0,162390.52,,1.0,,54702.66,0.0
15623314.0,Tucker,506.0,Germany,F,59.0,3.0,190353.08,1.0,,0.0,78365.75,0.0
15613292.0,Ch'eng,715.0,,M,21.0,8.0,0.0,2.0,1.0,0.0,68666.63,0.0
,Hs?,690.0,France,M,47.0,2.0,0.0,2.0,1.0,0.0,151375.73,0.0
,H?,644.0,,F,40.0,10.0,139180.97,1.0,1.0,1.0,19959.67,0.0
15587712.0,Chimaijem,589.0,France,M,36.0,8.0,114435.47,1.0,1.0,0.0,,0.0
15671165.0,Esomchi,,France,F,66.0,5.0,nan,,,1.0,76267.59,0.0
15620746.0,Lorenzo,,France,M,nan,4.0,126115.6,1.0,1.0,0.0,100998.5,0.0
15706537.0,Pirogov,577.0,Germany,F,59.0,7.0,111396.97,,,1.0,191070.01,0.0
15589312.0,Larkin,588.0,France,M,30.0,3.0,115007.08,1.0,0.0,0.0,176858.5,0.0
15741180.0,Eddy,617.0,France,M,54.0,6.0,102141.9,1.0,1.0,1.0,45325.26,0.0
15733888.0,Sells,,Spain,F,36.0,3.0,133686.52,1.0,1.0,0.0,190958.48,1.0
15798532.0,Crawford,810.0,France,M,32.0,9.0,120879.73,2.0,0.0,1.0,78896.59,
15577359.0,Bezrukov,767.0,Spain,M,47.0,5.0,0.0,1.0,1.0,0.0,,1.0
15614936.0,Mancini,,Spain,F,150,10.0,82321.88,1.0,0.0,1.0,11144.4,0.0
,,589.0,Spain,F,27.0,,0.0,2.0,1.0,0.0,144181.48,0.0
,,778.0,Spain,M,33.0,5.0,116474.28,2.0,1.0,,,0.0
,,,France,F,34.0,3.0,132352.69,1.0,1.0,0.0,80320.3,
15800793.0,St Clair,,Germany,F,39.0,,182491.57,1.0,1.0,0.0,185830.72,0.0
,Preston,,France,,34.0,6.0,0.0,2.0,,1.0,160095.31,0.0
15635125.0,Findlay,566.0,Spain,M,63.0,2.0,-99999,2.0,1.0,1.0,52198.84,
15636551.0,Nixon,,France,F,29.0,3.0,130181.47,,1.0,0.0,31811.44,0.0
15600912.0,Gorshkov,706.0,Germany,M,32.0,5.0,88348.43,2.0,1.0,1.0,,0.0
15768476.0,Chukwubuikem,,Spain,M,31.0,6.0,0.0,2.0,1.0,1.0,67667.19,0.0
15650266.0,Medvedeva,679.0,Germany,M,39.0,2.0,146186.28,2.0,1.0,1.0,193974.47,0.0
15621004.0,Chukwuhaenye,603.0,France,M,32.0,7.0,0.0,1.0,1.0,0.0,198055.94,1.0
15748352.0,,598.0,Spain,M,34.0,0.0,nan,,0.0,,43249.67,0.0
,Ch'ang,836.0,Germany,F,32.0,4.0,nan,2.0,1.0,0.0,55218.02,0.0
15743236.0,Piccio,687.0,France,F,61.0,7.0,80538.56,1.0,1.0,0.0,131305.37,1.0
15637717.0,Lockington,,Germany,M,41.0,4.0,109026.8,2.0,1.0,1.0,43117.1,0.0
15635500.0,Seleznyov,605.0,Germany,M,75.0,2.0,61319.63,,,1.0,186655.11,0.0
15634792.0,Weston,516.0,France,F,40.0,9.0,0.0,,0.0,,33266.29,0.0
15607560.0,Groom,572.0,France,F,nan,2.0,0.0,2.0,1.0,1.0,555.28,0.0
15727177.0,,557.0,France,M,42.0,6.0,177822.03,1.0,1.0,0.0,150944.31,1.0
15774358.0,Robertson,443.0,Germany,M,59.0,4.0,-99999,1.0,1.0,0.0,72846.58,1.0
15791304.0,Ch'ang,604.0,Germany,M,25.0,7.0,165413.43,1.0,1.0,1.0,35279.74,0.0
15603328.0,Lucchesi,483.0,France,M,27.0,1.0,77805.66,,,1.0,2101.89,0.0
15804937.0,Cambage,702.0,France,M,50.0,3.0,0.0,2.0,0.0,0.0,94949.84,0.0
15804142.0,Tan,670.0,Spain,F,57.0,3.0,175575.95,2.0,1.0,0.0,99061.75,1.0
15608845.0,Tao,804.0,Spain,F,nan,3.0,124197.22,1.0,1.0,,74692.06,
15702434.0,Hsieh,850.0,France,F,30.0,3.0,nan,2.0,1.0,0.0,116692.8,0.0
15632609.0,Burdekin,554.0,France,,39.0,10.0,160132.75,1.0,1.0,0.0,32824.15,0.0
,Longo,588.0,Germany,,37.0,7.0,70258.88,,1.0,0.0,139607.61,0.0
,Maughan,758.0,Germany,M,32.0,4.0,162657.64,2.0,1.0,1.0,115525.13,
15670528.0,Franz,787.0,Germany,M,43.0,0.0,132217.45,1.0,1.0,0.0,20955.03,1.0
15732704.0,Piazza,582.0,Spain,M,25.0,9.0,148042.97,2.0,1.0,0.0,,0.0
,Morant,633.0,Spain,F,33.0,4.0,-99999,1.0,1.0,1.0,159813.18,0.0
,Becher,,Germany,M,47.0,9.0,129289.98,1.0,1.0,0.0,169935.46,1.0
15760177.0,Lombardi,564.0,Spain,M,37.0,9.0,100252.18,,1.0,1.0,146033.52,0.0
15636595.0,Loton,602.0,Spain,M,37.0,3.0,107592.89,2.0,0.0,1.0,153122.73,0.0
15737275.0,Conti,649.0,France,M,39.0,,113096.41,1.0,1.0,1.0,60335.24,0.0
15672905.0,Sani,679.0,Spain,F,40.0,7.0,0.0,2.0,1.0,1.0,163757.29,0.0
15753955.0,,639.0,Spain,M,34.0,7.0,149940.04,2.0,0.0,0.0,156648.81,0.0
15708504.0,Wong,790.0,Germany,M,50.0,,nan,1.0,,1.0,176471.78,1.0
15592451.0,,565.0,France,M,32.0,9.0,0.0,2.0,1.0,,5388.3,0.0
15790455.0,Obialo,478.0,France,F,50.0,2.0,0.0,1.0,0.0,1.0,93332.64,1.0
15572174.0,Mazzi,825.0,France,M,29.0,3.0,148874.01,2.0,0.0,1.0,71192.82,0.0
15656330.0,Von Doussa,528.0,Spain,F,32.0,0.0,68138.37,,1.0,1.0,170309.19,0.0
15569626.0,Miller,577.0,Spain,M,35.0,5.0,-99999,1.0,,1.0,109794.31,0.0
15608726.0,Miracle,663.0,France,M,24.0,7.0,0.0,2.0,1.0,1.0,166310.82,
15637366.0,Su,505.0,Germany,F,25.0,5.0,-99999,2.0,1.0,1.0,126728.27,0.0
15778049.0,Wyatt,633.0,Germany,M,29.0,6.0,117412.35,1.0,0.0,0.0,30338.94,0.0
15727421.0,Anayolisa,586.0,France,F,38.0,6.0,0.0,2.0,1.0,1.0,37935.83,
,Wade,850.0,France,F,35.0,9.0,0.0,,0.0,0.0,25329.48,0.0
15751032.0,,629.0,Germany,F,37.0,1.0,nan,2.0,0.0,0.0,49676.33,0.0
15734737.0,Bruno,744.0,France,M,56.0,,0.0,2.0,1.0,1.0,169498.61,0.0
15746515.0,Greece,750.0,France,,150,7.0,136492.92,3.0,1.0,1.0,,1.0
15664311.0,Yang,637.0,Germany,M,28.0,3.0,123675.69,1.0,1.0,1.0,,0.0
15708139.0,Brown,575.0,France,F,40.0,,139532.34,1.0,1.0,0.0,,0.0
15768574.0,Anderson,671.0,Spain,M,58.0,1.0,nan,1.0,,1.0,21768.21,0.0
15738018.0,Johnston,571.0,,M,40.0,5.0,0.0,2.0,0.0,0.0,,0.0
15699753.0,,590.0,France,M,41.0,1.0,nan,1.0,1.0,0.0,24499.97,0.0
15703199.0,Golibe,619.0,Spain,M,38.0,,96143.47,1.0,0.0,0.0,98994.92,0.0
15627830.0,Nikitina,640.0,Germany,F,30.0,5.0,32197.64,1.0,,1.0,141446.01,0.0
15570855.0,Leonard,670.0,France,M,38.0,7.0,-99999,2.0,1.0,1.0,77864.41,0.0
15772503.0,Burns,737.0,France,F,nan,4.0,0.0,2.0,1.0,,115115.32,0.0
15584453.0,Burtch,555.0,Spain,M,32.0,10.0,0.0,2.0,0.0,1.0,168605.96,0.0
15710111.0,Clark,742.0,France,M,nan,6.0,0.0,2.0,,,38550.4,0.0
15618562.0,,618.0,Germany,F,40.0,0.0,140306.38,1.0,1.0,0.0,160618.61,1.0
15706764.0,Spencer,560.0,France,F,35.0,,0.0,,1.0,0.0,3701.63,0.0
15798737.0,Chao,654.0,,M,150,8.0,0.0,2.0,1.0,0.0,88659.44,
15712608.0,Costa,787.0,Germany,F,42.0,2.0,74483.97,2.0,0.0,1.0,44273.91,0.0
15636736.0,McLachlan,611.0,France,F,53.0,7.0,0.0,2.0,0.0,1.0,156495.39,1.0
15703544.0,Hung,559.0,Spain,M,150,0.0,0.0,1.0,1.0,0.0,182988.94,0.0
15815645.0,Akhtar,481.0,France,M,nan,8.0,152303.66,2.0,,1.0,175082.2,0.0
15705739.0,Toscani,753.0,Germany,M,32.0,5.0,159904.79,1.0,1.0,0.0,148811.14,0.0
15709643.0,Gray,675.0,France,M,32.0,1.0,0.0,3.0,1.0,0.0,85901.09,0.0
15669805.0,Warren,748.0,Germany,F,31.0,1.0,99557.94,1.0,1.0,0.0,199255.32,0.0
15737489.0,Ramsden,610.0,Spain,,46.0,5.0,116886.59,1.0,0.0,0.0,107973.44,
15775131.0,Bartlett,580.0,Spain,M,32.0,9.0,142188.2,2.0,0.0,1.0,128028.6,0.0
15765283.0,,624.0,,F,40.0,,149961.99,2.0,1.0,0.0,104610.86,0.0
15628715.0,Kisch,,France,F,36.0,8.0,0.0,2.0,,1.0,69676.55,0.0
15813283.0,,605.0,France,F,34.0,2.0,0.0,1.0,0.0,,35982.42,0.0
,McGregor,706.0,Spain,M,53.0,7.0,0.0,2.0,0.0,1.0,117939.17,0.0
15598485.0,Pinto,567.0,Spain,M,nan,8.0,-99999,1.0,1.0,1.0,95140.62,0.0
15696552.0,Newman,747.0,France,F,nan,4.0,81025.6,2.0,1.0,0.0,167682.57,0.0
,Pagnotto,664.0,France,M,57.0,1.0,0.0,2.0,1.0,1.0,56562.57,0.0
15701741.0,Williams,711.0,France,F,39.0,3.0,152462.79,1.0,1.0,0.0,90305.97,0.0
15572631.0,Ndubuisi,609.0,France,M,nan,,0.0,1.0,0.0,1.0,109895.16,0.0
15636069.0,Plummer,,Spain,M,28.0,7.0,nan,1.0,1.0,,1843.24,0.0
15682467.0,Chimezie,,France,F,36.0,1.0,nan,1.0,1.0,1.0,102747.02,0.0
15790744.0,Nash,850.0,France,F,34.0,9.0,nan,2.0,1.0,0.0,97465.89,0.0
15625023.0,Onochie,,France,M,40.0,4.0,0.0,1.0,0.0,,,0.0
15731267.0,Rizzo,797.0,,M,37.0,,75263.7,1.0,1.0,0.0,85801.77,
15742879.0,Boni,668.0,Spain,M,nan,1.0,147904.31,1.0,1.0,,69370.05,0.0
15757015.0,Davies,,Germany,F,41.0,5.0,106640.5,1.0,1.0,,176945.96,
15770711.0,Lu,766.0,Germany,F,28.0,4.0,90696.78,1.0,,1.0,21597.2,0.0
15569430.0,Burrows,704.0,Spain,F,36.0,2.0,nan,,1.0,0.0,152039.67,0.0
15617304.0,Ershova,,France,M,40.0,6.0,0.0,2.0,1.0,1.0,111893.09,0.0
15704466.0,Udokamma,692.0,France,F,34.0,7.0,0.0,2.0,,0.0,195074.62,0.0
15664681.0,Aitken,584.0,France,F,35.0,2.0,114321.28,2.0,0.0,0.0,15959.01,0.0
15605534.0,Turnbull,644.0,Germany,F,51.0,4.0,95560.04,1.0,0.0,0.0,72628.84,1.0
15792473.0,Reilly,598.0,Germany,F,50.0,5.0,88379.81,3.0,0.0,1.0,64157.24,
15802625.0,Hardy,733.0,Germany,M,48.0,7.0,85915.52,1.0,,1.0,23860.5,0.0
,Brookman,615.0,Germany,M,58.0,3.0,-99999,1.0,1.0,,85687.09,1.0
15762172.0,Kerr,850.0,France,F,39.0,2.0,0.0,2.0,1.0,,179451.42,0.0
15728333.0,McBurney,521.0,,M,43.0,8.0,0.0,1.0,1.0,1.0,93180.09,0.0
15792868.0,Mickey,675.0,France,,69.0,1.0,0.0,2.0,1.0,0.0,157097.09,0.0
15605698.0,Harrison,746.0,France,M,nan,,0.0,3.0,1.0,1.0,80344.96,1.0
15777060.0,Olszewski,770.0,France,F,33.0,,0.0,1.0,1.0,0.0,26080.54,
15626243.0,Chijioke,618.0,France,M,30.0,3.0,-99999,,1.0,1.0,31406.93,0.0
15719898.0,Young,556.0,France,M,36.0,7.0,154872.08,2.0,1.0,1.0,32044.64,0.0
15599976.0,Bellasis,749.0,France,F,27.0,9.0,0.0,2.0,1.0,0.0,132734.87,0.0
15752809.0,De Mestre,702.0,Spain,M,nan,6.0,116121.67,1.0,1.0,0.0,61602.42,
15589698.0,De Luca,555.0,Germany,,42.0,,-99999,1.0,1.0,1.0,41304.44,1.0
15609977.0,,587.0,France,M,47.0,,71026.77,1.0,1.0,,57962.41,0.0
15750121.0,Tung,,,M,38.0,3.0,0.0,1.0,1.0,,42862.82,0.0
15734177.0,Donahue,,France,M,33.0,4.0,0.0,2.0,1.0,1.0,152992.04,0.0
15781347.0,Okagbue,600.0,France,F,41.0,1.0,0.0,2.0,1.0,,91193.65,0.0
15592025.0,Nnaemeka,651.0,France,M,53.0,7.0,-99999,2.0,1.0,,130132.41,0.0
15670163.0,,666.0,France,F,27.0,4.0,0.0,,0.0,0.0,,0.0
15765402.0,H?,520.0,France,F,39.0,6.0,nan,1.0,0.0,0.0,104118.93,0.0
15624343.0,Napolitani,650.0,Spain,F,50.0,7.0,129667.77,1.0,,,42028.16,0.0
15602354.0,Ginikanwa,564.0,Germany,M,33.0,3.0,109341.87,1.0,1.0,0.0,75632.78,0.0
15579183.0,Spaull,586.0,France,M,64.0,1.0,0.0,2.0,1.0,1.0,53710.23,0.0
15584899.0,Siciliani,617.0,France,F,35.0,5.0,0.0,2.0,0.0,1.0,,0.0
15723658.0,,712.0,Spain,F,30.0,6.0,0.0,,1.0,0.0,152417.97,0.0
15803965.0,Tang,,,M,55.0,3.0,87485.67,1.0,1.0,1.0,3299.01,0.0
15682489.0,Crumbley,605.0,,M,27.0,9.0,0.0,2.0,1.0,0.0,198091.81,0.0
15813645.0,Hamilton,491.0,France,F,36.0,0.0,53369.13,1.0,,,103934.12,0.0
15766787.0,Piazza,707.0,France,,35.0,9.0,0.0,2.0,1.0,1.0,70403.65,0.0
15687171.0,Birch,,Spain,M,34.0,5.0,146679.77,1.0,1.0,0.0,102179.86,0.0
15690744.0,Custance,683.0,France,M,43.0,2.0,112499.42,2.0,,0.0,,0.0
15707974.0,Anayochukwu,815.0,,F,38.0,2.0,48387.0,1.0,1.0,0.0,184796.84,0.0
,Galkin,645.0,,M,38.0,1.0,68079.8,1.0,0.0,,166264.89,0.0
15814772.0,Adams,645.0,Germany,M,49.0,4.0,160133.88,1.0,0.0,1.0,,
,Toomey,683.0,France,M,30.0,4.0,66190.33,1.0,1.0,,115186.97,0.0
15610343.0,Marshall-Hall,705.0,France,F,nan,10.0,0.0,2.0,1.0,1.0,13935.53,1.0
15737414.0,Shen,647.0,France,M,35.0,4.0,123761.68,1.0,1.0,0.0,83910.4,0.0
15788480.0,Pagnotto,786.0,Germany,F,33.0,0.0,122325.58,1.0,0.0,0.0,34712.34,1.0
15568519.0,Wood,534.0,France,M,41.0,9.0,0.0,,1.0,0.0,13871.34,0.0
15792453.0,,602.0,Spain,F,42.0,1.0,138912.17,1.0,1.0,1.0,139494.75,0.0
15658100.0,Piccio,695.0,France,,nan,0.0,0.0,2.0,0.0,1.0,140724.64,0.0
15695197.0,,553.0,Germany,F,25.0,7.0,nan,2.0,1.0,0.0,20682.46,0.0
,Graham,516.0,Spain,,nan,3.0,0.0,2.0,1.0,0.0,124202.26,0.0
15773876.0,Tung,655.0,France,F,34.0,3.0,0.0,,1.0,0.0,159638.77,0.0
15591698.0,P'eng,,Germany,F,49.0,9.0,132934.89,1.0,1.0,0.0,171056.65,1.0
15712813.0,Nevzorova,,Germany,M,43.0,3.0,150805.17,3.0,0.0,1.0,25333.03,1.0
15763898.0,Toscani,568.0,Spain,F,46.0,3.0,nan,2.0,1.0,1.0,29372.62,0.0
15793324.0,McKenzie,,Spain,,32.0,9.0,0.0,,0.0,1.0,38533.79,
15757759.0,Okwuoma,807.0,Spain,F,28.0,7.0,165969.26,3.0,1.0,,156122.13,1.0
,Morley,642.0,Germany,F,36.0,2.0,124495.98,3.0,1.0,1.0,57904.22,1.0
15611729.0,,703.0,Germany,M,39.0,1.0,141559.5,1.0,1.0,1.0,31257.1,1.0
15709531.0,,556.0,France,M,38.0,2.0,114756.14,1.0,1.0,0.0,193214.05,0.0
15650751.0,Butler,585.0,France,F,30.0,,nan,2.0,1.0,1.0,137757.69,0.0
15641413.0,Crawford,587.0,Germany,F,49.0,7.0,155393.98,,1.0,,13308.2,1.0
15753840.0,Brown,,Spain,F,32.0,6.0,0.0,1.0,1.0,,132861.9,1.0
15669994.0,Greece,556.0,Germany,F,31.0,,128663.81,2.0,1.0,0.0,125083.29,0.0
15695301.0,Matthews,504.0,Spain,M,44.0,4.0,113522.64,1.0,1.0,1.0,,0.0
15792004.0,Heath,731.0,Spain,F,26.0,3.0,0.0,2.0,1.0,0.0,37697.29,0.0
15603035.0,Vincent,651.0,France,M,34.0,3.0,0.0,2.0,1.0,1.0,,
15717286.0,Sal,675.0,Spain,F,40.0,8.0,nan,1.0,1.0,0.0,142783.98,1.0
15577107.0,Milne,657.0,Spain,,22.0,6.0,0.0,3.0,0.0,1.0,168412.07,1.0
15754747.0,Bazile,686.0,Germany,M,33.0,9.0,141918.09,2.0,,1.0,184036.47,0.0
15705676.0,Wardle,,,F,150,9.0,107944.33,2.0,0.0,0.0,48478.47,0.0
,Lilly,567.0,France,,36.0,7.0,0.0,2.0,0.0,1.0,3896.08,0.0
15677336.0,Aitken,557.0,Germany,M,57.0,1.0,nan,,1.0,0.0,132370.75,1.0
,Enderby,,Spain,F,45.0,10.0,125191.69,1.0,1.0,,128260.86,1.0
15659949.0,Chiu,850.0,France,M,31.0,1.0,96399.31,2.0,1.0,0.0,106534.15,0.0
15812422.0,Ugorji,637.0,,M,41.0,2.0,0.0,2.0,0.0,1.0,,0.0
15806941.0,Sharpe,499.0,France,M,150,7.0,76961.6,2.0,1.0,1.0,83643.87,0.0
15637690.0,Houghton,622.0,Germany,F,34.0,7.0,-99999,1.0,1.0,0.0,138906.85,
15632882.0,Konovalova,684.0,Germany,M,37.0,1.0,126817.13,,1.0,1.0,,1.0
15807107.0,Patel,612.0,France,,nan,3.0,nan,1.0,1.0,0.0,164081.42,0.0
15661034.0,Ngozichukwuka,813.0,Germany,F,29.0,5.0,106059.4,1.0,0.0,0.0,187976.88,1.0
,Medland,850.0,Germany,M,nan,2.0,112755.34,2.0,0.0,0.0,158171.36,0.0
,Padovano,795.0,Spain,M,29.0,4.0,0.0,2.0,0.0,0.0,155711.64,0.0
15646720.0,Tsui,628.0,Spain,F,55.0,7.0,0.0,,,0.0,85890.75,1.0
15658614.0,H?,565.0,Germany,F,38.0,7.0,145400.69,2.0,1.0,1.0,83844.79,0.0
15704657.0,Denman,601.0,France,M,39.0,3.0,72647.64,1.0,1.0,0.0,41777.9,1.0
15567147.0,Ratten,802.0,Spain,M,40.0,4.0,0.0,2.0,1.0,1.0,81908.09,0.0
15701319.0,Baxter,,Germany,F,37.0,6.0,96340.81,2.0,1.0,1.0,139377.24,1.0
15745266.0,Norman,434.0,Spain,M,55.0,6.0,0.0,1.0,0.0,1.0,73562.05,1.0
15650437.0,Shen,,Germany,M,nan,8.0,124450.36,2.0,,,165786.1,0.0
15764314.0,Reilly,550.0,Germany,M,36.0,2.0,113877.23,2.0,1.0,0.0,174921.91,0.0
,Ifeanacho,599.0,,M,25.0,3.0,0.0,2.0,1.0,1.0,120790.02,0.0
15593501.0,Graham,493.0,France,F,36.0,5.0,148667.81,,1.0,0.0,56092.51,
15804150.0,Lysaght,755.0,France,M,34.0,3.0,0.0,2.0,1.0,1.0,158816.03,0.0
15649297.0,T'ang,605.0,France,F,62.0,4.0,-99999,2.0,0.0,1.0,125660.99,0.0
15641110.0,Abron,708.0,,M,41.0,0.0,0.0,1.0,1.0,0.0,128400.62,0.0
,,699.0,,M,nan,8.0,158697.61,1.0,1.0,0.0,107181.22,0.0
15806570.0,Y?an,763.0,France,F,nan,4.0,0.0,1.0,1.0,0.0,77203.72,1.0
15715345.0,Sergeyeva,743.0,Spain,M,25.0,6.0,0.0,2.0,1.0,0.0,,0.0
15755521.0,Ma,,France,F,48.0,0.0,90044.32,2.0,0.0,1.0,187604.97,1.0
15579074.0,Obiajulu,619.0,Germany,M,38.0,,84651.79,1.0,1.0,1.0,184754.26,0.0
15641158.0,Belcher,739.0,Germany,M,32.0,3.0,102128.27,1.0,1.0,0.0,63981.37,1.0
15752507.0,K?,769.0,Germany,M,60.0,9.0,-99999,,1.0,0.0,192831.67,1.0
15597983.0,Brown,692.0,France,M,69.0,10.0,154953.94,1.0,1.0,1.0,70849.47,0.0
15586069.0,Abernathy,560.0,France,F,30.0,0.0,-99999,1.0,1.0,0.0,27914.95,0.0
15655082.0,Pape,607.0,France,F,48.0,4.0,112070.86,3.0,1.0,0.0,173568.3,
15720155.0,,630.0,Germany,M,29.0,6.0,131354.39,1.0,0.0,1.0,9324.31,1.0
,Ma,767.0,Germany,F,45.0,7.0,nan,2.0,1.0,0.0,26628.88,1.0
15749365.0,Earle,543.0,France,F,34.0,8.0,0.0,2.0,0.0,1.0,145601.8,0.0
15632069.0,Kazantsev,776.0,France,M,39.0,,125211.55,2.0,1.0,0.0,144496.07,0.0
,Uspenskaya,535.0,Spain,M,58.0,1.0,0.0,2.0,1.0,1.0,11779.98,1.0
15766683.0,Coombes,,Germany,M,36.0,,139422.37,1.0,0.0,0.0,83983.39,1.0
15707219.0,,844.0,France,F,28.0,4.0,0.0,2.0,0.0,1.0,123318.37,0.0
15709232.0,McKay,586.0,Germany,F,47.0,5.0,157099.47,2.0,1.0,1.0,65481.86,0.0
15801351.0,,583.0,France,M,40.0,3.0,0.0,2.0,,0.0,47728.0,0.0
15578747.0,,701.0,Spain,M,nan,5.0,83600.24,1.0,0.0,1.0,59195.05,0.0
15675626.0,Dawson,726.0,France,M,28.0,2.0,0.0,1.0,0.0,0.0,98060.51,0.0
15583736.0,Shih,829.0,Germany,M,36.0,4.0,81795.74,2.0,1.0,0.0,90106.94,
15590011.0,Hughes,,Spain,M,38.0,9.0,129378.32,1.0,1.0,1.0,,0.0
15609913.0,Clark,743.0,France,F,46.0,9.0,0.0,1.0,1.0,0.0,113436.08,0.0
15719479.0,Chukwuhaenye,619.0,Spain,F,56.0,7.0,0.0,2.0,1.0,1.0,42442.21,0.0
15575147.0,Wall,699.0,France,M,22.0,9.0,99339.0,1.0,1.0,0.0,68297.61,1.0
15597309.0,,749.0,Spain,M,36.0,7.0,0.0,2.0,0.0,0.0,80134.65,0.0
15648367.0,Lo,,Germany,F,29.0,6.0,74430.1,2.0,1.0,1.0,96051.1,0.0
15758031.0,Lazarev,760.0,Spain,M,38.0,3.0,91241.85,1.0,0.0,1.0,80682.35,0.0
15751771.0,Lowe,528.0,Germany,M,32.0,2.0,-99999,1.0,0.0,1.0,,0.0
15689288.0,Folliero,630.0,France,,26.0,5.0,0.0,2.0,1.0,0.0,182612.38,0.0
15731026.0,Han,683.0,Germany,F,39.0,2.0,100062.16,2.0,1.0,0.0,109201.43,0.0
15775809.0,,677.0,Germany,F,26.0,6.0,98723.67,1.0,0.0,1.0,151146.67,0.0
15743076.0,Pai,,Spain,M,29.0,,0.0,1.0,1.0,1.0,93901.61,0.0
15658258.0,Trejo,693.0,France,,150,6.0,128760.32,1.0,1.0,0.0,36342.79,0.0
15756321.0,,,Spain,F,52.0,5.0,144772.69,1.0,0.0,0.0,98302.57,1.0
15706799.0,Macknight,719.0,Spain,M,44.0,4.0,-99999,1.0,0.0,0.0,84972.9,1.0
,Lo,702.0,France,M,26.0,2.0,71281.29,1.0,1.0,1.0,,1.0
15642636.0,Glossop,755.0,,M,29.0,9.0,117035.89,1.0,1.0,1.0,21862.19,0.0
15704651.0,,514.0,,M,26.0,1.0,0.0,2.0,0.0,0.0,121551.93,0.0
15806771.0,Yefremova,753.0,France,,40.0,0.0,3768.69,2.0,1.0,0.0,177065.24,1.0
15566735.0,Obialo,548.0,Germany,F,36.0,2.0,108913.84,,1.0,1.0,140460.01,0.0
15681671.0,Nkemjika,850.0,Germany,M,28.0,2.0,101100.22,2.0,1.0,1.0,35337.31,0.0
15775949.0,Trevisani,612.0,France,F,38.0,7.0,110615.47,,1.0,1.0,193502.93,0.0
15586752.0,Parkes,,,M,33.0,,152143.89,1.0,1.0,,32174.03,0.0
15582519.0,Seleznyov,479.0,,,47.0,6.0,121797.09,1.0,0.0,1.0,,1.0
15658233.0,Naylor,,France,F,41.0,5.0,109798.25,1.0,0.0,1.0,149593.61,0.0
15755330.0,Forbes,512.0,Germany,M,41.0,7.0,122403.24,1.0,0.0,1.0,37439.9,1.0
15605072.0,,638.0,France,F,43.0,3.0,-99999,1.0,1.0,1.0,142763.51,1.0
15617538.0,,834.0,Spain,M,nan,,nan,2.0,0.0,,45038.74,0.0
15591428.0,Myers,781.0,France,M,29.0,9.0,0.0,2.0,0.0,0.0,172097.4,0.0
15692142.0,Rogova,707.0,Germany,F,48.0,7.0,105086.74,1.0,1.0,1.0,180344.69,1.0
15692931.0,Hsing,670.0,France,M,22.0,2.0,114991.45,1.0,1.0,1.0,37392.56,0.0
15781127.0,Giordano,663.0,Spain,F,33.0,8.0,96769.04,1.0,1.0,1.0,36864.05,0.0
,Okwukwe,624.0,France,F,23.0,5.0,0.0,2.0,0.0,0.0,132418.59,0.0
15677828.0,Chalmers,598.0,France,,34.0,4.0,0.0,2.0,0.0,0.0,60894.26,0.0
15567897.0,Chiazagomekpere,619.0,Germany,,150,5.0,nan,1.0,1.0,1.0,143913.33,0.0
15793641.0,,792.0,France,F,70.0,3.0,0.0,2.0,1.0,1.0,172240.27,0.0
15678333.0,Parry-Okeden,683.0,,F,26.0,7.0,nan,2.0,,0.0,86619.77,0.0
15630511.0,Picot,691.0,France,F,33.0,6.0,0.0,2.0,1.0,0.0,,0.0
15792627.0,Reid,765.0,Spain,F,150,5.0,84557.82,1.0,1.0,,69039.43,0.0
15717191.0,Ferri,508.0,France,M,49.0,1.0,93817.41,2.0,,1.0,132468.76,
15625716.0,Genovesi,637.0,France,F,33.0,9.0,nan,1.0,0.0,1.0,,0.0
15710053.0,Neumayer,667.0,Germany,F,44.0,5.0,140406.68,2.0,0.0,1.0,57164.19,0.0
15580043.0,Murray,575.0,Spain,F,22.0,,-99999,1.0,1.0,,34397.08,0.0
15601410.0,Tien,744.0,Spain,F,nan,1.0,0.0,,1.0,1.0,177431.59,1.0
,Parkes,567.0,France,F,41.0,9.0,137891.35,1.0,1.0,,142009.46,1.0
15619083.0,Yip,502.0,France,,35.0,6.0,0.0,2.0,1.0,1.0,80618.47,0.0
15692207.0,Ingle,609.0,France,F,nan,6.0,0.0,2.0,1.0,1.0,124218.27,0.0
15730705.0,,715.0,France,M,37.0,9.0,165252.52,1.0,1.0,0.0,85286.3,0.0
15749688.0,Lu,541.0,France,,32.0,8.0,0.0,2.0,0.0,0.0,,
15728542.0,Vorobyova,850.0,France,F,71.0,4.0,0.0,2.0,,1.0,,
15760063.0,Chiedozie,595.0,Spain,M,23.0,7.0,0.0,2.0,1.0,1.0,168085.97,0.0
15658982.0,Napolitani,650.0,Germany,,28.0,5.0,122034.4,3.0,0.0,1.0,146663.43,1.0
15758769.0,Coffey,625.0,,F,nan,7.0,0.0,,1.0,0.0,4791.8,0.0
15778481.0,Chigbogu,817.0,France,M,59.0,1.0,118962.58,1.0,1.0,1.0,120819.58,0.0
15661162.0,Akabueze,526.0,Spain,M,49.0,2.0,0.0,1.0,1.0,0.0,114539.67,1.0
15568164.0,Istomin,850.0,France,F,34.0,4.0,71379.53,2.0,,1.0,154000.99,0.0
,Ndubueze,598.0,France,,40.0,2.0,171178.25,1.0,1.0,0.0,137980.58,
15772383.0,Toscani,613.0,France,M,36.0,9.0,131307.11,1.0,0.0,0.0,83343.73,0.0
15667456.0,Ross,709.0,Spain,M,62.0,3.0,0.0,,,1.0,82195.15,0.0
15672983.0,Fernando,678.0,Spain,F,27.0,5.0,87099.85,2.0,1.0,0.0,149550.95,0.0
15799534.0,McClaran,,France,M,71.0,5.0,183135.39,2.0,1.0,1.0,197688.5,0.0
15582847.0,,662.0,France,M,26.0,0.0,0.0,2.0,0.0,1.0,72929.96,0.0
15612478.0,Somadina,,France,M,51.0,10.0,0.0,,1.0,0.0,171045.35,1.0
15709621.0,Wan,662.0,France,M,31.0,3.0,0.0,,0.0,1.0,27731.05,0.0
,Mazzi,770.0,France,F,33.0,6.0,0.0,2.0,1.0,1.0,126131.9,
,Tuan,721.0,Spain,F,33.0,4.0,72535.45,1.0,1.0,1.0,103931.49,0.0
15574830.0,Townsley,633.0,Germany,M,58.0,2.0,128137.42,2.0,1.0,0.0,147635.33,1.0
15603082.0,Yashina,701.0,France,M,51.0,9.0,0.0,2.0,0.0,0.0,61961.57,0.0
15685947.0,Henderson,556.0,Germany,,nan,0.0,115915.53,2.0,0.0,1.0,125435.47,1.0
15643048.0,Mueller,,France,M,66.0,0.0,0.0,,0.0,1.0,42240.54,0.0
15807568.0,Wright,632.0,France,M,50.0,2.0,0.0,,0.0,0.0,57942.88,
15597591.0,Lung,456.0,France,M,nan,5.0,107000.49,1.0,1.0,1.0,153419.62,0.0
15747558.0,Bryant,729.0,Spain,F,nan,,0.0,2.0,1.0,0.0,189727.12,
15756655.0,Madukaife,632.0,,F,34.0,2.0,0.0,2.0,0.0,0.0,165385.55,0.0
15589949.0,Maclean,,Spain,M,34.0,9.0,nan,1.0,,0.0,19687.99,
15601012.0,Abdullah,802.0,France,F,nan,3.0,92887.06,1.0,1.0,0.0,,
15724269.0,,670.0,France,M,25.0,7.0,0.0,2.0,1.0,1.0,144723.38,
15567506.0,Cheatham,738.0,Germany,F,40.0,6.0,114940.67,2.0,,1.0,194895.57,1.0
15791877.0,Gallagher,706.0,Germany,M,34.0,0.0,140641.26,2.0,1.0,,77271.91,0.0
15794360.0,Hao,592.0,Germany,F,70.0,5.0,71816.74,2.0,1.0,0.0,105096.82,1.0
15686538.0,Nixon,522.0,France,F,41.0,7.0,0.0,2.0,0.0,1.0,176780.39,0.0
15585985.0,Wang,746.0,France,M,48.0,5.0,nan,,1.0,0.0,153786.46,1.0
,Kerr,651.0,,M,42.0,,143145.87,2.0,1.0,0.0,43612.06,0.0
15804104.0,Romani,494.0,France,M,28.0,9.0,114731.76,2.0,0.0,1.0,79479.74,0.0
15727619.0,Lock,753.0,,F,46.0,,113909.69,3.0,1.0,0.0,92320.37,1.0
15740237.0,Millar,671.0,Germany,M,36.0,,nan,1.0,0.0,0.0,193201.86,
15801436.0,K'ung,696.0,France,M,42.0,4.0,0.0,1.0,0.0,0.0,126353.13,1.0
15705735.0,Onyekachi,577.0,Spain,M,43.0,3.0,0.0,2.0,1.0,1.0,135008.92,0.0
15649359.0,Somayina,587.0,France,M,36.0,1.0,0.0,2.0,0.0,1.0,17135.6,0.0
15624892.0,Dennis,712.0,Germany,M,37.0,7.0,93978.96,2.0,,0.0,60651.77,0.0
15784918.0,Brown,498.0,Germany,M,35.0,2.0,121968.11,2.0,0.0,,188343.05,0.0
15584785.0,,660.0,France,M,37.0,2.0,nan,,1.0,0.0,23291.83,0.0
15797197.0,Macleod,678.0,Spain,M,29.0,6.0,0.0,2.0,1.0,0.0,,0.0
,Page,530.0,France,M,37.0,8.0,0.0,2.0,1.0,1.0,287.99,0.0
15794101.0,Barese,559.0,France,F,48.0,2.0,0.0,,0.0,1.0,137961.41,0.0
15743245.0,Agafonova,624.0,France,M,150,3.0,nan,1.0,1.0,,72169.95,1.0
15791535.0,Caraway,592.0,France,M,28.0,5.0,137222.77,1.0,0.0,0.0,39608.58,0.0
15605215.0,,767.0,France,M,48.0,9.0,nan,2.0,0.0,1.0,175458.21,0.0
15771749.0,Duncan,653.0,Germany,F,38.0,5.0,114268.22,2.0,1.0,1.0,89524.83,0.0
,Wang,,Spain,,nan,2.0,0.0,2.0,1.0,1.0,13221.25,0.0
15750728.0,Kaur,586.0,,F,42.0,2.0,0.0,1.0,1.0,,102889.34,0.0
15769353.0,Jenkins,550.0,,F,40.0,8.0,nan,1.0,0.0,0.0,166468.21,1.0
,Edwards,643.0,Germany,M,28.0,9.0,160858.13,2.0,1.0,,27149.27,0.0
15716420.0,Kelly,612.0,Spain,M,39.0,5.0,nan,1.0,1.0,1.0,59601.15,0.0
15740602.0,Boyle,674.0,Germany,F,27.0,4.0,111568.01,1.0,0.0,,22026.18,0.0
15796071.0,Loane,657.0,Spain,M,29.0,7.0,83889.03,1.0,1.0,0.0,153059.62,0.0
15811389.0,Padovano,724.0,Germany,F,nan,0.0,171982.95,,,1.0,167313.07,0.0
,Li Fonti,500.0,France,F,34.0,,0.0,2.0,1.0,0.0,12833.96,0.0
15671800.0,Robinson,688.0,France,M,20.0,8.0,-99999,2.0,1.0,1.0,197582.79,0.0
15677288.0,Geach,599.0,France,M,50.0,3.0,121159.65,1.0,0.0,0.0,,
15633525.0,Payne,631.0,France,M,29.0,7.0,0.0,,0.0,1.0,125877.22,0.0
,Chinonyelum,634.0,Spain,M,52.0,,0.0,2.0,1.0,1.0,176913.42,0.0
15579207.0,,545.0,France,M,37.0,3.0,91184.01,1.0,1.0,0.0,105476.65,0.0
15619892.0,Page,644.0,Spain,,18.0,8.0,0.0,2.0,1.0,0.0,59172.42,0.0
15567778.0,Genovese,,Germany,F,54.0,1.0,144027.8,1.0,1.0,1.0,108731.02,1.0
15711750.0,Watson,711.0,France,F,34.0,6.0,0.0,2.0,1.0,1.0,175310.38,0.0
15751084.0,Mancini,712.0,France,F,29.0,8.0,140170.61,1.0,1.0,1.0,38170.04,0.0
15768945.0,Chibueze,627.0,France,M,nan,1.0,nan,1.0,1.0,1.0,105887.04,0.0
15586931.0,Hunter,694.0,Spain,,39.0,3.0,0.0,1.0,1.0,1.0,95625.03,0.0
15636353.0,Buchi,534.0,Spain,M,35.0,4.0,nan,2.0,0.0,0.0,9541.15,0.0
15623858.0,Charteris,603.0,France,M,45.0,9.0,0.0,1.0,0.0,0.0,148516.79,0.0
,Aksenov,808.0,France,F,33.0,2.0,103516.87,1.0,1.0,0.0,113907.8,0.0
15663987.0,Wright,723.0,Spain,M,30.0,1.0,0.0,3.0,1.0,0.0,164647.72,1.0
15780805.0,Lu,585.0,France,,35.0,2.0,0.0,,1.0,0.0,98621.04,1.0
15768566.0,K?,706.0,France,M,34.0,8.0,0.0,2.0,1.0,1.0,37479.97,0.0
,Hou,671.0,France,F,150,6.0,0.0,2.0,,1.0,15846.42,0.0
,Descoteaux,597.0,Spain,M,43.0,2.0,nan,1.0,0.0,,5104.08,1.0
15676576.0,,646.0,France,F,43.0,8.0,143061.88,1.0,1.0,0.0,61937.6,0.0
15800068.0,Cooper,801.0,Spain,F,150,6.0,nan,2.0,1.0,1.0,170008.74,0.0
15648030.0,Crump,731.0,Spain,F,33.0,5.0,137388.01,2.0,1.0,0.0,165000.68,0.0
15668594.0,Diggs,620.0,Germany,F,25.0,1.0,137712.01,1.0,1.0,1.0,76197.05,0.0
15728709.0,Shih,484.0,Germany,M,40.0,,106901.42,2.0,0.0,0.0,118045.98,0.0
15724181.0,Hudson,647.0,Spain,M,47.0,,105603.21,2.0,1.0,1.0,157360.9,0.0
15647546.0,Carvosso,688.0,Germany,F,150,,nan,,0.0,1.0,,0.0
15702601.0,Wyatt,680.0,Germany,M,nan,4.0,108300.27,,0.0,1.0,44384.57,1.0
15567725.0,Kodilinyechukwu,689.0,France,F,46.0,7.0,52016.08,2.0,1.0,1.0,,
15674179.0,Vorobyova,513.0,Germany,M,34.0,7.0,60515.13,1.0,0.0,0.0,124571.09,0.0
15686957.0,Piccio,553.0,Germany,M,35.0,2.0,158584.28,2.0,1.0,0.0,43640.16,0.0
15607690.0,Hsing,689.0,Germany,M,47.0,2.0,118812.5,2.0,0.0,0.0,31121.42,0.0
15806546.0,Lucas,517.0,Spain,M,46.0,4.0,nan,1.0,1.0,0.0,22372.78,0.0
15632850.0,T'ang,731.0,France,,37.0,8.0,0.0,2.0,1.0,1.0,170338.35,0.0
15709016.0,North,687.0,Germany,F,47.0,1.0,91219.29,,0.0,,158845.49,1.0
15638068.0,Thompson,507.0,Spain,,32.0,7.0,0.0,2.0,,0.0,,0.0
15749345.0,Simpson,468.0,France,F,22.0,,76318.64,1.0,1.0,1.0,194783.12,0.0
15791321.0,Nwora,682.0,Spain,F,58.0,,0.0,1.0,1.0,0.0,,0.0
15699095.0,Chandler,603.0,France,F,24.0,3.0,0.0,1.0,1.0,1.0,198826.03,1.0
,Uspensky,522.0,Germany,,25.0,1.0,111432.13,1.0,1.0,1.0,168683.57,0.0
15575445.0,Ferguson,629.0,Spain,M,41.0,,150148.51,1.0,0.0,,6936.27,
15752622.0,Kerr,729.0,France,F,150,7.0,38550.06,1.0,0.0,1.0,179230.23,0.0
,,574.0,France,F,39.0,5.0,119013.86,1.0,1.0,0.0,103421.91,0.0
15570857.0,Kambinachi,677.0,Germany,F,39.0,0.0,111213.64,,1.0,,147578.26,0.0
15599386.0,Black,627.0,Germany,M,28.0,,71097.23,1.0,1.0,1.0,,0.0
15744913.0,Chizoba,788.0,Spain,M,36.0,10.0,109632.85,1.0,1.0,1.0,16149.13,0.0
15647292.0,Peng,697.0,France,M,63.0,7.0,148368.02,1.0,0.0,0.0,118862.08,1.0
15728838.0,Leach,578.0,France,M,45.0,1.0,148600.91,1.0,1.0,0.0,143397.14,1.0
,Chiazagomekpele,519.0,France,M,48.0,10.0,71083.98,1.0,1.0,0.0,137959.0,0.0
15749068.0,Nickson,632.0,France,F,40.0,9.0,139625.34,1.0,,,93702.96,1.0
15622985.0,Lin,679.0,France,,39.0,4.0,-99999,1.0,0.0,,172939.3,1.0
15587676.0,,699.0,France,M,30.0,9.0,0.0,1.0,1.0,1.0,108162.13,0.0
15779496.0,Sykes,615.0,France,M,64.0,0.0,81564.1,2.0,0.0,1.0,35896.09,0.0
15733460.0,Martin,622.0,Spain,M,36.0,9.0,0.0,2.0,1.0,1.0,104852.6,0.0
,Herz,755.0,France,F,28.0,7.0,124540.28,1.0,0.0,1.0,188850.89,0.0
15795290.0,Nikitina,767.0,France,F,42.0,2.0,133616.39,1.0,1.0,,28615.8,0.0
15611223.0,Ko,,Germany,F,38.0,10.0,101648.5,2.0,1.0,0.0,,0.0
15794159.0,Highett,633.0,France,F,26.0,,124281.84,1.0,1.0,1.0,60116.57,0.0
15780677.0,Jackson,717.0,France,,59.0,4.0,0.0,2.0,1.0,1.0,,0.0
15690175.0,Ball,585.0,Spain,M,45.0,0.0,0.0,2.0,0.0,0.0,189683.7,0.0
15722599.0,,,,F,nan,,183613.66,2.0,0.0,0.0,49734.94,
15569976.0,Woronoff,754.0,Germany,M,65.0,1.0,136186.44,1.0,1.0,1.0,121529.59,1.0
15707011.0,Morrison,495.0,France,M,47.0,10.0,137682.68,1.0,1.0,0.0,71071.47,0.0
15702277.0,Smith,650.0,France,M,150,4.0,106005.54,1.0,0.0,1.0,142995.32,
15801915.0,Rendall,529.0,France,F,31.0,6.0,152310.55,1.0,1.0,0.0,13054.25,0.0
15580213.0,McIntyre,585.0,France,F,43.0,2.0,0.0,2.0,1.0,0.0,89402.54,0.0
,Wei,,Spain,M,32.0,1.0,134446.04,1.0,,1.0,111241.37,0.0
15715888.0,Allardyce,591.0,France,F,38.0,2.0,nan,1.0,0.0,1.0,119638.85,0.0
15732967.0,Cremonesi,731.0,,,19.0,6.0,0.0,,1.0,1.0,,0.0
15737047.0,Weatherford,754.0,France,F,45.0,,0.0,1.0,1.0,0.0,73881.68,1.0
15694039.0,Jen,650.0,Germany,F,46.0,9.0,nan,,1.0,0.0,,0.0
15649457.0,Macleod,588.0,,M,41.0,2.0,131341.46,2.0,0.0,1.0,7034.94,0.0
15742809.0,Mironova,712.0,Spain,F,29.0,7.0,77919.78,1.0,1.0,0.0,122547.58,0.0
15637829.0,Sharpe,691.0,France,F,34.0,,0.0,2.0,0.0,1.0,161559.12,0.0
15633194.0,Osborne,771.0,France,F,41.0,10.0,nan,4.0,1.0,1.0,137510.41,
15611635.0,Chu,678.0,Spain,F,39.0,6.0,nan,1.0,0.0,1.0,185366.56,0.0
15638774.0,Chong,719.0,Spain,F,40.0,9.0,0.0,2.0,1.0,0.0,182224.14,0.0
15722037.0,Alvarez,610.0,Germany,M,36.0,7.0,115462.02,1.0,0.0,1.0,42581.04,0.0
15672930.0,Palerma,722.0,Spain,M,37.0,9.0,0.0,2.0,1.0,0.0,31921.95,0.0
15668774.0,Chiemenam,758.0,,F,23.0,5.0,122739.1,1.0,1.0,0.0,102460.84,1.0
15780966.0,Pritchard,709.0,France,F,32.0,2.0,0.0,2.0,0.0,0.0,109681.29,0.0
15659694.0,Wallis,634.0,Germany,F,nan,3.0,113781.5,2.0,1.0,1.0,106345.05,1.0
15624424.0,,678.0,Spain,F,49.0,1.0,0.0,2.0,1.0,1.0,102472.9,0.0
,Hill,,France,M,nan,3.0,nan,2.0,1.0,1.0,36249.76,0.0
15755405.0,Hudson,710.0,France,M,43.0,9.0,-99999,1.0,1.0,0.0,32996.89,1.0
15647570.0,Chung,,Germany,M,nan,8.0,120591.19,1.0,0.0,0.0,195123.94,0.0
15684348.0,Zhdanova,,France,M,63.0,,0.0,2.0,0.0,1.0,57014.43,
,Fraser,551.0,France,F,59.0,2.0,166968.28,1.0,1.0,0.0,159483.76,1.0
15646942.0,Meng,786.0,Spain,F,39.0,7.0,nan,2.0,0.0,0.0,100929.59,0.0
15748920.0,Cherkasova,561.0,France,F,49.0,,0.0,2.0,,1.0,12513.07,0.0
15694581.0,Rawlings,807.0,Spain,M,42.0,5.0,0.0,2.0,1.0,1.0,,0.0
15643215.0,Jen,602.0,Germany,M,38.0,2.0,nan,2.0,0.0,0.0,137111.89,0.0
15649060.0,Chien,727.0,Germany,F,150,3.0,82729.47,2.0,1.0,0.0,60212.51,0.0
15774258.0,Gorbunov,678.0,France,M,40.0,1.0,0.0,2.0,,1.0,187343.4,0.0
,Lucas,730.0,France,M,23.0,8.0,0.0,2.0,1.0,0.0,183284.53,0.0
15617029.0,Young,596.0,,F,30.0,1.0,0.0,2.0,1.0,0.0,8125.39,0.0
15780716.0,Colombo,686.0,Germany,M,39.0,3.0,129626.19,2.0,1.0,1.0,103220.56,0.0
15577018.0,Tsao,684.0,Germany,F,26.0,2.0,114035.39,,,0.0,96885.19,0.0
15809515.0,Lewis,797.0,Germany,M,32.0,1.0,151922.94,,1.0,0.0,8877.06,0.0
15789924.0,,658.0,France,F,39.0,4.0,0.0,1.0,1.0,1.0,147530.06,0.0
15725076.0,,653.0,Spain,F,27.0,6.0,107751.68,2.0,1.0,1.0,,0.0
15672481.0,Ulyanov,641.0,France,M,37.0,6.0,0.0,2.0,1.0,0.0,45309.24,0.0
15574115.0,Shaw,656.0,Spain,,41.0,6.0,101179.23,2.0,1.0,1.0,35230.61,0.0
15661830.0,Lucciano,750.0,Spain,F,36.0,6.0,0.0,2.0,1.0,1.0,59816.41,0.0
,Gordon,768.0,France,F,40.0,8.0,0.0,2.0,0.0,1.0,69080.46,0.0
15673820.0,Woodward,568.0,,M,33.0,7.0,0.0,2.0,1.0,,143450.61,0.0
15747772.0,,,Germany,M,36.0,9.0,58571.18,2.0,1.0,0.0,40774.01,0.0
15666197.0,Boni,430.0,Germany,F,38.0,8.0,153058.64,1.0,1.0,0.0,99377.27,
15773639.0,Truscott,745.0,Germany,M,35.0,4.0,98270.34,,1.0,0.0,133617.43,
15581893.0,,747.0,France,M,43.0,,130788.71,1.0,0.0,1.0,101495.0,1.0
15672447.0,Bailey,657.0,Germany,M,40.0,7.0,99165.84,1.0,,1.0,119333.95,1.0
15777830.0,,639.0,,F,42.0,4.0,0.0,2.0,0.0,0.0,167682.37,0.0
15713890.0,Maclean,704.0,France,M,44.0,3.0,0.0,2.0,0.0,1.0,152884.85,0.0
15577598.0,Chiang,651.0,Spain,,23.0,4.0,115636.05,2.0,1.0,0.0,,0.0
15786042.0,Willmore,706.0,Germany,F,44.0,2.0,nan,2.0,1.0,0.0,65413.41,0.0
15753462.0,Godson,632.0,Germany,M,30.0,2.0,72549.0,2.0,0.0,1.0,182728.8,0.0
15759690.0,Smith,,France,M,42.0,4.0,0.0,,1.0,1.0,81442.6,0.0
15801414.0,Bitter,767.0,France,F,35.0,,0.0,2.0,0.0,0.0,144251.38,
,Ts'ao,741.0,France,M,39.0,,nan,1.0,0.0,1.0,,0.0
15608701.0,Chialuka,651.0,Germany,M,150,3.0,121890.06,1.0,1.0,0.0,54530.51,1.0
15582892.0,Scott,601.0,France,M,46.0,2.0,99786.07,1.0,1.0,1.0,32683.88,1.0
15632967.0,Feng,520.0,,M,34.0,3.0,0.0,,,1.0,104703.96,0.0
15587573.0,Castiglione,626.0,Germany,M,27.0,4.0,115084.53,2.0,,1.0,26907.43,0.0
15654891.0,He,811.0,France,M,30.0,6.0,0.0,2.0,1.0,,180591.32,0.0
15611365.0,Fanucci,730.0,,F,32.0,9.0,127661.69,1.0,0.0,0.0,60905.51,
,Ginikanwa,604.0,Germany,F,47.0,4.0,118907.6,1.0,0.0,1.0,47777.15,1.0
15810203.0,Manning,499.0,Germany,F,44.0,6.0,77627.33,,,0.0,108222.68,0.0
15813660.0,Forlonge,754.0,Spain,M,40.0,2.0,160625.17,1.0,0.0,1.0,3554.63,0.0
15605673.0,Liang,716.0,Spain,F,29.0,8.0,0.0,2.0,0.0,0.0,78616.92,0.0
15669282.0,Uchechukwu,636.0,France,F,20.0,10.0,124266.86,1.0,0.0,0.0,100566.81,0.0
15792726.0,Sung,470.0,France,F,25.0,8.0,127974.06,2.0,1.0,,183259.35,0.0
15593241.0,Tochukwu,444.0,France,M,43.0,3.0,0.0,2.0,1.0,1.0,159131.21,
15683053.0,Reyna,809.0,,F,48.0,,0.0,1.0,1.0,0.0,160976.85,1.0
,Liang,850.0,Germany,F,30.0,3.0,104911.35,2.0,1.0,1.0,42933.26,0.0
,,,France,M,27.0,1.0,0.0,2.0,1.0,0.0,91291.2,0.0
15760450.0,Rutherford,512.0,,,43.0,1.0,0.0,2.0,1.0,1.0,52471.36,0.0
15787204.0,Howe,774.0,Spain,F,43.0,1.0,110646.54,1.0,0.0,0.0,108804.28,0.0
15650454.0,Tran,641.0,France,M,57.0,5.0,0.0,2.0,1.0,1.0,122449.18,0.0
15573730.0,,586.0,Germany,M,42.0,6.0,126704.49,2.0,1.0,0.0,41682.3,
15705050.0,Linger,611.0,France,M,30.0,9.0,0.0,2.0,1.0,1.0,148887.69,0.0
15791342.0,Johnston,660.0,Spain,M,31.0,1.0,84560.04,1.0,1.0,,137784.25,0.0
15684316.0,Udokamma,532.0,,,43.0,9.0,0.0,2.0,0.0,0.0,190573.91,1.0
15700540.0,Barrera,557.0,Germany,F,nan,2.0,129893.56,1.0,0.0,0.0,,0.0
15770631.0,Sutherland,730.0,Spain,M,25.0,5.0,167385.81,,1.0,1.0,56307.51,0.0
15790594.0,Bednall,535.0,,F,27.0,6.0,0.0,2.0,0.0,1.0,49775.58,0.0
15604020.0,Otoole,773.0,Germany,F,36.0,4.0,105858.71,1.0,0.0,,4395.45,0.0
15637599.0,Cremonesi,510.0,Germany,F,44.0,4.0,123070.89,1.0,,0.0,28461.29,
15736578.0,Hamilton,539.0,France,,39.0,1.0,nan,1.0,1.0,1.0,28184.7,0.0
15666332.0,Donaldson,690.0,Spain,F,nan,2.0,0.0,2.0,1.0,1.0,3149.1,0.0
15727291.0,McKay,821.0,France,F,40.0,1.0,0.0,2.0,1.0,,194273.12,0.0
15785920.0,,687.0,Germany,,35.0,1.0,nan,2.0,1.0,1.0,148537.07,0.0
15658987.0,Kane,557.0,France,F,46.0,4.0,96173.17,2.0,1.0,1.0,116378.31,0.0
15687719.0,She,532.0,,F,150,5.0,0.0,2.0,0.0,1.0,6761.84,0.0
15799641.0,Bruno,540.0,Spain,M,nan,2.0,0.0,2.0,1.0,,,
15758702.0,Watson,705.0,France,F,55.0,,0.0,2.0,1.0,,14392.68,0.0
15689526.0,Shih,542.0,Germany,,35.0,,127543.11,2.0,1.0,0.0,468.94,1.0
15586848.0,Rose,706.0,,,38.0,,0.0,2.0,1.0,0.0,122379.54,0.0
,Zikoranachukwudimma,765.0,,F,56.0,,0.0,,1.0,0.0,13228.93,1.0
15719426.0,Cole,529.0,France,M,150,,103101.56,,1.0,1.0,154002.02,1.0
15639265.0,Isaacs,714.0,France,M,54.0,7.0,126113.28,1.0,1.0,0.0,112777.38,0.0
,Muravyova,582.0,France,M,150,1.0,40488.76,1.0,1.0,0.0,128528.83,0.0
,Timperley,609.0,Germany,F,40.0,10.0,137389.77,2.0,1.0,0.0,170122.22,0.0
15633227.0,Kenechukwu,518.0,France,F,28.0,9.0,85146.36,1.0,0.0,0.0,,0.0
15753092.0,He,791.0,Germany,M,nan,5.0,129828.58,1.0,1.0,1.0,181918.26,1.0
15782939.0,Storey,747.0,France,M,42.0,4.0,80214.36,1.0,1.0,0.0,115241.96,1.0
,Onyekachukwu,565.0,France,,40.0,2.0,0.0,2.0,1.0,1.0,129956.13,0.0
15590676.0,Kharlamova,735.0,France,M,34.0,1.0,141796.43,1.0,1.0,0.0,45858.49,0.0
15599329.0,Christopher,697.0,France,F,nan,7.0,195238.29,4.0,0.0,,131083.56,1.0
15783097.0,,813.0,Germany,,27.0,6.0,111348.15,1.0,1.0,0.0,46422.46,0.0
15597885.0,Kerr,,France,M,43.0,6.0,0.0,,,,57675.88,0.0
15597467.0,Duncan,606.0,France,F,71.0,8.0,0.0,2.0,1.0,1.0,169741.96,0.0
15724764.0,Lawley,667.0,Germany,,42.0,10.0,-99999,,0.0,0.0,26022.37,0.0
15778418.0,,,Germany,,40.0,9.0,154309.67,1.0,1.0,1.0,125334.16,1.0
15684769.0,Whitson,542.0,France,M,67.0,10.0,129431.36,1.0,0.0,1.0,21343.74,0.0
15756167.0,Doyne,762.0,,F,43.0,5.0,-99999,1.0,1.0,1.0,139971.01,0.0
15632439.0,Pinto,698.0,France,F,150,4.0,0.0,2.0,0.0,,47455.82,0.0
15755138.0,Chin,850.0,,F,32.0,8.0,0.0,2.0,1.0,1.0,55593.8,0.0
15659092.0,Davide,621.0,France,F,50.0,5.0,nan,2.0,1.0,0.0,191756.54,1.0
,Torres,671.0,Germany,F,48.0,9.0,-99999,2.0,0.0,0.0,76373.38,0.0
15801994.0,Buccho,775.0,France,,31.0,9.0,0.0,2.0,1.0,0.0,,0.0
15647572.0,,504.0,Spain,M,34.0,0.0,54980.81,,,1.0,136909.88,0.0
15644551.0,Wimble,751.0,Spain,F,37.0,3.0,99773.85,2.0,1.0,0.0,54865.92,0.0
,Pirozzi,,Germany,M,30.0,7.0,101231.77,2.0,0.0,0.0,,0.0
15684469.0,Hsiung,841.0,Germany,M,nan,2.0,117070.21,1.0,,0.0,113482.2,0.0
,,709.0,Germany,M,23.0,8.0,73314.04,2.0,1.0,0.0,63446.47,0.0
,Onio,,France,M,37.0,2.0,0.0,1.0,1.0,,13624.02,0.0
15690589.0,,,France,,nan,,212314.03,1.0,0.0,1.0,148814.54,0.0
15595350.0,Fermin,661.0,France,F,31.0,3.0,136067.82,2.0,1.0,0.0,65567.91,0.0
,Moss,,Spain,,nan,2.0,109052.04,,1.0,0.0,6409.55,0.0
15804064.0,,742.0,France,F,35.0,2.0,79126.17,1.0,1.0,1.0,126997.53,
15717770.0,Marcelo,850.0,Spain,F,55.0,7.0,0.0,1.0,0.0,0.0,171762.87,1.0
15754443.0,Fadden,443.0,France,F,35.0,,108308.0,1.0,1.0,0.0,129031.19,1.0
15776939.0,Zox,778.0,Germany,F,150,3.0,102290.56,2.0,1.0,0.0,182691.31,0.0
15713517.0,Otitodilinna,529.0,France,M,39.0,6.0,102025.08,2.0,1.0,0.0,12351.01,
15683522.0,Kennedy,678.0,Germany,F,37.0,2.0,113383.07,1.0,1.0,1.0,135123.96,0.0
,Tu,516.0,Spain,,65.0,9.0,102541.1,1.0,1.0,0.0,181490.42,0.0
15771054.0,Barnes,469.0,Spain,M,nan,5.0,0.0,2.0,,0.0,186490.37,0.0
15578788.0,Bibi,786.0,Spain,M,40.0,6.0,0.0,,,0.0,41248.8,0.0
,L?,703.0,France,F,41.0,6.0,109941.51,,1.0,0.0,116267.28,0.0
15750837.0,Landseer,579.0,Germany,M,41.0,0.0,141749.68,1.0,0.0,1.0,9201.53,0.0
15576022.0,Nwachinemelu,565.0,,M,38.0,,0.0,2.0,0.0,1.0,80630.32,0.0
,Ch'iu,443.0,France,,44.0,2.0,0.0,1.0,1.0,0.0,159165.7,0.0
15627298.0,Vinogradova,589.0,France,M,150,7.0,nan,2.0,1.0,0.0,86490.09,1.0
15811415.0,Jenks,691.0,France,F,44.0,6.0,134066.1,2.0,1.0,1.0,197572.41,0.0
15645059.0,Crace,711.0,France,F,28.0,8.0,0.0,2.0,0.0,0.0,105159.89,0.0
,Packham,775.0,Spain,M,27.0,4.0,0.0,1.0,1.0,1.0,40807.26,0.0
15718667.0,T'ien,621.0,France,M,35.0,7.0,87619.29,1.0,1.0,0.0,143.34,0.0
15803202.0,Onyekachi,350.0,France,M,51.0,10.0,0.0,1.0,1.0,1.0,125823.79,1.0
15593683.0,Solomina,668.0,Spain,F,150,8.0,0.0,2.0,1.0,0.0,138465.7,0.0
15703394.0,Hawes,633.0,,M,27.0,3.0,0.0,2.0,1.0,0.0,44008.91,0.0
15570289.0,Benson,697.0,Germany,,43.0,,103409.16,1.0,1.0,0.0,66893.28,1.0
15567437.0,Emenike,734.0,Germany,F,150,,123040.38,1.0,1.0,1.0,76503.06,0.0
,Nero,434.0,France,M,41.0,4.0,108128.52,1.0,0.0,1.0,56784.11,
15656592.0,,646.0,Germany,M,150,8.0,169023.33,2.0,1.0,1.0,175657.55,0.0
15634373.0,Yang,,France,M,30.0,5.0,0.0,2.0,,1.0,105155.66,0.0
15769125.0,Palerma,727.0,Spain,F,41.0,10.0,0.0,2.0,0.0,1.0,47468.56,0.0
15711386.0,,724.0,,F,29.0,6.0,0.0,2.0,0.0,1.0,64729.51,0.0
,Haddon,749.0,Spain,M,150,9.0,222267.63,1.0,0.0,0.0,101108.85,1.0
15642530.0,Coates,706.0,Germany,F,47.0,10.0,144090.42,1.0,1.0,,140938.95,1.0
15713599.0,Castiglione,728.0,France,M,30.0,10.0,114835.43,1.0,0.0,1.0,,0.0
15744770.0,Stone,636.0,,M,44.0,2.0,nan,2.0,0.0,0.0,86414.41,0.0
15780498.0,Maynard,634.0,France,M,34.0,3.0,145030.92,1.0,1.0,1.0,41820.65,0.0
15624397.0,Moore,627.0,France,M,43.0,,71240.3,1.0,0.0,1.0,127734.16,0.0
15615219.0,Obielumani,518.0,France,M,59.0,5.0,138772.15,1.0,0.0,1.0,123872.0,0.0
15570908.0,Harding,687.0,Spain,F,29.0,7.0,93617.07,1.0,0.0,1.0,113050.92,0.0
15762855.0,Hill,622.0,Spain,F,23.0,8.0,0.0,,1.0,1.0,131389.39,0.0
15661827.0,,693.0,Spain,,45.0,4.0,0.0,2.0,1.0,1.0,26589.56,0.0
,Pagnotto,,,M,25.0,9.0,74237.2,2.0,0.0,1.0,195463.35,0.0
15691906.0,Esposito,664.0,Germany,F,49.0,5.0,127421.78,2.0,1.0,0.0,108876.75,1.0
15793424.0,Tan,663.0,Spain,F,28.0,,61274.7,2.0,1.0,0.0,136054.45,0.0
15577905.0,Hammond,660.0,France,M,150,8.0,nan,2.0,,1.0,182262.66,0.0
15667216.0,Chung,579.0,France,F,29.0,10.0,-99999,2.0,1.0,1.0,129209.09,0.0
15673971.0,Houghton,655.0,Germany,F,44.0,,146498.76,1.0,1.0,0.0,,1.0
15701238.0,Chia,683.0,France,M,47.0,1.0,nan,2.0,1.0,0.0,148989.15,0.0
15644849.0,Zikoranachidimma,655.0,France,F,32.0,2.0,0.0,1.0,1.0,1.0,71047.51,
15635531.0,,575.0,Spain,F,30.0,8.0,0.0,2.0,1.0,0.0,185341.63,0.0
15632263.0,Pagnotto,,Spain,M,30.0,5.0,120355.0,1.0,1.0,0.0,,0.0
15720110.0,Oluchukwu,,France,M,32.0,2.0,117265.21,1.0,1.0,1.0,198317.23,0.0
15619045.0,Baxter,776.0,France,F,43.0,4.0,0.0,2.0,,1.0,162137.5,0.0
15697510.0,Tien,707.0,Spain,F,52.0,7.0,0.0,,1.0,0.0,109688.82,1.0
15784923.0,Chimezie,705.0,Germany,F,37.0,3.0,109974.22,1.0,1.0,,36320.87,1.0
15567383.0,Slone,678.0,Germany,F,44.0,2.0,98009.13,2.0,0.0,1.0,31384.86,0.0
15732621.0,Martin,663.0,France,M,34.0,,0.0,1.0,1.0,1.0,114083.73,0.0
15757981.0,Loggia,748.0,France,M,66.0,8.0,0.0,1.0,1.0,1.0,163331.65,0.0
15727819.0,Hartley,677.0,Spain,F,34.0,10.0,171671.9,,1.0,1.0,50777.77,0.0
15738088.0,Parkin,634.0,Spain,M,63.0,10.0,0.0,2.0,1.0,0.0,30772.86,1.0
15765173.0,Lin,350.0,France,F,60.0,3.0,-99999,1.0,0.0,0.0,113796.15,1.0
15665159.0,Brooks,727.0,France,M,61.0,0.0,128213.96,2.0,1.0,1.0,188729.08,1.0
15618203.0,Tien,773.0,Germany,M,51.0,,116197.65,2.0,1.0,1.0,86701.4,0.0
15791452.0,,675.0,,,39.0,1.0,0.0,2.0,1.0,0.0,153129.22,
15638159.0,Trentino,649.0,Spain,F,36.0,6.0,86607.39,1.0,0.0,0.0,19825.09,0.0
15585466.0,Russo,552.0,France,M,29.0,,-99999,2.0,1.0,0.0,12186.83,0.0
15677310.0,Christie,761.0,Germany,M,62.0,5.0,98854.34,1.0,0.0,0.0,86920.97,
15646262.0,Ross,622.0,France,M,31.0,7.0,0.0,1.0,1.0,0.0,35408.77,0.0
15656901.0,Nnonso,,France,M,nan,8.0,0.0,2.0,1.0,1.0,165576.55,0.0
,Teng,681.0,Germany,M,31.0,4.0,97338.19,2.0,0.0,,48226.76,0.0
,Buccho,768.0,France,M,30.0,6.0,0.0,2.0,1.0,1.0,199454.37,0.0
15589200.0,Madukaife,,Spain,M,nan,9.0,0.0,2.0,1.0,0.0,118749.58,0.0
,Dunn,452.0,France,F,nan,6.0,131698.57,2.0,,0.0,151623.91,0.0
15812720.0,Hooker,807.0,,M,37.0,10.0,-99999,2.0,0.0,1.0,172097.95,0.0
15695383.0,Griffin,567.0,Spain,M,44.0,9.0,0.0,,1.0,0.0,87677.15,0.0
15723064.0,Kistler,603.0,Spain,M,24.0,1.0,165149.13,2.0,1.0,0.0,21858.28,0.0
15761606.0,Law,617.0,Spain,F,nan,9.0,101707.8,1.0,1.0,0.0,123866.28,0.0
15650322.0,Grigoryeva,701.0,France,F,34.0,3.0,105588.66,1.0,0.0,1.0,74694.41,
15669782.0,,820.0,Germany,M,39.0,9.0,111336.89,1.0,1.0,0.0,,
15751628.0,Onyemachukwu,438.0,France,M,60.0,7.0,nan,1.0,0.0,1.0,49424.6,0.0
15809057.0,Lu,600.0,Spain,F,27.0,6.0,0.0,2.0,1.0,1.0,172031.22,0.0
15617052.0,Watson,782.0,France,M,34.0,9.0,0.0,1.0,1.0,0.0,183021.06,1.0
15590810.0,Fallaci,638.0,Germany,F,nan,9.0,144326.09,,1.0,0.0,73979.85,
15801293.0,Ni,850.0,Germany,M,27.0,1.0,101278.25,2.0,1.0,1.0,,0.0
15770968.0,Leason,741.0,Germany,F,150,,-99999,2.0,1.0,0.0,24857.25,0.0
15572356.0,Tsai,689.0,Spain,M,73.0,,108555.07,1.0,0.0,,167969.15,0.0
15603247.0,Bruner,743.0,,F,35.0,1.0,146781.24,1.0,1.0,0.0,189307.7,0.0
,Wallace,493.0,France,F,36.0,2.0,0.0,2.0,0.0,1.0,99770.3,0.0
,Young,416.0,Spain,M,150,,nan,1.0,0.0,0.0,,
15783276.0,Forbes,725.0,France,F,25.0,9.0,0.0,2.0,1.0,1.0,168607.74,0.0
15766137.0,Muir,497.0,France,M,34.0,2.0,0.0,2.0,1.0,1.0,83087.13,0.0
15574554.0,Pugh,537.0,Germany,M,66.0,8.0,103291.25,2.0,1.0,,130664.79,0.0
15578671.0,Webb,706.0,Spain,F,29.0,1.0,209490.21,1.0,1.0,1.0,133267.69,1.0
15716608.0,,651.0,,M,38.0,2.0,0.0,3.0,1.0,,67029.82,1.0
15690670.0,Cox,720.0,,M,33.0,2.0,0.0,,0.0,1.0,141031.08,0.0
15630466.0,Maclean,797.0,France,M,45.0,8.0,0.0,1.0,0.0,0.0,125110.02,0.0
15630349.0,Hollis,543.0,,M,nan,5.0,0.0,2.0,1.0,0.0,117832.39,0.0
,Jamieson,454.0,France,M,34.0,4.0,0.0,,1.0,0.0,198817.72,0.0
15647890.0,,691.0,France,,37.0,9.0,nan,1.0,1.0,1.0,146411.6,0.0
15606115.0,P'eng,510.0,France,F,52.0,6.0,191665.21,1.0,1.0,1.0,131312.56,1.0
15714642.0,Hawkins,792.0,,F,40.0,7.0,0.0,1.0,1.0,0.0,141652.2,
15741181.0,Ndubuagha,721.0,France,M,41.0,6.0,135071.12,1.0,1.0,1.0,64477.25,0.0
15773973.0,Hill,765.0,France,M,41.0,2.0,nan,2.0,0.0,1.0,191215.61,0.0
15758546.0,Norton,,Spain,,39.0,8.0,0.0,2.0,1.0,1.0,,0.0
15598940.0,Achebe,681.0,Germany,M,38.0,6.0,181804.34,2.0,1.0,,57517.71,0.0
15669783.0,Simpson,586.0,France,F,nan,3.0,47020.65,2.0,0.0,1.0,63241.21,1.0
15624993.0,Chiang,753.0,France,F,36.0,7.0,128518.98,1.0,1.0,1.0,44567.83,1.0
15760568.0,Dalrymple,,Germany,F,38.0,5.0,142658.04,2.0,0.0,1.0,135337.11,
15699047.0,Chukwuemeka,674.0,France,F,nan,9.0,120150.39,2.0,1.0,1.0,33964.03,0.0
15616168.0,Ojiofor,610.0,France,F,35.0,7.0,81905.95,1.0,1.0,1.0,,
15773146.0,,,France,,nan,3.0,137998.2,2.0,0.0,1.0,168989.77,0.0
15770375.0,Fanucci,850.0,Germany,F,26.0,8.0,123126.29,1.0,1.0,0.0,74425.41,0.0
15589725.0,Zubarev,740.0,France,F,51.0,4.0,0.0,2.0,1.0,1.0,178929.84,0.0
15710034.0,T'ao,637.0,Germany,M,150,1.0,135645.29,2.0,,,101382.86,1.0
15800806.0,Pai,685.0,Spain,M,31.0,7.0,122449.31,2.0,1.0,1.0,180769.55,0.0
15570485.0,Udegbunam,,Spain,M,40.0,4.0,161766.87,1.0,0.0,0.0,92378.54,0.0
15575391.0,Claypool,677.0,France,,37.0,3.0,-99999,2.0,1.0,1.0,38252.25,0.0
,Manfrin,,Germany,,nan,10.0,123187.51,1.0,0.0,1.0,146111.35,0.0
15714832.0,Baker,652.0,Germany,M,36.0,9.0,150956.71,1.0,0.0,0.0,,0.0
15619953.0,Efremov,662.0,Spain,,42.0,6.0,nan,1.0,,0.0,48242.38,0.0
15673929.0,Chin,543.0,France,,64.0,4.0,0.0,2.0,1.0,1.0,148305.82,0.0
15578835.0,Brookes,675.0,Spain,F,nan,1.0,133204.91,,0.0,1.0,,
15752388.0,Doyle,643.0,Spain,F,35.0,6.0,0.0,2.0,1.0,1.0,,0.0
15797081.0,,611.0,Germany,F,49.0,9.0,115488.52,2.0,1.0,,138656.81,1.0
15570194.0,Ikemefuna,412.0,,M,29.0,,0.0,2.0,0.0,0.0,12510.53,0.0
15580149.0,Fowler,638.0,Spain,,nan,7.0,0.0,,1.0,0.0,43889.41,0.0
15777708.0,Liao,824.0,Spain,F,38.0,3.0,0.0,2.0,1.0,0.0,192800.25,0.0
15769955.0,Onuora,683.0,France,F,40.0,1.0,0.0,2.0,0.0,0.0,75762.0,
15810444.0,Aksenov,562.0,Germany,F,nan,6.0,nan,1.0,1.0,0.0,9854.72,1.0
15645593.0,Trevisani,599.0,France,F,41.0,2.0,91328.71,1.0,1.0,0.0,,
15765345.0,Wood,753.0,France,M,35.0,4.0,0.0,,1.0,1.0,106303.4,0.0
15760873.0,,594.0,France,M,50.0,7.0,81310.34,1.0,1.0,1.0,183868.01,0.0
15794178.0,Walpole,,France,M,34.0,3.0,107136.6,1.0,1.0,0.0,153895.46,0.0
15589361.0,Chikwendu,716.0,Spain,M,34.0,,0.0,1.0,,1.0,66695.71,0.0
15662483.0,Ko,850.0,France,M,43.0,,0.0,2.0,1.0,1.0,173851.11,0.0
15809736.0,Steigrad,664.0,France,M,nan,2.0,nan,1.0,1.0,,177423.02,1.0
15731148.0,Isayeva,558.0,France,M,33.0,,108477.49,,1.0,1.0,,1.0
15774328.0,Boni,606.0,Germany,M,40.0,1.0,144757.97,2.0,1.0,1.0,166656.18,0.0
15646969.0,Anayolisa,776.0,Spain,M,150,2.0,0.0,,1.0,1.0,176921.0,0.0
15718769.0,Fallaci,557.0,Spain,M,36.0,1.0,113110.26,1.0,1.0,0.0,98413.1,0.0
15610226.0,Fenton,614.0,France,F,27.0,9.0,106414.57,2.0,0.0,0.0,,0.0
15616270.0,Chao,620.0,Spain,M,42.0,4.0,106920.91,1.0,0.0,1.0,119747.08,0.0
,,695.0,Spain,M,35.0,7.0,-99999,2.0,1.0,0.0,160387.98,0.0
15635703.0,,729.0,Germany,F,39.0,,131513.26,1.0,1.0,1.0,193715.0,0.0
15616365.0,Obiuto,571.0,France,F,53.0,,0.0,2.0,1.0,0.0,28045.77,0.0
15630244.0,Chu,457.0,France,M,40.0,10.0,134320.23,2.0,1.0,0.0,150757.35,0.0
15734714.0,Nash,559.0,France,F,29.0,3.0,79715.36,1.0,1.0,0.0,82252.28,0.0
15721433.0,Hixson,664.0,France,F,38.0,4.0,74306.19,2.0,1.0,,154395.56,
15590201.0,Fiorentini,500.0,Spain,F,nan,5.0,0.0,,1.0,1.0,,
15590828.0,Chidimma,782.0,,M,42.0,7.0,126428.38,1.0,1.0,0.0,39830.1,0.0
15752097.0,,708.0,Spain,M,38.0,8.0,99640.89,1.0,1.0,0.0,12429.22,0.0
15800031.0,Laura,681.0,France,M,43.0,3.0,66338.68,1.0,1.0,1.0,18772.5,1.0
15630857.0,Wu,674.0,Spain,F,39.0,6.0,0.0,2.0,1.0,,,0.0
15689953.0,Toscani,697.0,Spain,M,43.0,10.0,128226.37,1.0,0.0,0.0,188486.94,0.0
15759733.0,McMillan,774.0,France,,26.0,5.0,-99999,,1.0,1.0,64716.08,0.0
15810826.0,,624.0,,M,36.0,6.0,nan,2.0,,,84749.96,0.0
15668009.0,Hendley,747.0,Spain,M,37.0,1.0,0.0,2.0,0.0,1.0,180551.76,0.0
15743456.0,Birnie,715.0,France,F,32.0,10.0,0.0,2.0,1.0,0.0,,0.0
15725762.0,Kemp,808.0,France,M,24.0,4.0,122168.65,1.0,1.0,0.0,174107.04,0.0
15761713.0,Johnstone,678.0,France,F,43.0,7.0,178074.33,1.0,0.0,0.0,110405.9,0.0
15769246.0,Lo Duca,,Germany,M,59.0,2.0,nan,1.0,1.0,0.0,187636.06,1.0
15781129.0,Montgomery,687.0,Spain,,38.0,8.0,69434.4,2.0,1.0,,66580.13,1.0
15599124.0,Miller,832.0,,F,150,5.0,0.0,2.0,1.0,0.0,178779.52,0.0
15639004.0,Chiemezie,668.0,France,M,72.0,2.0,nan,2.0,1.0,,70783.61,
15810995.0,Wright,526.0,Germany,M,34.0,3.0,-99999,1.0,1.0,,46772.36,0.0
15653773.0,Shaw,457.0,France,F,38.0,7.0,164496.99,1.0,1.0,1.0,,0.0
15708357.0,Chapman,649.0,Spain,F,150,8.0,0.0,1.0,1.0,0.0,103760.53,0.0
15733597.0,Y?an,669.0,France,F,41.0,0.0,nan,2.0,0.0,0.0,107839.03,0.0
15789560.0,Clark,668.0,,M,42.0,8.0,187534.79,1.0,1.0,1.0,,1.0
15699524.0,Howells,466.0,France,F,30.0,3.0,0.0,1.0,1.0,0.0,193984.6,0.0
15626475.0,Gamble,685.0,,M,30.0,,0.0,2.0,1.0,1.0,140889.32,0.0
15810839.0,,610.0,France,,34.0,0.0,103108.17,1.0,0.0,0.0,125646.82,0.0
15684318.0,McMillan,,Germany,F,50.0,6.0,96486.57,2.0,1.0,,20344.02,
15768120.0,Brown,702.0,,M,36.0,9.0,nan,2.0,1.0,0.0,174268.87,
15712807.0,Robertson,556.0,Spain,M,46.0,,-99999,1.0,1.0,1.0,108500.66,1.0
,Thomas,812.0,Spain,F,nan,1.0,92476.88,1.0,0.0,0.0,83247.14,0.0
15675794.0,Hsing,645.0,Germany,M,47.0,9.0,152076.93,1.0,1.0,0.0,121840.2,1.0
15774277.0,Chiu,809.0,France,M,43.0,2.0,0.0,2.0,1.0,1.0,132908.07,0.0
,Chang,560.0,,M,nan,4.0,0.0,1.0,,1.0,100075.1,1.0
15618647.0,Kornilova,744.0,France,,nan,1.0,43504.42,1.0,1.0,1.0,119327.75,
15614643.0,Chifo,731.0,Spain,F,39.0,2.0,nan,2.0,1.0,0.0,136737.13,0.0
15707696.0,,471.0,Spain,F,28.0,5.0,-99999,2.0,1.0,1.0,22356.97,
15749583.0,Bellucci,686.0,Germany,F,38.0,2.0,93569.86,3.0,0.0,0.0,10137.34,1.0
15815125.0,Michael,668.0,Spain,M,45.0,4.0,102486.21,2.0,,1.0,158379.25,0.0
15779620.0,Sinclair,575.0,France,M,36.0,1.0,nan,1.0,0.0,1.0,94570.56,
15768233.0,Chukwuebuka,435.0,Germany,M,37.0,8.0,114346.3,1.0,0.0,1.0,980.93,1.0
15637788.0,Schmidt,743.0,France,M,23.0,3.0,110203.77,1.0,1.0,0.0,95583.45,0.0
15777046.0,Parry,580.0,France,F,39.0,9.0,128362.59,1.0,1.0,0.0,86044.98,0.0
15788723.0,McIntyre,599.0,Germany,F,49.0,10.0,143888.22,2.0,1.0,1.0,166236.38,1.0
15790489.0,Lo Duca,534.0,Spain,M,34.0,5.0,170600.78,1.0,,1.0,5240.53,0.0
15739476.0,Ferrari,680.0,France,F,32.0,5.0,0.0,1.0,1.0,1.0,150684.23,0.0
,Berry,631.0,Spain,F,46.0,10.0,0.0,2.0,1.0,1.0,129508.96,0.0
15631222.0,Cattaneo,485.0,France,F,39.0,2.0,75339.64,1.0,1.0,1.0,70665.16,0.0
15658972.0,Foster,,France,F,40.0,8.0,122038.34,1.0,1.0,0.0,102085.35,0.0
15724691.0,Gordon,712.0,France,M,34.0,1.0,0.0,2.0,1.0,,195052.12,0.0
15740442.0,May,603.0,France,M,51.0,8.0,186825.57,1.0,1.0,0.0,93739.71,1.0
,Cameron,,France,M,40.0,6.0,124788.18,,1.0,0.0,65612.12,0.0
15677939.0,Ch'eng,584.0,France,F,nan,,0.0,2.0,1.0,1.0,160095.48,0.0
,Curtis,604.0,France,,71.0,2.0,0.0,2.0,1.0,1.0,49506.82,0.0
15633474.0,,586.0,,M,nan,2.0,138553.57,1.0,1.0,1.0,92406.22,0.0
15671973.0,Chukwuemeka,467.0,Spain,,39.0,5.0,0.0,2.0,1.0,1.0,7415.96,0.0
15790019.0,Onwughara,520.0,France,M,35.0,9.0,-99999,1.0,1.0,1.0,25059.06,0.0
15737735.0,,,Spain,M,40.0,4.0,95053.1,1.0,1.0,1.0,,1.0
15661745.0,Browne,557.0,France,M,nan,3.0,0.0,1.0,0.0,1.0,144078.02,0.0
15797065.0,Goloubev,613.0,Spain,F,32.0,0.0,0.0,,0.0,1.0,126675.62,0.0
15710671.0,Gordon,786.0,France,M,34.0,3.0,137361.96,1.0,0.0,0.0,183682.09,
15656522.0,,593.0,Spain,M,32.0,10.0,158537.42,,1.0,0.0,166850.57,
,Quesada,670.0,Spain,F,nan,,0.0,2.0,,0.0,27359.19,0.0
15744873.0,Wright,657.0,Germany,F,48.0,5.0,-99999,1.0,0.0,0.0,101314.65,1.0
15781914.0,Simmons,718.0,,M,32.0,,169947.41,,,,,0.0
,Yobachukwu,623.0,France,F,24.0,7.0,148167.83,2.0,1.0,1.0,109470.34,0.0
15717307.0,Read,496.0,France,M,31.0,5.0,0.0,2.0,1.0,0.0,93713.13,0.0
15746695.0,Wunder,429.0,France,F,39.0,6.0,48023.83,1.0,,0.0,74870.99,0.0
15804962.0,,606.0,France,M,36.0,1.0,155655.46,1.0,1.0,1.0,192387.51,1.0
,Shen,499.0,France,F,46.0,6.0,0.0,2.0,1.0,0.0,73457.55,0.0
15757865.0,,,France,,nan,,0.0,2.0,1.0,1.0,61120.75,0.0
15578787.0,Goddard,641.0,France,,52.0,,0.0,1.0,1.0,0.0,90964.54,1.0
15794323.0,Buckley,673.0,France,M,nan,8.0,121240.76,1.0,1.0,0.0,116969.73,0.0
15697546.0,,570.0,France,F,36.0,3.0,0.0,2.0,1.0,0.0,92118.75,0.0
15629519.0,Yen,472.0,France,F,37.0,1.0,0.0,2.0,1.0,1.0,48357.9,0.0
15624703.0,Okonkwo,550.0,,M,35.0,9.0,129847.75,2.0,,0.0,197325.4,0.0
15570002.0,Burlingame,,Germany,F,55.0,8.0,118772.71,4.0,0.0,0.0,135853.62,1.0
15808566.0,Hs?,516.0,France,M,46.0,2.0,0.0,2.0,1.0,1.0,169122.54,0.0
,Board,682.0,Germany,,32.0,2.0,105163.88,2.0,1.0,1.0,164170.46,0.0
15709136.0,Adams,620.0,France,,28.0,8.0,0.0,2.0,1.0,1.0,199909.32,0.0
15801605.0,Rizzo,626.0,France,F,39.0,0.0,0.0,2.0,1.0,1.0,83295.09,0.0
15567855.0,Chukwufumnanya,623.0,France,F,29.0,,0.0,2.0,0.0,0.0,,0.0
15675141.0,Fraser,569.0,France,F,35.0,4.0,93934.63,1.0,1.0,0.0,,0.0
15665759.0,Russell,724.0,France,F,69.0,5.0,117866.92,1.0,1.0,,62280.91,0.0
15761487.0,Yefimova,678.0,France,F,55.0,5.0,0.0,1.0,0.0,1.0,,1.0
15700394.0,,713.0,Spain,,26.0,4.0,122857.46,,1.0,0.0,144682.17,1.0
15631162.0,Bergamaschi,,France,M,32.0,,nan,2.0,,1.0,196342.66,0.0
15630641.0,Shao,846.0,France,F,nan,6.0,127103.97,1.0,1.0,1.0,41516.44,
15585066.0,Chimaraoke,660.0,France,F,43.0,1.0,0.0,1.0,0.0,1.0,112026.1,1.0
15722991.0,McGregor,567.0,France,,54.0,9.0,nan,1.0,0.0,0.0,52035.29,1.0
15737404.0,,731.0,France,,31.0,1.0,132512.26,,1.0,,,0.0
15722409.0,,693.0,Spain,M,47.0,,107604.66,1.0,1.0,1.0,80149.27,0.0
15806420.0,Jenks,772.0,France,M,34.0,9.0,0.0,2.0,1.0,0.0,170980.86,0.0
15658148.0,Udokamma,,France,M,38.0,7.0,0.0,2.0,1.0,0.0,185827.74,0.0
15810660.0,Boyle,774.0,Germany,M,34.0,4.0,120875.23,2.0,0.0,1.0,113407.26,0.0
15709780.0,Azuka,,France,F,37.0,9.0,nan,,1.0,1.0,67734.79,0.0
15727350.0,Pai,516.0,France,F,37.0,8.0,nan,1.0,,0.0,3363.36,0.0
15752312.0,,551.0,Spain,M,nan,1.0,150777.72,,1.0,1.0,135757.27,
15616745.0,,,Spain,M,35.0,2.0,174894.53,1.0,1.0,1.0,,0.0
15572294.0,Kelly,623.0,France,M,150,7.0,0.0,1.0,0.0,0.0,129526.57,0.0
15674110.0,Walton,701.0,France,,43.0,2.0,160416.56,,0.0,1.0,37266.43,0.0
15662501.0,Ebelechukwu,583.0,France,M,48.0,3.0,91246.53,1.0,1.0,0.0,,1.0
15649239.0,Vasilieva,,,M,46.0,10.0,0.0,2.0,1.0,,153015.42,0.0
15700424.0,Hsiao,461.0,France,F,35.0,,0.0,1.0,1.0,1.0,54209.02,0.0
15636388.0,Abrego,702.0,Germany,F,nan,7.0,98775.23,1.0,1.0,0.0,114603.96,0.0
15713975.0,Gibson,565.0,Germany,F,47.0,10.0,nan,1.0,1.0,0.0,165849.49,1.0
15592925.0,Giordano,711.0,Spain,M,nan,3.0,177626.77,3.0,0.0,1.0,16392.72,1.0
15581626.0,Mancini,664.0,France,M,54.0,8.0,0.0,1.0,1.0,1.0,162719.69,1.0
15641319.0,Afanasyeva,518.0,Spain,M,nan,4.0,0.0,1.0,0.0,0.0,107112.25,1.0
15723481.0,Wright,728.0,Spain,M,42.0,8.0,0.0,2.0,0.0,1.0,,0.0
15787825.0,Okwudiliolisa,585.0,Germany,M,37.0,6.0,152496.82,1.0,1.0,1.0,99907.29,0.0
15710726.0,Hughes,573.0,France,,52.0,8.0,nan,2.0,0.0,1.0,178229.04,
15627195.0,Parrott,568.0,Germany,M,26.0,1.0,nan,2.0,1.0,0.0,,0.0
15657957.0,Hughes,,Germany,F,26.0,8.0,113674.2,1.0,1.0,0.0,197861.16,1.0
15676117.0,Zinachukwudi,603.0,France,M,44.0,9.0,0.0,1.0,1.0,0.0,138328.24,0.0
,Keane,687.0,France,M,38.0,0.0,nan,1.0,0.0,,137276.83,0.0
15796993.0,,741.0,France,M,52.0,,171236.3,2.0,0.0,0.0,21834.4,1.0
15649858.0,Simpson,,Spain,M,37.0,9.0,96776.49,1.0,1.0,1.0,119890.86,0.0
,Gambrell,477.0,Germany,F,58.0,8.0,145984.92,,1.0,,,0.0
15679963.0,Moretti,737.0,Germany,M,43.0,8.0,-99999,1.0,,0.0,10209.8,0.0
15579131.0,Ricci,835.0,France,M,25.0,7.0,0.0,2.0,1.0,1.0,83449.65,0.0
15572428.0,Rieke,717.0,Germany,F,33.0,0.0,115777.23,1.0,,1.0,81508.1,0.0
15622461.0,Ndubuagha,562.0,France,F,51.0,7.0,122822.0,2.0,0.0,0.0,32626.21,0.0
15636105.0,Chung,758.0,Spain,M,61.0,2.0,nan,2.0,1.0,1.0,43982.41,
,Ts'ai,408.0,France,,40.0,3.0,0.0,2.0,0.0,0.0,124874.23,0.0
15718780.0,Cox,650.0,Spain,F,32.0,4.0,79450.09,1.0,1.0,1.0,118324.75,0.0
15739271.0,Lei,582.0,Germany,M,150,2.0,122394.0,1.0,1.0,1.0,22113.93,0.0
,Ulyanova,706.0,Spain,F,43.0,1.0,0.0,2.0,1.0,0.0,31962.77,0.0
15763415.0,Gray,567.0,Germany,M,41.0,0.0,134378.89,1.0,1.0,1.0,105746.94,0.0
15796617.0,McGregor,720.0,France,M,29.0,2.0,nan,2.0,1.0,,39925.52,0.0
15626628.0,Tretiakova,631.0,Spain,F,31.0,2.0,88161.85,2.0,1.0,0.0,127630.88,0.0
15765857.0,Genovesi,,,M,41.0,,142412.13,1.0,1.0,0.0,28778.98,0.0
,Gordon,514.0,France,M,35.0,3.0,121030.9,1.0,1.0,0.0,10008.68,0.0
15786433.0,Aitken,650.0,Germany,F,35.0,3.0,165982.43,2.0,1.0,1.0,24482.16,0.0
15685805.0,Ginikanwa,673.0,Spain,F,nan,6.0,0.0,2.0,1.0,0.0,98618.79,0.0
15627971.0,Coates,504.0,France,F,32.0,8.0,206663.75,1.0,0.0,0.0,16281.94,0.0
15783025.0,Piazza,723.0,,M,37.0,3.0,94661.53,2.0,,0.0,121239.65,
15726289.0,Cawood,645.0,France,M,25.0,0.0,174400.36,1.0,,0.0,42669.37,0.0
15802118.0,Ignatieff,664.0,Spain,M,41.0,7.0,123428.69,1.0,1.0,1.0,164924.11,0.0
15607990.0,Gallo,760.0,Spain,M,43.0,6.0,175735.5,1.0,1.0,1.0,,0.0
15695932.0,Yelverton,766.0,Spain,M,36.0,5.0,78381.13,1.0,0.0,1.0,153831.6,
15812279.0,William,634.0,France,M,37.0,5.0,-99999,2.0,0.0,0.0,168781.8,0.0
15687558.0,Mault,640.0,Germany,F,31.0,10.0,nan,1.0,1.0,0.0,168469.65,0.0
15729065.0,Mackay,784.0,Germany,,28.0,2.0,109960.06,2.0,1.0,1.0,,0.0
15698902.0,,547.0,Germany,F,42.0,1.0,142703.4,,1.0,0.0,,1.0
15570192.0,Henry,608.0,Germany,F,40.0,8.0,121729.42,1.0,0.0,0.0,61164.45,0.0
15809265.0,Kao,547.0,,F,nan,4.0,0.0,1.0,1.0,1.0,133287.73,
15745201.0,Frewin,612.0,France,F,43.0,4.0,139496.35,2.0,1.0,1.0,77128.23,0.0
15580623.0,Yefremova,573.0,Spain,,28.0,8.0,0.0,2.0,0.0,0.0,77660.03,0.0
15578156.0,Anenechukwu,615.0,Spain,M,32.0,5.0,nan,1.0,1.0,1.0,,0.0
,Trentino,710.0,France,F,33.0,2.0,0.0,2.0,1.0,,72945.32,0.0
15692577.0,Tomlinson,674.0,Germany,,38.0,10.0,nan,1.0,,0.0,45418.12,0.0
15810910.0,Royston,702.0,Spain,F,nan,9.0,0.0,2.0,,1.0,158527.45,
15723217.0,Cremonesi,616.0,France,M,37.0,9.0,0.0,1.0,1.0,0.0,111312.96,0.0
15733111.0,Yeh,688.0,Spain,M,32.0,6.0,124179.3,1.0,1.0,1.0,138759.15,0.0
15610727.0,Ch'in,605.0,France,M,nan,7.0,128829.25,1.0,1.0,0.0,190588.59,0.0
15792720.0,,676.0,France,M,33.0,6.0,171490.78,1.0,,0.0,79099.64,0.0
15723153.0,Wearing,708.0,Spain,M,33.0,3.0,0.0,2.0,,0.0,138613.21,
,Maclean,,Spain,F,nan,7.0,0.0,2.0,,1.0,194230.82,0.0
15756118.0,T'ao,,Spain,M,20.0,8.0,0.0,1.0,1.0,0.0,110252.53,0.0
15684934.0,Rose,726.0,France,M,31.0,9.0,0.0,2.0,1.0,1.0,106117.3,0.0
15776936.0,,,,M,40.0,7.0,160818.08,1.0,0.0,1.0,169642.13,1.0
15729087.0,Suttor,751.0,Germany,M,54.0,9.0,156367.6,2.0,0.0,1.0,116179.92,0.0
,Hsing,645.0,,F,59.0,8.0,121669.93,2.0,0.0,0.0,91.75,1.0
15717498.0,Boni,775.0,France,,42.0,6.0,nan,2.0,,1.0,187839.9,0.0
15718406.0,Marshall,540.0,,M,41.0,3.0,0.0,2.0,1.0,0.0,121098.65,0.0
15799468.0,Catchpole,591.0,France,F,34.0,3.0,96127.27,1.0,0.0,0.0,30972.06,
15626383.0,Tang,,Spain,,60.0,7.0,121907.97,1.0,,,,0.0
15597385.0,Siddons,573.0,Spain,M,41.0,5.0,0.0,2.0,0.0,1.0,14479.29,0.0
15570271.0,Wan,577.0,,M,31.0,6.0,0.0,1.0,1.0,1.0,196395.25,0.0
15690330.0,Efimov,830.0,Germany,F,40.0,8.0,77701.64,1.0,0.0,1.0,19512.38,
15680611.0,Rose,663.0,France,M,67.0,,0.0,3.0,1.0,1.0,72318.77,0.0
15810227.0,Fanucci,421.0,France,,150,2.0,0.0,2.0,1.0,1.0,96615.23,0.0
,Iweobiegbulam,718.0,Spain,M,34.0,,113922.44,2.0,1.0,0.0,30772.22,0.0
15712199.0,Ijendu,655.0,Germany,F,61.0,2.0,183997.7,2.0,1.0,1.0,161217.18,0.0
15694995.0,O'Sullivan,712.0,France,M,23.0,2.0,0.0,2.0,0.0,1.0,66795.78,0.0
15723400.0,Hutchinson,663.0,France,M,28.0,4.0,0.0,2.0,1.0,1.0,123969.64,0.0
15654772.0,Kwemto,640.0,France,F,47.0,6.0,89799.46,2.0,0.0,1.0,13783.77,1.0
15574743.0,Chiu,577.0,Spain,M,29.0,2.0,0.0,1.0,1.0,,168924.41,0.0
15807593.0,Berry,546.0,Spain,F,36.0,7.0,85660.96,1.0,0.0,0.0,134778.01,0.0
15686718.0,Hung,802.0,Germany,M,37.0,9.0,115569.21,1.0,0.0,1.0,119782.89,0.0
15695299.0,Mordvinova,590.0,France,F,45.0,2.0,81828.22,1.0,1.0,0.0,52167.97,
15722701.0,Bruno,594.0,Germany,M,18.0,1.0,132694.73,1.0,1.0,0.0,167689.56,0.0
15799635.0,Arbour,577.0,Spain,M,51.0,2.0,108867.0,1.0,0.0,0.0,140800.66,1.0
15742323.0,Barese,541.0,France,M,39.0,7.0,0.0,2.0,1.0,0.0,19823.02,0.0
15658435.0,Hingston,781.0,France,F,nan,5.0,0.0,2.0,,0.0,72969.9,0.0
15586029.0,Davis,806.0,Germany,M,34.0,2.0,96152.68,,1.0,0.0,143711.02,
15772337.0,Lawrence,723.0,Germany,F,49.0,0.0,nan,1.0,1.0,1.0,180862.26,1.0
15807555.0,Chung,535.0,France,M,45.0,2.0,0.0,2.0,1.0,0.0,125658.28,0.0
15603378.0,Padovano,768.0,France,F,36.0,3.0,141334.95,1.0,,1.0,,
15792862.0,Blinova,653.0,,M,41.0,1.0,104584.11,1.0,1.0,0.0,15126.32,1.0
15657349.0,Carter,803.0,Germany,F,50.0,8.0,-99999,1.0,0.0,0.0,22457.25,1.0
15777614.0,Webb,545.0,Spain,F,44.0,1.0,0.0,2.0,1.0,1.0,82614.89,0.0
15653952.0,T'an,581.0,Germany,F,38.0,3.0,135157.05,1.0,1.0,1.0,32919.42,0.0
15724336.0,Yates,513.0,Germany,F,49.0,5.0,171601.27,1.0,,0.0,126223.84,0.0
15689594.0,Su,731.0,France,M,29.0,5.0,179539.2,1.0,0.0,0.0,112010.02,
15801920.0,Christian,727.0,Germany,M,150,5.0,80615.46,2.0,,0.0,180962.32,0.0
,Chiu,560.0,Spain,,47.0,1.0,0.0,1.0,0.0,0.0,128882.66,
15749951.0,Sacco,766.0,,M,27.0,5.0,126285.73,1.0,1.0,,177614.17,1.0
15648178.0,Lettiere,630.0,Germany,,23.0,4.0,137964.51,1.0,0.0,,174570.55,0.0
15738662.0,,652.0,Germany,M,41.0,9.0,nan,1.0,1.0,0.0,178373.93,
15640855.0,T'ien,,,M,40.0,5.0,113574.61,2.0,1.0,0.0,103396.08,0.0
15584288.0,Hung,629.0,France,F,33.0,,0.0,2.0,1.0,1.0,,
15760988.0,Liu,667.0,Germany,,33.0,9.0,124573.33,2.0,0.0,0.0,683.37,
15569624.0,Feng,671.0,Germany,F,31.0,,105864.6,2.0,1.0,0.0,145567.34,0.0
15597949.0,Gilbert,768.0,,,47.0,5.0,104552.61,1.0,1.0,0.0,48137.08,1.0
15604551.0,Robb,732.0,France,F,35.0,3.0,0.0,2.0,,0.0,90876.95,0.0
15617476.0,Manfrin,546.0,,F,30.0,5.0,0.0,2.0,0.0,1.0,198543.09,
,,630.0,France,M,55.0,,0.0,1.0,1.0,1.0,106202.07,1.0
15793311.0,Smith,765.0,,F,46.0,8.0,-99999,2.0,0.0,1.0,166896.01,1.0
15764153.0,Rowe,704.0,France,F,33.0,0.0,130499.09,2.0,1.0,1.0,74804.36,0.0
15802560.0,Moran,470.0,Spain,F,48.0,6.0,140576.11,1.0,1.0,,116971.05,0.0
,Walker,688.0,,F,34.0,9.0,91025.58,2.0,0.0,1.0,163783.0,0.0
15770474.0,Myers,,France,F,33.0,1.0,0.0,3.0,0.0,1.0,70221.13,1.0
15724444.0,Wall,567.0,France,F,38.0,1.0,125877.65,2.0,1.0,1.0,107841.77,0.0
,McKay,720.0,Spain,,64.0,3.0,45752.78,2.0,1.0,0.0,79623.28,
15711521.0,Egobudike,609.0,France,M,39.0,3.0,121778.71,1.0,1.0,1.0,138399.67,0.0
15632816.0,Williams,521.0,Germany,F,49.0,2.0,127948.57,,1.0,1.0,182765.14,0.0
15693637.0,Ochoa,556.0,France,F,30.0,7.0,0.0,2.0,1.0,,186648.19,0.0
15725509.0,Otutodilinna,662.0,Germany,M,30.0,5.0,115286.68,2.0,1.0,1.0,149587.92,0.0
15684645.0,Ajuluchukwu,704.0,Germany,M,41.0,9.0,62078.21,2.0,1.0,0.0,129050.67,0.0
15692235.0,Bellucci,750.0,France,F,38.0,,nan,2.0,1.0,0.0,47764.99,0.0
15777459.0,Gordon,619.0,Spain,F,32.0,4.0,175406.13,2.0,1.0,1.0,172792.43,1.0
15656937.0,,468.0,Spain,M,26.0,,131643.25,1.0,1.0,,64436.16,0.0
15610643.0,De Luca,435.0,Germany,,44.0,3.0,151739.65,1.0,1.0,0.0,167461.5,0.0
15777315.0,Hill,529.0,France,M,43.0,6.0,93616.35,2.0,0.0,0.0,98348.66,0.0
15611058.0,Eluemuno,702.0,Germany,,nan,5.0,138597.54,2.0,1.0,1.0,41536.59,
,Howarth,608.0,France,F,41.0,5.0,0.0,2.0,1.0,1.0,72462.25,
15635942.0,Thomson,576.0,France,M,40.0,9.0,0.0,2.0,1.0,0.0,112465.19,1.0
15648858.0,King,666.0,,F,27.0,1.0,85225.21,1.0,0.0,1.0,64511.44,0.0
,Grant,730.0,,F,36.0,,148749.29,2.0,1.0,,91830.75,
15705448.0,Gilbert,647.0,Germany,M,52.0,,130013.12,1.0,1.0,1.0,190806.36,1.0
15730488.0,Richmond,516.0,Spain,F,150,1.0,0.0,1.0,0.0,1.0,112311.15,0.0
15620443.0,Fiorentino,711.0,France,F,81.0,,0.0,,1.0,1.0,72276.24,0.0
15741078.0,Greece,736.0,France,M,54.0,7.0,111729.47,2.0,0.0,1.0,84920.49,0.0
15753161.0,Dickson,768.0,France,,36.0,5.0,180169.44,2.0,1.0,0.0,17348.56,0.0
15711396.0,Henderson,427.0,Spain,M,40.0,8.0,0.0,2.0,1.0,1.0,82870.75,0.0
15593499.0,Stevens,686.0,Spain,F,47.0,6.0,-99999,1.0,,0.0,32080.69,1.0
15579189.0,Mitchell,690.0,France,,42.0,5.0,0.0,2.0,0.0,1.0,120512.08,0.0
15743545.0,Nworie,647.0,Spain,F,nan,2.0,0.0,2.0,1.0,0.0,179032.68,0.0
15791316.0,Boni,714.0,France,M,35.0,3.0,0.0,2.0,,1.0,95623.28,0.0
,Wentcher,736.0,Germany,F,36.0,8.0,103914.17,1.0,1.0,,110035.88,1.0
15676526.0,Bentley,608.0,France,F,nan,4.0,88772.87,1.0,1.0,1.0,168822.01,0.0
15813911.0,Hayes-Williams,809.0,France,F,39.0,5.0,0.0,1.0,1.0,,77705.75,0.0
15630195.0,Johnstone,745.0,France,F,nan,6.0,131184.67,1.0,1.0,1.0,49815.62,0.0
15736250.0,Johnstone,781.0,,M,38.0,2.0,nan,1.0,0.0,,65632.33,1.0
15671334.0,Nixon,527.0,France,M,31.0,4.0,0.0,,1.0,0.0,169361.89,0.0
15574169.0,,595.0,,F,32.0,0.0,92466.21,1.0,1.0,0.0,4721.3,0.0
15718839.0,,850.0,Germany,F,38.0,2.0,102741.15,2.0,,1.0,23974.85,0.0
15762331.0,Moss,,France,,37.0,9.0,178755.84,1.0,1.0,0.0,199929.17,0.0
15606901.0,Graham,728.0,France,M,43.0,7.0,0.0,2.0,1.0,0.0,40023.7,0.0
15713559.0,Onyemauchechukwu,473.0,Germany,F,32.0,5.0,-99999,,1.0,1.0,72946.95,0.0
15768881.0,Saunders,738.0,France,,29.0,2.0,0.0,2.0,1.0,1.0,170421.13,0.0
15743075.0,,659.0,France,M,35.0,6.0,0.0,,1.0,1.0,58879.11,0.0
,Cairns,597.0,,M,38.0,6.0,115702.67,2.0,,1.0,25059.05,0.0
15810942.0,Chiemela,,Germany,F,61.0,2.0,137655.31,1.0,0.0,1.0,29909.84,0.0
15728362.0,Robertson,,France,F,29.0,3.0,0.0,2.0,1.0,,158043.11,
15683339.0,P'eng,656.0,Spain,F,34.0,6.0,59877.33,1.0,1.0,0.0,14032.62,1.0
15685476.0,Tseng,658.0,France,M,31.0,5.0,100082.14,1.0,0.0,1.0,49809.88,0.0
15663650.0,,698.0,Germany,M,52.0,10.0,107304.39,3.0,1.0,0.0,28806.32,1.0
15617434.0,,655.0,Spain,M,38.0,9.0,0.0,,0.0,,90490.33,0.0
15622470.0,Yeh,772.0,Spain,M,41.0,10.0,96032.22,1.0,1.0,1.0,75825.57,0.0
15703682.0,Kalinina,681.0,Spain,M,33.0,10.0,0.0,1.0,0.0,,158336.36,0.0
,Collier,688.0,Germany,M,150,9.0,144553.5,2.0,1.0,0.0,,0.0
15711062.0,Thomas,633.0,Germany,M,40.0,5.0,nan,2.0,1.0,,117279.49,0.0
,Shaw,735.0,France,,73.0,9.0,0.0,1.0,1.0,1.0,114283.33,0.0
15760662.0,Francis,521.0,Germany,F,29.0,2.0,87212.8,1.0,1.0,1.0,994.86,
15605737.0,George,,France,M,36.0,5.0,0.0,2.0,1.0,,,0.0
,Ikenna,612.0,Germany,F,36.0,2.0,130700.92,,0.0,0.0,77592.8,0.0
,Schatz,562.0,France,M,62.0,3.0,0.0,2.0,1.0,0.0,105986.01,0.0
15600280.0,Tao,703.0,France,F,32.0,6.0,0.0,2.0,0.0,0.0,33606.52,0.0
15804052.0,Scott,,Spain,M,23.0,6.0,0.0,,,1.0,134188.11,0.0
15576065.0,Sims,,,F,40.0,5.0,171325.98,,1.0,1.0,159718.27,1.0
,Chibugo,703.0,,M,58.0,4.0,92930.92,1.0,0.0,1.0,85148.78,0.0
15693526.0,Ku,618.0,France,F,40.0,,0.0,1.0,1.0,0.0,119059.13,0.0
15748595.0,Stanton,689.0,France,F,29.0,1.0,77556.79,2.0,1.0,1.0,122998.26,
15679029.0,Kung,718.0,France,,33.0,7.0,102874.28,1.0,0.0,0.0,117841.06,0.0
15753639.0,Gibson,608.0,France,M,37.0,5.0,146093.39,2.0,0.0,0.0,160593.41,0.0
15604138.0,Iheanacho,749.0,Spain,M,34.0,2.0,nan,1.0,0.0,0.0,174189.04,1.0
15666095.0,Costa,,,M,51.0,4.0,79811.72,2.0,0.0,,,1.0
15643487.0,Sal,630.0,Spain,M,39.0,10.0,105473.74,,0.0,,58854.88,1.0
15764033.0,Lin,693.0,Germany,F,43.0,1.0,121927.92,1.0,1.0,0.0,87994.95,1.0
15747288.0,Ferri,838.0,Spain,F,40.0,6.0,61671.19,1.0,0.0,1.0,150659.35,1.0
15790599.0,Yin,,Germany,F,39.0,,-99999,2.0,1.0,1.0,,0.0
15737705.0,Avdeyeva,775.0,France,F,27.0,4.0,152309.37,1.0,1.0,0.0,,0.0
15737194.0,Tu,,,F,33.0,5.0,0.0,2.0,1.0,0.0,122949.71,0.0
15726776.0,Donnelly,705.0,Spain,M,36.0,1.0,111629.29,1.0,1.0,1.0,21807.16,0.0
15804357.0,Loggia,481.0,France,M,40.0,3.0,0.0,1.0,1.0,1.0,32319.93,0.0
15664432.0,Chao,727.0,Spain,F,49.0,7.0,96296.78,1.0,1.0,0.0,190457.87,1.0
15688984.0,Belonwu,595.0,France,M,20.0,4.0,95830.43,1.0,1.0,0.0,177738.98,0.0
15583026.0,Welch,535.0,France,F,150,0.0,135919.33,1.0,1.0,0.0,80425.65,0.0
15771668.0,Henderson,578.0,France,M,150,10.0,185966.64,,0.0,0.0,9445.42,1.0
15779904.0,Yobanna,597.0,France,F,29.0,5.0,0.0,2.0,1.0,1.0,,0.0
15784323.0,Gallo,449.0,,F,21.0,7.0,0.0,2.0,0.0,0.0,175743.92,0.0
15756277.0,Wilson,,Germany,F,43.0,8.0,92244.83,2.0,1.0,0.0,54949.73,
15663312.0,Marino,494.0,France,F,nan,9.0,112727.06,2.0,1.0,0.0,183752.91,0.0
15793197.0,Bailey,676.0,,F,nan,8.0,100359.54,1.0,0.0,0.0,46038.28,0.0
15731463.0,Gboliwe,818.0,Germany,,43.0,10.0,105301.5,1.0,1.0,1.0,78941.59,
15621768.0,Chukwuhaenye,712.0,Spain,M,45.0,6.0,-99999,1.0,0.0,0.0,198398.68,0.0
15691323.0,Bianchi,672.0,Germany,M,40.0,4.0,89025.88,2.0,1.0,0.0,188892.19,0.0
15781326.0,,,,M,35.0,,95478.17,1.0,0.0,0.0,169286.74,0.0
15595640.0,Rizzo,,,M,37.0,8.0,0.0,2.0,0.0,,145004.39,0.0
15814331.0,Lung,597.0,Germany,,43.0,7.0,-99999,2.0,1.0,0.0,55809.92,0.0
15602030.0,Ramirez,717.0,France,M,nan,4.0,128206.79,1.0,1.0,1.0,54272.12,0.0
15747974.0,Sabbatini,,,M,49.0,1.0,0.0,2.0,1.0,,192440.54,
15611315.0,Ts'ao,708.0,,F,23.0,,nan,1.0,1.0,0.0,,0.0
15636977.0,Trevisan,507.0,Germany,M,36.0,9.0,nan,3.0,1.0,0.0,119110.03,1.0
15690337.0,Chinwenma,581.0,France,F,nan,5.0,102258.11,2.0,1.0,0.0,,0.0
15680666.0,Berry,579.0,Spain,F,39.0,2.0,151963.26,2.0,1.0,0.0,158948.63,0.0
15679551.0,,504.0,Spain,F,46.0,2.0,nan,1.0,,1.0,165122.55,1.0
15778915.0,Harris,737.0,France,F,32.0,7.0,nan,2.0,0.0,1.0,189402.71,
15568849.0,Bryan,540.0,Spain,F,31.0,10.0,118158.74,1.0,1.0,,158027.57,0.0
15747762.0,Chigozie,609.0,France,M,nan,,nan,1.0,,0.0,3815.48,0.0
15753679.0,Mullawirraburka,778.0,France,M,24.0,4.0,nan,2.0,1.0,1.0,162809.2,0.0
15750049.0,Steele,621.0,France,M,40.0,10.0,163823.37,1.0,,0.0,89519.47,0.0
15606097.0,Zakharov,665.0,Germany,M,63.0,7.0,104469.58,1.0,1.0,1.0,25165.36,1.0
15802368.0,Ch'eng,608.0,,F,47.0,6.0,0.0,1.0,1.0,1.0,126012.57,0.0
15767488.0,Berry,680.0,Spain,,36.0,7.0,0.0,2.0,1.0,0.0,20109.21,0.0
15669946.0,Jen,663.0,,,46.0,2.0,141726.88,,1.0,1.0,58257.23,0.0
15612103.0,,627.0,Germany,F,35.0,2.0,137852.96,1.0,1.0,1.0,,1.0
15645353.0,Chubb,607.0,France,M,150,1.0,0.0,1.0,1.0,0.0,29818.2,0.0
15650018.0,,681.0,France,F,43.0,8.0,154100.3,,,0.0,,0.0
15659002.0,Mazzanti,766.0,France,F,45.0,6.0,0.0,2.0,0.0,0.0,147184.74,0.0
15616028.0,T'ao,,France,M,30.0,,0.0,3.0,0.0,1.0,15039.41,0.0
15660475.0,Ndubueze,411.0,France,F,54.0,9.0,0.0,1.0,0.0,,76621.49,0.0
15652615.0,Ferri,742.0,France,M,39.0,8.0,nan,1.0,1.0,,92985.78,0.0
15653572.0,Thornton,673.0,,M,43.0,8.0,127132.96,1.0,0.0,1.0,6009.27,1.0
15628059.0,DeRose,529.0,France,M,61.0,1.0,0.0,2.0,1.0,1.0,,0.0
15703413.0,Montes,519.0,France,F,38.0,7.0,-99999,,1.0,0.0,188225.67,
15610433.0,Kwemto,573.0,France,M,35.0,9.0,0.0,2.0,1.0,0.0,11743.89,0.0
15770548.0,Lucchese,453.0,Germany,,28.0,,nan,1.0,1.0,0.0,136846.75,0.0
15645637.0,Huggins,798.0,Germany,F,39.0,6.0,119787.76,1.0,1.0,1.0,164248.33,0.0
15590888.0,Wade,693.0,Spain,F,34.0,10.0,107556.06,2.0,0.0,0.0,154631.35,0.0
15568326.0,Kenenna,637.0,France,F,44.0,2.0,0.0,2.0,1.0,,149665.65,0.0
15655368.0,Wheeler,672.0,France,M,47.0,1.0,0.0,1.0,0.0,0.0,91574.92,0.0
15665579.0,Cartwright,,,F,28.0,0.0,142705.95,1.0,,0.0,,0.0
15676091.0,Iloerika,543.0,France,M,42.0,7.0,0.0,1.0,1.0,1.0,56650.47,0.0
15716984.0,Palermo,695.0,Spain,F,56.0,,0.0,2.0,1.0,,84644.76,0.0
15715078.0,Nkemakolam,584.0,France,,35.0,6.0,161613.94,,1.0,1.0,148238.16,0.0
15569452.0,Butler,652.0,Germany,F,58.0,3.0,116353.2,2.0,0.0,,193502.9,
,Calabresi,601.0,France,M,38.0,4.0,60013.81,1.0,1.0,1.0,38020.05,0.0
15778192.0,Nkemdilim,628.0,Spain,M,28.0,4.0,0.0,2.0,1.0,1.0,176750.81,0.0
15793723.0,Ch'iu,607.0,Germany,M,32.0,9.0,144272.07,2.0,,0.0,,0.0
15798943.0,Alexander,646.0,France,F,nan,8.0,0.0,2.0,1.0,0.0,133059.15,0.0
15764708.0,Chiabuotu,572.0,,M,30.0,6.0,117696.67,1.0,1.0,0.0,100843.82,0.0
15791040.0,Vasilyeva,801.0,Spain,M,58.0,1.0,79954.61,2.0,1.0,1.0,30484.19,0.0
15631512.0,Schneider,597.0,France,F,26.0,8.0,149989.39,1.0,1.0,0.0,42330.58,0.0
15640106.0,Mason,613.0,France,,40.0,7.0,124339.9,1.0,0.0,0.0,193309.58,0.0
15710315.0,Chukwukadibia,529.0,Germany,M,29.0,4.0,135759.4,1.0,0.0,0.0,,1.0
15771535.0,Tsui,794.0,Spain,F,37.0,9.0,0.0,2.0,1.0,,68008.85,0.0
15611947.0,Banks,557.0,,M,34.0,3.0,83074.0,,1.0,0.0,,0.0
15670266.0,Shih,499.0,France,F,28.0,4.0,nan,1.0,1.0,1.0,22001.91,0.0
15609083.0,Tretiakova,544.0,France,F,26.0,6.0,0.0,1.0,1.0,,100200.4,1.0
15567923.0,Barese,739.0,France,F,30.0,6.0,0.0,1.0,0.0,0.0,122604.44,0.0
15788183.0,Longo,458.0,Germany,F,43.0,1.0,106870.12,2.0,1.0,0.0,100564.37,0.0
15735782.0,MacDonald,528.0,France,M,31.0,9.0,120962.59,1.0,1.0,0.0,5419.31,0.0
15774401.0,Chambers,773.0,Spain,M,150,4.0,0.0,2.0,0.0,0.0,123587.83,1.0
15737971.0,Cowen,646.0,France,F,30.0,5.0,0.0,2.0,1.0,0.0,13935.32,0.0
15758750.0,,564.0,France,M,150,0.0,110527.17,1.0,1.0,1.0,87060.77,
15611767.0,Mai,624.0,Germany,F,52.0,0.0,133723.43,1.0,0.0,0.0,4859.59,1.0
15643770.0,Yu,682.0,France,F,52.0,5.0,112670.48,1.0,1.0,0.0,21085.17,1.0
15744717.0,Duffy,726.0,France,F,44.0,2.0,0.0,2.0,1.0,1.0,26733.86,
15570681.0,Chiang,560.0,,M,24.0,1.0,116084.32,1.0,1.0,,,0.0
15792650.0,Watts,382.0,Spain,M,36.0,0.0,0.0,1.0,1.0,1.0,179540.73,1.0
15605531.0,Daly,457.0,Spain,F,38.0,6.0,0.0,2.0,1.0,0.0,173219.09,0.0
15605339.0,,673.0,France,F,37.0,10.0,0.0,2.0,1.0,1.0,37411.35,0.0
15672216.0,Uvarov,584.0,France,F,40.0,4.0,82441.75,1.0,,0.0,80852.11,
15812893.0,Costa,629.0,France,F,39.0,10.0,0.0,2.0,1.0,1.0,43174.49,1.0
15624180.0,Genovesi,,Germany,F,nan,10.0,134171.8,4.0,1.0,,70927.11,
15701364.0,Doherty,724.0,,M,30.0,10.0,0.0,,1.0,1.0,,0.0
,Kaleski,644.0,France,M,31.0,5.0,0.0,2.0,,1.0,,0.0
15806318.0,Wright,,Germany,F,48.0,2.0,124442.38,1.0,1.0,0.0,15068.53,1.0
15712596.0,Huang,499.0,France,M,31.0,4.0,0.0,1.0,1.0,0.0,25950.49,0.0
15600399.0,Trentino,598.0,France,M,60.0,4.0,0.0,1.0,1.0,0.0,197727.14,1.0
15576216.0,Chienezie,655.0,Germany,F,37.0,4.0,108862.76,1.0,1.0,0.0,79555.08,1.0
15620750.0,Sugden,,France,M,28.0,3.0,141099.43,1.0,1.0,1.0,15607.27,0.0
15623489.0,Tu,543.0,France,F,nan,0.0,128843.67,1.0,1.0,,134612.48,0.0
15667944.0,Onuchukwu,679.0,France,M,39.0,0.0,86843.61,1.0,0.0,1.0,159830.58,0.0
15584928.0,,594.0,Germany,F,32.0,,120074.97,2.0,1.0,1.0,162961.79,0.0
15779913.0,Davidson,586.0,,M,27.0,5.0,130231.8,2.0,1.0,1.0,192427.16,
15644977.0,,776.0,France,F,31.0,5.0,0.0,2.0,1.0,0.0,92647.94,0.0
15749679.0,Beck,699.0,France,M,150,2.0,109724.38,1.0,1.0,1.0,180022.39,0.0
,Beam,847.0,,F,35.0,,111743.43,,1.0,1.0,183584.14,0.0
,Sheppard,,Germany,M,35.0,8.0,nan,2.0,1.0,1.0,28750.67,0.0
15767781.0,,648.0,France,M,38.0,10.0,82697.28,1.0,1.0,0.0,74846.67,0.0
15635364.0,Gray,618.0,France,F,49.0,9.0,44301.43,3.0,1.0,1.0,89729.3,1.0
15722004.0,,543.0,France,F,31.0,4.0,138317.94,1.0,0.0,0.0,61843.73,0.0
15766044.0,Cameron,642.0,Germany,M,49.0,4.0,nan,1.0,,,24770.22,1.0
15586680.0,Fleming,462.0,France,M,27.0,4.0,176913.52,1.0,1.0,,80587.27,0.0
15635388.0,Austin,640.0,Spain,M,47.0,6.0,-99999,1.0,1.0,0.0,116286.25,0.0
15655175.0,Wallace,,Germany,M,40.0,4.0,-99999,2.0,1.0,0.0,129333.69,1.0
15639133.0,Ku,773.0,France,F,50.0,4.0,0.0,2.0,,,129372.94,0.0
15799653.0,Fiorentino,583.0,,F,32.0,7.0,94753.55,,1.0,1.0,18149.03,0.0
15723872.0,Buccho,589.0,Spain,F,46.0,10.0,0.0,,,1.0,168369.37,0.0
15775627.0,Gordon,509.0,France,M,nan,8.0,0.0,,0.0,1.0,67431.28,0.0
15630704.0,Haworth,612.0,Germany,M,32.0,9.0,nan,2.0,1.0,0.0,,0.0
15815534.0,Guidry,505.0,Spain,M,37.0,0.0,134006.39,1.0,1.0,1.0,93736.69,0.0
15697249.0,Lettiere,546.0,,F,25.0,,132837.7,,1.0,0.0,131647.31,0.0
15681316.0,Tai,681.0,France,F,41.0,0.0,120549.29,2.0,1.0,,175722.31,0.0
15682523.0,Chigozie,762.0,France,M,20.0,1.0,139432.55,1.0,1.0,1.0,85606.83,0.0
,Bezrukov,786.0,Spain,M,29.0,7.0,80895.44,2.0,1.0,0.0,64945.57,0.0
15648638.0,Chia,629.0,Spain,M,34.0,6.0,0.0,2.0,1.0,,190347.72,0.0
15795747.0,Sheppard,787.0,Spain,F,39.0,7.0,171646.76,1.0,0.0,1.0,,0.0
15607330.0,Vasilyev,713.0,Spain,M,42.0,0.0,109121.71,1.0,0.0,1.0,167873.49,0.0
15624013.0,Maxwell,541.0,France,F,39.0,6.0,109844.81,1.0,1.0,0.0,25289.23,
15800805.0,Maher,,France,F,31.0,,140931.82,1.0,0.0,1.0,,0.0
,Cocci,644.0,Spain,M,49.0,10.0,0.0,2.0,1.0,1.0,145089.64,0.0
15601116.0,P'an,686.0,France,M,32.0,,0.0,2.0,1.0,1.0,179093.26,0.0
,Rapuluchukwu,847.0,Germany,,41.0,3.0,101543.51,4.0,1.0,0.0,16025.17,1.0
,Azuka,765.0,Germany,M,37.0,7.0,102708.77,,1.0,0.0,9087.81,0.0
15688689.0,Esposito,,Germany,F,150,8.0,nan,2.0,1.0,1.0,21472.42,0.0
15652674.0,Hou,539.0,France,M,20.0,,83459.86,1.0,,1.0,146752.67,
15806327.0,,,France,,40.0,,75893.11,2.0,1.0,0.0,132562.23,0.0
15649618.0,Tomlinson,,Germany,F,39.0,,167395.6,2.0,0.0,1.0,139537.43,0.0
15677117.0,,629.0,,F,61.0,,0.0,2.0,1.0,,133672.61,0.0
15751445.0,Chikwado,734.0,,F,52.0,6.0,71283.09,2.0,0.0,1.0,38984.37,0.0
15749669.0,Hargreaves,542.0,,F,31.0,3.0,0.0,2.0,1.0,1.0,115217.59,0.0
,Laidley,414.0,Spain,M,60.0,3.0,0.0,2.0,1.0,1.0,93844.82,0.0
15667438.0,Ferguson,,France,F,38.0,1.0,104016.88,1.0,0.0,0.0,,1.0
15682273.0,Burns,683.0,,,38.0,,127616.56,1.0,1.0,0.0,123846.07,0.0
15580912.0,McNeill,748.0,France,M,nan,5.0,154737.88,2.0,1.0,1.0,172638.13,0.0
15785183.0,Chukwuebuka,596.0,Spain,M,29.0,2.0,0.0,2.0,1.0,1.0,1591.19,0.0
15705383.0,Shen,642.0,France,M,35.0,4.0,125476.31,1.0,1.0,1.0,91775.51,0.0
15712903.0,Diaz,499.0,France,F,21.0,3.0,176511.08,1.0,1.0,1.0,153920.22,0.0
15774285.0,Kentish,649.0,Spain,F,47.0,8.0,110783.28,1.0,1.0,1.0,71420.16,0.0
15583138.0,Persse,739.0,France,M,42.0,2.0,141642.92,2.0,1.0,0.0,172149.76,0.0
15740160.0,Okwukwe,616.0,France,M,nan,1.0,0.0,2.0,1.0,1.0,54706.75,0.0
15793425.0,Watt,560.0,Spain,F,33.0,9.0,0.0,1.0,0.0,1.0,183358.21,0.0
15749265.0,Carslaw,427.0,Germany,M,42.0,1.0,75681.52,,1.0,1.0,,
15623989.0,Griffin,435.0,France,,54.0,3.0,0.0,1.0,1.0,0.0,156910.46,1.0
15604832.0,Hsia,633.0,France,M,29.0,7.0,0.0,1.0,1.0,1.0,130224.73,0.0
,Fyodorova,,France,M,35.0,6.0,161111.45,,0.0,0.0,13946.66,0.0
15573854.0,Chukwujekwu,727.0,France,,62.0,5.0,0.0,2.0,0.0,1.0,38652.96,0.0
15614847.0,Townsend,674.0,France,F,45.0,6.0,72494.69,,0.0,1.0,140041.78,0.0
15679966.0,Marsh,661.0,France,F,nan,3.0,133964.3,1.0,1.0,,166187.1,0.0
15799435.0,Hayes,619.0,Spain,M,nan,1.0,0.0,1.0,1.0,0.0,,
,Padovano,562.0,France,F,27.0,3.0,0.0,2.0,1.0,0.0,28137.03,
15705544.0,Ma,633.0,France,M,61.0,3.0,157201.48,,0.0,1.0,50368.63,0.0
15713632.0,Ham,551.0,Spain,F,48.0,5.0,95679.29,1.0,0.0,0.0,94978.1,0.0
15586523.0,Paten,720.0,Germany,F,29.0,7.0,106230.92,1.0,1.0,1.0,69903.93,1.0
15609176.0,Cawthorne,688.0,France,F,32.0,5.0,0.0,2.0,0.0,1.0,177607.77,0.0
15769308.0,Herbert,635.0,,,36.0,9.0,81231.85,2.0,1.0,0.0,196731.08,0.0
15676810.0,Jen,561.0,France,F,31.0,1.0,81480.27,2.0,1.0,1.0,65234.6,0.0
15634591.0,Saunders,850.0,France,M,33.0,8.0,73059.38,1.0,,1.0,186281.0,0.0
,Esquivel,636.0,France,,36.0,5.0,117559.05,2.0,1.0,,111573.3,0.0
15677764.0,Chao,461.0,Germany,F,74.0,1.0,186445.31,2.0,1.0,1.0,,0.0
15571917.0,Eluemuno,771.0,,F,38.0,5.0,137657.71,2.0,,0.0,72985.61,0.0
15574608.0,,713.0,France,M,nan,8.0,-99999,1.0,1.0,1.0,143265.65,0.0
15740868.0,Pirogova,658.0,Germany,F,150,9.0,nan,1.0,1.0,1.0,159268.67,0.0
,Benson,586.0,Germany,F,56.0,9.0,100781.75,2.0,1.0,1.0,54448.41,0.0
15699797.0,Santana,737.0,France,M,30.0,8.0,174356.13,1.0,0.0,0.0,,0.0
15648047.0,Williamson,742.0,,M,27.0,5.0,nan,2.0,0.0,0.0,21793.59,0.0
15766826.0,North,824.0,France,M,26.0,7.0,146266.0,1.0,1.0,,21903.62,1.0
15591628.0,,701.0,Germany,,41.0,9.0,164046.1,1.0,1.0,0.0,49405.93,
15583857.0,Siciliano,623.0,Spain,F,43.0,4.0,nan,2.0,,0.0,154908.52,0.0
15752534.0,Mironov,,France,M,36.0,10.0,0.0,2.0,,1.0,182867.84,0.0
15741403.0,Amechi,698.0,Spain,F,38.0,1.0,171848.38,1.0,,0.0,16957.45,0.0
15783589.0,Toscano,616.0,France,M,40.0,9.0,0.0,2.0,0.0,0.0,93717.55,
,Su,662.0,France,F,39.0,5.0,139562.05,2.0,1.0,0.0,61636.22,0.0
15643330.0,Chukwuemeka,,France,M,37.0,2.0,0.0,2.0,0.0,1.0,95864.5,0.0
15680405.0,,685.0,France,M,40.0,2.0,168001.34,2.0,1.0,1.0,167400.29,0.0
15728683.0,Lombardo,742.0,France,M,27.0,0.0,0.0,2.0,0.0,1.0,131534.96,0.0
15621644.0,Lombardi,678.0,,M,83.0,6.0,123356.63,1.0,0.0,1.0,92934.41,
15733032.0,Butler,651.0,Spain,,47.0,2.0,-99999,2.0,1.0,,,0.0
,,585.0,,M,50.0,2.0,125845.66,1.0,1.0,,9439.31,1.0
15658946.0,,579.0,Germany,M,40.0,10.0,45408.85,2.0,1.0,0.0,18732.91,0.0
15757912.0,Bradley,722.0,Germany,,37.0,0.0,125977.81,1.0,0.0,0.0,160162.42,0.0
15645371.0,Cameron,613.0,Germany,F,51.0,7.0,147262.11,1.0,1.0,1.0,53630.9,
,Chan,694.0,France,M,42.0,8.0,133767.19,1.0,1.0,0.0,36405.21,0.0
15766355.0,Lettiere,550.0,Germany,M,49.0,0.0,108806.96,3.0,1.0,,61446.92,1.0
15585249.0,Mironova,741.0,France,,nan,6.0,-99999,1.0,1.0,0.0,,1.0
15611786.0,Tsui,668.0,Spain,F,69.0,9.0,0.0,1.0,0.0,1.0,134483.07,0.0
15575486.0,Okoli,529.0,France,F,27.0,1.0,0.0,2.0,1.0,1.0,37769.98,0.0
15780215.0,Berry,636.0,France,M,31.0,6.0,nan,2.0,1.0,1.0,2382.61,0.0
15686099.0,Ruse,563.0,Spain,,nan,1.0,82182.1,1.0,,0.0,106826.92,
15739042.0,Bogolyubov,767.0,France,F,35.0,9.0,0.0,2.0,1.0,0.0,39511.61,0.0
,Kennedy,644.0,France,M,50.0,9.0,76817.0,4.0,1.0,0.0,,1.0
15778489.0,,780.0,Germany,M,71.0,9.0,142550.25,2.0,1.0,1.0,,0.0
15786389.0,Chuang,635.0,Spain,F,41.0,10.0,0.0,2.0,1.0,1.0,,0.0
15601787.0,Greco,641.0,Germany,M,35.0,2.0,103711.56,1.0,0.0,1.0,192464.21,1.0
15624715.0,,593.0,Spain,F,40.0,2.0,0.0,,1.0,1.0,5194.95,
15763093.0,Nucci,540.0,Germany,F,35.0,7.0,-99999,2.0,1.0,0.0,198256.15,0.0
15572073.0,Yao,663.0,Spain,,35.0,5.0,0.0,2.0,1.0,1.0,62634.94,0.0
15780256.0,Palfreyman,630.0,France,M,34.0,9.0,0.0,2.0,,1.0,114006.35,0.0
15659305.0,Webster,605.0,Germany,M,19.0,8.0,166133.28,1.0,1.0,,107994.99,0.0
,Cardell,710.0,Germany,F,150,9.0,148214.36,1.0,1.0,0.0,48571.14,1.0
15714680.0,Bianchi,755.0,France,F,78.0,5.0,121206.96,1.0,1.0,1.0,76016.49,0.0
15777217.0,Somadina,641.0,Spain,M,25.0,10.0,0.0,,1.0,1.0,,0.0
15739123.0,Mellor,737.0,Germany,,50.0,,127552.85,2.0,1.0,0.0,4225.11,0.0
15594450.0,Tomlinson,695.0,France,M,49.0,9.0,159458.53,1.0,1.0,0.0,135841.35,0.0
15797751.0,,,Germany,F,47.0,5.0,102085.72,1.0,1.0,1.0,183536.24,
15691543.0,Lennox,558.0,Germany,M,58.0,2.0,142537.18,1.0,1.0,1.0,88791.83,0.0
15722845.0,,,,M,29.0,1.0,182781.74,2.0,1.0,1.0,63732.9,0.0
15605804.0,Watson,737.0,France,M,45.0,10.0,0.0,2.0,,,1364.54,0.0
15702061.0,Findlay,,France,,29.0,7.0,0.0,2.0,1.0,1.0,149184.15,
15694321.0,Su,619.0,,F,28.0,3.0,nan,2.0,1.0,0.0,53394.12,0.0
15798749.0,,845.0,Germany,F,43.0,,152063.59,2.0,1.0,0.0,97910.06,0.0
15720050.0,Barrett,727.0,France,F,28.0,2.0,110997.76,1.0,1.0,0.0,101433.76,
15758048.0,Miah,582.0,France,M,50.0,2.0,148942.0,1.0,1.0,1.0,116944.3,0.0
15805681.0,Chamberlain,716.0,France,M,41.0,9.0,-99999,1.0,1.0,1.0,113267.48,0.0
15802809.0,Vidal,660.0,Spain,F,36.0,0.0,84438.57,1.0,1.0,1.0,181449.51,0.0
15807239.0,Lung,664.0,France,F,34.0,7.0,93920.47,1.0,0.0,0.0,179913.98,0.0
15749093.0,Tretyakova,801.0,France,M,43.0,4.0,nan,2.0,0.0,0.0,98586.14,0.0
15689344.0,Montgomery,615.0,Spain,M,42.0,4.0,0.0,,0.0,1.0,120321.09,0.0
15606076.0,Golubev,718.0,Germany,M,63.0,7.0,123204.88,1.0,,1.0,100538.8,0.0
15610090.0,Han,667.0,France,M,40.0,8.0,72945.29,2.0,,0.0,98931.5,0.0
15693926.0,Pan,,,,37.0,0.0,178742.71,1.0,1.0,1.0,194493.57,0.0
15791501.0,,590.0,,M,150,8.0,0.0,2.0,,1.0,143628.31,0.0
15621870.0,Hawkins,739.0,Spain,F,150,8.0,nan,1.0,,0.0,167030.51,0.0
15734711.0,Loggia,373.0,,M,42.0,7.0,0.0,1.0,1.0,0.0,77786.37,1.0
,Chesnokova,,France,F,46.0,9.0,nan,1.0,1.0,1.0,81014.5,
15729359.0,Chambers,,France,F,29.0,9.0,0.0,2.0,1.0,,41866.26,0.0
15606944.0,Fleming,645.0,Germany,M,43.0,9.0,140121.17,,1.0,,11302.7,1.0
15671934.0,Veale,552.0,Germany,M,39.0,2.0,nan,1.0,0.0,1.0,149384.43,0.0
15641773.0,Browne,580.0,Germany,M,45.0,2.0,nan,2.0,,1.0,169303.65,0.0
15701972.0,Parsons,684.0,France,M,35.0,,137179.39,1.0,1.0,,37264.11,0.0
15749114.0,Bailey,634.0,Spain,M,35.0,3.0,0.0,2.0,1.0,1.0,19515.48,0.0
15780362.0,Ferrari,607.0,France,F,49.0,9.0,119960.29,2.0,1.0,0.0,103068.22,
15753229.0,Genovese,802.0,,M,150,9.0,127414.55,1.0,1.0,,134459.12,0.0
15656009.0,McIntyre,736.0,France,F,36.0,6.0,0.0,1.0,1.0,0.0,70496.66,0.0
15785024.0,Warner,629.0,France,F,40.0,9.0,137409.19,1.0,1.0,0.0,175877.7,
15670492.0,Gordon,737.0,France,M,28.0,8.0,0.0,2.0,1.0,0.0,106390.01,0.0
15795458.0,McMillan,718.0,Spain,F,39.0,2.0,-99999,1.0,1.0,1.0,52138.49,0.0
15732438.0,Cheng,561.0,France,M,150,4.0,0.0,4.0,0.0,0.0,18522.91,1.0
15781987.0,,641.0,,M,31.0,9.0,112494.99,1.0,1.0,1.0,32231.6,0.0
15775826.0,Iadanza,677.0,France,M,30.0,1.0,78133.15,1.0,0.0,1.0,174225.88,0.0
15807457.0,,641.0,Spain,F,36.0,1.0,0.0,2.0,,0.0,102021.39,
15632538.0,Watson,658.0,,F,32.0,5.0,145553.07,1.0,1.0,1.0,31484.76,0.0
15641389.0,Shen,659.0,Germany,M,48.0,4.0,123593.22,2.0,1.0,0.0,82469.06,1.0
15657306.0,Kershaw,567.0,France,F,47.0,2.0,0.0,1.0,0.0,0.0,110900.43,1.0
15709447.0,Reed,,France,F,26.0,0.0,146286.22,1.0,1.0,0.0,105105.35,0.0
15762682.0,Mitchell,709.0,Spain,F,35.0,1.0,111827.27,2.0,1.0,0.0,12674.68,0.0
15626042.0,Webb,690.0,Spain,F,26.0,,nan,2.0,1.0,1.0,93255.85,0.0
15597109.0,Vanzetti,627.0,France,M,nan,1.0,94416.78,1.0,0.0,1.0,,0.0
15756148.0,Nnanna,765.0,Spain,M,45.0,2.0,91549.78,1.0,1.0,1.0,47139.44,0.0
15665634.0,Campbell,645.0,,F,nan,7.0,nan,1.0,1.0,,167723.25,0.0
15739997.0,,,France,F,23.0,2.0,94464.81,2.0,0.0,1.0,185900.88,0.0
,Otutodilichukwu,,France,F,nan,4.0,0.0,1.0,0.0,0.0,85876.67,1.0
,Boone,687.0,Germany,M,nan,,nan,2.0,1.0,1.0,1787.85,0.0
,McIntyre,717.0,Germany,F,33.0,10.0,102185.42,2.0,1.0,0.0,,0.0
15594576.0,Zhdanov,,France,M,32.0,1.0,-99999,1.0,0.0,,187740.04,0.0
15707138.0,Nagy,679.0,Spain,M,39.0,5.0,-99999,2.0,1.0,,100060.54,0.0
15756954.0,Lombardo,,France,F,32.0,2.0,0.0,1.0,1.0,1.0,80130.54,0.0
15619130.0,Simpson,752.0,Germany,F,37.0,5.0,113291.05,2.0,1.0,1.0,132467.54,0.0
15639665.0,Herbert,846.0,Spain,M,61.0,0.0,0.0,2.0,1.0,1.0,96202.44,0.0
15571065.0,Lehr,532.0,Spain,F,39.0,0.0,-99999,2.0,1.0,0.0,94977.3,0.0
15686060.0,Chou,670.0,Germany,M,43.0,9.0,111677.88,1.0,1.0,0.0,178827.3,1.0
,Upchurch,597.0,Germany,,35.0,,131101.04,1.0,1.0,1.0,192852.67,0.0
15800961.0,Ugorji,627.0,Germany,M,nan,1.0,76101.81,2.0,0.0,1.0,177238.35,0.0
15763065.0,Palerma,700.0,,,40.0,2.0,0.0,2.0,1.0,0.0,199753.97,0.0
15672467.0,Coles,766.0,France,F,52.0,7.0,92510.9,2.0,0.0,1.0,66193.61,0.0
15752915.0,Hsueh,488.0,France,F,34.0,,0.0,2.0,1.0,1.0,181270.84,0.0
15744695.0,Tu,694.0,France,M,39.0,5.0,77652.4,1.0,1.0,1.0,25407.59,0.0
15584897.0,Kuo,639.0,France,F,31.0,3.0,98360.03,1.0,0.0,0.0,,0.0
15601857.0,Woodhouse,705.0,Germany,F,nan,,115518.07,1.0,0.0,0.0,76544.9,1.0
15674156.0,Tretiakova,,Germany,M,69.0,,27288.43,,1.0,1.0,110509.9,0.0
15695465.0,Gibson,638.0,France,,36.0,6.0,0.0,1.0,1.0,0.0,,0.0
15792232.0,Moss,595.0,Spain,F,43.0,5.0,0.0,2.0,0.0,0.0,105149.8,0.0
15807900.0,Chineze,575.0,France,M,36.0,7.0,0.0,,,1.0,55868.97,
15743760.0,Davidson,850.0,France,M,nan,6.0,131996.66,2.0,1.0,1.0,178747.43,0.0
15652835.0,Liang,419.0,Spain,F,27.0,2.0,121580.42,1.0,0.0,1.0,,0.0
15767818.0,Graham,640.0,,M,55.0,10.0,132436.34,,,0.0,978.66,0.0
15591150.0,Nwebube,570.0,Spain,M,34.0,10.0,0.0,2.0,,1.0,183387.12,0.0
15734659.0,Sozonov,,Germany,F,46.0,5.0,107978.4,2.0,,0.0,155876.06,0.0
,Forbes,689.0,Germany,F,150,4.0,nan,4.0,1.0,0.0,119259.34,1.0
15724648.0,Chikezie,725.0,France,M,26.0,6.0,98684.15,,0.0,0.0,133720.57,
15737732.0,Onwuemelie,751.0,France,F,44.0,10.0,nan,2.0,1.0,0.0,,0.0
15632280.0,,544.0,,F,53.0,9.0,0.0,,1.0,0.0,,1.0
15750407.0,Hunt,768.0,Germany,F,nan,2.0,nan,2.0,0.0,0.0,19150.14,0.0
15795370.0,Mazure,648.0,,M,37.0,,131753.41,1.0,1.0,0.0,86894.67,
15656829.0,Hughes,577.0,Spain,F,33.0,6.0,0.0,2.0,1.0,0.0,57975.8,0.0
15643794.0,Bennett,639.0,Spain,,27.0,2.0,0.0,,1.0,1.0,82938.99,0.0
15798605.0,Tien,686.0,Germany,M,26.0,1.0,57422.62,1.0,1.0,1.0,,0.0
15637324.0,Kay,657.0,France,F,28.0,7.0,nan,2.0,0.0,1.0,5177.62,0.0
15589589.0,Bryan,613.0,France,M,34.0,5.0,144094.2,1.0,1.0,0.0,44510.26,0.0
15778936.0,Ingamells,701.0,France,M,33.0,9.0,147510.34,1.0,1.0,0.0,190611.92,0.0
15757385.0,Milne,578.0,Spain,F,28.0,8.0,161592.76,1.0,1.0,0.0,177834.79,0.0
15666200.0,,689.0,France,F,nan,1.0,0.0,2.0,1.0,1.0,119446.64,0.0
15683977.0,Owens,687.0,,F,72.0,4.0,0.0,,1.0,1.0,50267.69,0.0
,Charlton,499.0,Spain,F,53.0,1.0,-99999,2.0,0.0,0.0,144849.1,1.0
15584812.0,Overby,693.0,Spain,F,39.0,0.0,0.0,2.0,,0.0,81901.6,0.0
15752984.0,Chifley,,France,F,70.0,9.0,87542.89,2.0,1.0,1.0,42576.86,0.0
15577913.0,Oliver,651.0,France,F,nan,8.0,144581.96,1.0,1.0,1.0,87609.5,0.0
15591980.0,Hill,753.0,,M,33.0,5.0,122568.05,2.0,1.0,1.0,82820.85,0.0
,,523.0,,F,24.0,5.0,172231.93,1.0,0.0,1.0,155144.12,0.0
15574142.0,Chuang,458.0,Germany,F,28.0,,171932.26,2.0,,1.0,9578.24,
15582903.0,Edwards,,France,M,nan,7.0,0.0,2.0,1.0,1.0,170392.59,0.0
15733229.0,Rodriguez,638.0,,F,34.0,7.0,0.0,2.0,0.0,0.0,3946.29,0.0
15635752.0,Lo,685.0,Germany,,38.0,4.0,111798.06,2.0,1.0,1.0,102184.66,0.0
15771000.0,Powell,684.0,France,M,nan,4.0,0.0,3.0,1.0,0.0,75609.84,0.0
15804864.0,Chu,670.0,France,F,27.0,5.0,79336.61,1.0,1.0,,26170.08,
15641175.0,Munro,701.0,Germany,M,63.0,3.0,120916.52,3.0,0.0,0.0,144727.45,1.0
15692226.0,Onwumelu,705.0,,F,31.0,3.0,142905.51,,1.0,1.0,58134.97,0.0
15584156.0,Siciliani,593.0,Spain,M,27.0,10.0,0.0,3.0,0.0,0.0,94620.0,1.0
15702656.0,Yobachi,651.0,France,F,33.0,1.0,96834.78,1.0,1.0,0.0,108764.69,0.0
15606552.0,Akabueze,741.0,France,M,nan,9.0,-99999,2.0,1.0,1.0,149503.54,
15687001.0,Chiemenam,596.0,Germany,M,54.0,1.0,123544.0,1.0,,1.0,120314.75,1.0
,Odinakachukwu,581.0,Germany,M,nan,2.0,127913.71,,1.0,1.0,44205.95,0.0
15731951.0,Reilly,689.0,Spain,F,nan,5.0,95328.6,,1.0,0.0,6129.61,1.0
15580953.0,Forbes,544.0,France,M,30.0,4.0,73218.89,1.0,0.0,1.0,126796.69,
15810390.0,Amadi,718.0,France,F,41.0,1.0,0.0,2.0,0.0,1.0,27509.52,1.0
15628274.0,Ferri,583.0,Germany,M,35.0,8.0,nan,2.0,1.0,0.0,,0.0
15615444.0,Y?an,663.0,Germany,M,28.0,,123674.28,2.0,1.0,1.0,87985.2,0.0
15784010.0,Williamson,666.0,Germany,M,33.0,2.0,nan,1.0,1.0,0.0,81884.8,0.0
15571586.0,,524.0,Spain,M,29.0,3.0,159035.45,1.0,,0.0,2705.31,1.0
15748616.0,Napolitani,599.0,France,M,27.0,5.0,0.0,2.0,1.0,0.0,30546.4,0.0
15769402.0,Carpenter,667.0,France,M,27.0,,156811.74,1.0,1.0,1.0,,0.0
15739248.0,,727.0,France,M,52.0,4.0,0.0,,1.0,1.0,118429.02,0.0
15603481.0,Robinson,689.0,Spain,F,55.0,4.0,0.0,2.0,1.0,1.0,,0.0
15723604.0,Collins,639.0,France,M,39.0,6.0,150555.83,1.0,1.0,0.0,30414.17,0.0
15797822.0,Kingsley,678.0,France,M,28.0,2.0,109137.12,1.0,1.0,1.0,58814.41,0.0
15665064.0,Harvey,523.0,France,M,36.0,8.0,158351.02,2.0,1.0,0.0,155304.53,0.0
15640580.0,Obiora,650.0,France,F,47.0,9.0,0.0,1.0,1.0,0.0,187943.6,0.0
15581089.0,Knight,744.0,Spain,M,35.0,,0.0,,1.0,1.0,43036.6,0.0
15728605.0,Hung,697.0,,M,40.0,4.0,-99999,,0.0,,26543.28,0.0
15737385.0,Curtis,800.0,Spain,F,46.0,6.0,0.0,2.0,1.0,,171928.04,0.0
15714789.0,Perez,664.0,France,M,24.0,7.0,0.0,1.0,0.0,1.0,35611.35,0.0
15786035.0,Gosnell,740.0,France,M,39.0,9.0,0.0,2.0,1.0,0.0,19047.23,0.0
15815259.0,Fang,835.0,France,F,56.0,2.0,0.0,2.0,1.0,1.0,39820.13,0.0
15592716.0,Clarke,559.0,France,,52.0,2.0,0.0,1.0,1.0,0.0,129013.59,1.0
15734850.0,,,Spain,M,36.0,1.0,82729.49,,1.0,0.0,113810.12,0.0
15638047.0,Chia,613.0,Germany,F,nan,9.0,nan,2.0,1.0,0.0,34749.65,0.0
15674573.0,Gearhart,713.0,,F,25.0,4.0,121172.97,1.0,,1.0,56268.98,0.0
15694859.0,,751.0,Germany,F,28.0,10.0,132932.14,2.0,1.0,1.0,46630.47,0.0
15776404.0,Williamson,,France,,22.0,8.0,123374.46,1.0,1.0,1.0,124906.59,0.0
15579345.0,Murphy,775.0,Germany,F,74.0,,161371.5,,1.0,1.0,134869.93,0.0
15690733.0,Angelo,608.0,,M,150,4.0,0.0,,0.0,0.0,36697.48,1.0
15631481.0,Thomson,673.0,France,M,51.0,8.0,79563.36,,1.0,1.0,172200.91,0.0
,Murray,616.0,France,M,46.0,2.0,0.0,2.0,1.0,0.0,137136.46,0.0
15571529.0,Kirby,650.0,Germany,F,48.0,7.0,138232.24,1.0,1.0,0.0,,0.0
15592104.0,Lane,655.0,France,,41.0,5.0,nan,1.0,0.0,,36548.0,1.0
15651900.0,Bergamaschi,782.0,Germany,F,nan,1.0,81571.05,1.0,,0.0,,1.0
15596212.0,Yang,781.0,Spain,M,35.0,1.0,0.0,2.0,0.0,0.0,42117.9,0.0
15710687.0,Mills,593.0,France,F,33.0,0.0,95927.04,1.0,1.0,0.0,199478.05,
15613787.0,Chidubem,505.0,Spain,M,35.0,8.0,116932.59,,1.0,0.0,91092.84,0.0
15599211.0,Findlay,707.0,France,M,40.0,1.0,0.0,2.0,1.0,,14090.4,1.0
15675983.0,Wood,692.0,France,F,36.0,,79551.12,1.0,0.0,1.0,178267.07,0.0
15622370.0,Boyle,,Germany,M,30.0,1.0,116416.94,1.0,0.0,1.0,85808.22,0.0
15656319.0,Toscano,850.0,Spain,,37.0,4.0,-99999,1.0,1.0,0.0,109659.12,0.0
15605130.0,Seccombe,753.0,,M,nan,6.0,177729.13,,1.0,1.0,161642.08,
15672574.0,Uspenskaya,850.0,Spain,,32.0,5.0,0.0,1.0,1.0,1.0,3830.59,0.0
15659355.0,,671.0,Spain,M,32.0,6.0,123912.78,2.0,1.0,1.0,146636.44,0.0
15777907.0,Liang,791.0,France,F,nan,3.0,0.0,1.0,1.0,1.0,144413.92,1.0
15655171.0,Yermakova,624.0,France,M,80.0,3.0,0.0,1.0,1.0,1.0,65801.44,
15619674.0,White,649.0,France,F,35.0,4.0,108306.44,1.0,1.0,1.0,192486.24,0.0
15775192.0,Rounsevell,732.0,Germany,F,48.0,4.0,102962.62,1.0,1.0,0.0,120852.85,1.0
15617657.0,Ts'ai,664.0,,F,36.0,0.0,103502.22,1.0,1.0,1.0,146191.82,0.0
15688951.0,Stoneman,789.0,Germany,M,43.0,8.0,119654.44,2.0,0.0,1.0,148412.24,1.0
15763460.0,Yao,680.0,France,M,33.0,10.0,nan,1.0,1.0,0.0,164119.35,0.0
15756992.0,,701.0,France,M,37.0,1.0,0.0,2.0,1.0,0.0,163457.55,0.0
,Ifeatu,,France,F,25.0,1.0,0.0,2.0,0.0,1.0,144978.47,0.0
15701932.0,,586.0,France,F,52.0,6.0,nan,,1.0,1.0,67288.89,0.0
15700813.0,Igwebuike,,Germany,F,25.0,5.0,94049.92,2.0,1.0,0.0,103269.0,0.0
15645600.0,Obidimkpa,739.0,Spain,F,27.0,8.0,-99999,1.0,1.0,1.0,106969.98,0.0
15634146.0,Hou,835.0,Germany,M,nan,2.0,142872.36,1.0,1.0,1.0,117632.63,0.0
15686743.0,Moody,790.0,Spain,M,29.0,3.0,nan,2.0,1.0,1.0,189777.66,0.0
15698792.0,Keldie,671.0,,F,48.0,6.0,119769.77,1.0,0.0,1.0,66032.65,0.0
15591724.0,Liu,,France,F,44.0,5.0,143244.97,1.0,1.0,0.0,98661.27,0.0
15571281.0,Ts'ao,651.0,,M,28.0,10.0,79562.98,1.0,1.0,1.0,74687.37,0.0
15661380.0,Walker,682.0,France,M,69.0,,0.0,2.0,0.0,1.0,149604.18,0.0
15728885.0,Defalco,808.0,France,M,nan,0.0,0.0,1.0,1.0,,79888.78,0.0
15618950.0,Lo Duca,644.0,Spain,,26.0,8.0,96659.64,2.0,1.0,,138775.69,
15609804.0,Hyde,688.0,France,M,29.0,1.0,0.0,2.0,1.0,0.0,154695.57,0.0
15735849.0,Kanayochukwu,,France,F,26.0,2.0,165947.99,2.0,,1.0,168834.38,
15652948.0,Yen,738.0,,M,33.0,,92676.3,1.0,1.0,0.0,105817.63,
15618155.0,Ts'ui,663.0,France,M,45.0,5.0,83195.12,1.0,1.0,1.0,48682.1,0.0
15566378.0,Tillman,515.0,France,M,48.0,5.0,129387.94,1.0,0.0,1.0,147955.91,1.0
15565879.0,Riley,,France,F,nan,9.0,0.0,2.0,1.0,1.0,56185.98,0.0
15792922.0,Tu,639.0,Spain,M,38.0,9.0,-99999,1.0,1.0,1.0,81861.1,0.0
15770567.0,Ruiz,557.0,France,F,32.0,3.0,123502.53,,1.0,1.0,69826.8,0.0
15738042.0,,543.0,Germany,M,37.0,8.0,140894.06,2.0,1.0,1.0,118059.19,0.0
15714920.0,Balashov,585.0,Germany,M,44.0,7.0,nan,1.0,1.0,,,0.0
,Leonard,610.0,France,F,27.0,2.0,0.0,2.0,1.0,,14546.76,0.0
15673180.0,Onyekaozulu,727.0,Germany,F,18.0,2.0,93816.7,2.0,1.0,0.0,,0.0
15660636.0,Carpenter,540.0,Spain,F,40.0,8.0,0.0,2.0,1.0,0.0,,0.0
15664504.0,,418.0,France,M,35.0,,0.0,,1.0,1.0,88878.15,0.0
15790322.0,Beneventi,660.0,France,F,32.0,0.0,114668.89,1.0,1.0,0.0,84605.0,0.0
15739847.0,Sadlier,,Germany,M,38.0,5.0,nan,1.0,1.0,0.0,78268.61,0.0
15699415.0,,618.0,France,F,46.0,6.0,150213.71,1.0,1.0,0.0,,1.0
15665521.0,Chiazagomekpele,642.0,Germany,M,nan,5.0,111183.53,2.0,,1.0,,0.0
15682868.0,,850.0,France,F,40.0,9.0,99816.46,1.0,1.0,1.0,163989.66,1.0
15584462.0,Liang,739.0,France,M,34.0,9.0,0.0,1.0,1.0,,60584.33,0.0
15661708.0,She,508.0,France,F,41.0,5.0,0.0,2.0,1.0,,94170.84,
,Bozeman,667.0,France,M,41.0,6.0,nan,2.0,0.0,,167181.77,0.0
15717010.0,Yu,741.0,France,F,60.0,,0.0,1.0,1.0,1.0,,0.0
15643828.0,Teng,592.0,France,M,nan,7.0,nan,2.0,1.0,1.0,91196.67,0.0
15733361.0,Davide,651.0,Germany,F,45.0,6.0,86714.06,1.0,1.0,0.0,,1.0
15795488.0,Beneventi,773.0,Spain,M,52.0,2.0,0.0,2.0,1.0,0.0,57337.79,0.0
15581551.0,Yobachukwu,850.0,Spain,,41.0,8.0,132838.07,1.0,1.0,1.0,175347.28,0.0
,Douglas,550.0,Germany,F,42.0,10.0,-99999,1.0,1.0,0.0,63092.65,1.0
15780409.0,Egobudike,783.0,France,M,40.0,6.0,0.0,2.0,1.0,0.0,109742.55,0.0
15572767.0,Shelby,777.0,France,M,29.0,2.0,0.0,2.0,1.0,0.0,124489.88,0.0
15590337.0,Golubov,659.0,,M,29.0,6.0,123192.12,1.0,1.0,1.0,56971.41,1.0
15634551.0,Williamson,727.0,,M,nan,3.0,115248.11,4.0,1.0,0.0,130752.01,1.0
15669290.0,Fan,603.0,France,M,38.0,8.0,59360.77,1.0,1.0,1.0,191457.06,
15621140.0,Nwebube,644.0,Spain,M,37.0,9.0,0.0,2.0,1.0,1.0,96442.86,0.0
15613518.0,Bellucci,647.0,France,F,nan,6.0,112668.7,1.0,0.0,1.0,122584.29,0.0
,Udinese,648.0,Germany,F,37.0,7.0,138503.51,2.0,1.0,0.0,57215.85,0.0
15570073.0,Marian,721.0,Spain,,57.0,,0.0,1.0,1.0,1.0,195940.96,
15777033.0,Chizoba,524.0,,M,150,7.0,0.0,2.0,1.0,1.0,105448.74,0.0
15682454.0,McFarland,626.0,France,F,150,3.0,0.0,2.0,1.0,,37870.29,0.0
15758513.0,McDonald,569.0,France,M,43.0,7.0,0.0,2.0,1.0,0.0,52534.81,0.0
15772604.0,Chiemezie,,Spain,M,36.0,1.0,157267.95,2.0,1.0,0.0,141533.19,0.0
15721715.0,Fane,769.0,France,F,40.0,9.0,133871.05,1.0,,1.0,50568.02,0.0
15688563.0,Marchesi,694.0,Germany,M,31.0,4.0,141989.27,2.0,1.0,0.0,26116.82,0.0
15772009.0,Scott,664.0,France,F,nan,5.0,0.0,1.0,1.0,,152054.33,0.0
15809585.0,H?,646.0,France,M,38.0,7.0,0.0,2.0,1.0,0.0,1528.4,0.0
15593778.0,,779.0,France,F,29.0,3.0,46388.16,3.0,,,127939.26,1.0
15655360.0,Chikelu,782.0,Germany,F,72.0,5.0,148666.99,1.0,1.0,0.0,2605.65,1.0
15780909.0,Caffyn,769.0,Germany,M,34.0,7.0,nan,1.0,0.0,0.0,57841.89,1.0
15757310.0,Otitodilichukwu,655.0,Germany,M,nan,6.0,148363.38,1.0,1.0,1.0,186995.17,0.0
15801411.0,,623.0,Spain,M,nan,4.0,0.0,1.0,1.0,0.0,5549.11,1.0
15761706.0,Y?an,705.0,Spain,F,39.0,8.0,144102.32,1.0,1.0,1.0,11682.36,0.0
15658409.0,Mao,686.0,,M,41.0,5.0,nan,3.0,1.0,1.0,106939.34,1.0
15810010.0,Dahlenburg,678.0,,M,36.0,6.0,118448.15,2.0,1.0,0.0,53172.02,0.0
15627027.0,Shih,738.0,France,M,39.0,5.0,nan,2.0,1.0,1.0,114388.98,
15624374.0,Maclean,703.0,France,,28.0,9.0,nan,2.0,0.0,1.0,2151.17,0.0
15720083.0,Fiorentino,554.0,Spain,M,42.0,,nan,2.0,0.0,,183492.9,0.0
15752294.0,Long,,France,F,38.0,9.0,135979.01,4.0,1.0,1.0,76582.95,1.0
15743193.0,Olson,644.0,France,M,37.0,,117271.8,2.0,1.0,0.0,104217.96,
,McKenzie,724.0,France,M,29.0,4.0,0.0,1.0,1.0,0.0,8982.75,0.0
15677522.0,Rossi,593.0,France,,33.0,1.0,0.0,2.0,0.0,0.0,9984.4,0.0
15643523.0,Power,710.0,Spain,F,30.0,,0.0,2.0,1.0,0.0,19500.1,0.0
15624936.0,Yen,631.0,France,M,nan,8.0,nan,,1.0,1.0,79146.36,0.0
15716085.0,Norris,739.0,Spain,F,41.0,8.0,0.0,1.0,1.0,0.0,191694.77,1.0
15641688.0,Collier,644.0,,M,18.0,7.0,0.0,1.0,0.0,1.0,59645.24,1.0
15796834.0,Rivers,652.0,Germany,M,150,7.0,104015.54,2.0,1.0,1.0,55207.88,0.0
15720123.0,Hudson,554.0,Spain,M,37.0,3.0,0.0,2.0,1.0,0.0,166177.3,0.0
15604732.0,Milani,,France,F,nan,9.0,0.0,2.0,0.0,0.0,,0.0
,Hunt,669.0,,F,42.0,1.0,103873.39,,1.0,0.0,148611.52,
,Oluchukwu,841.0,,F,52.0,3.0,112383.03,1.0,1.0,0.0,85516.37,1.0
15810891.0,Lorenzo,662.0,France,M,34.0,2.0,117731.79,2.0,0.0,1.0,55120.79,0.0
15640407.0,,821.0,Germany,M,45.0,0.0,135827.33,,1.0,1.0,131778.58,0.0
15778838.0,Warren,783.0,France,M,38.0,9.0,114135.17,1.0,1.0,0.0,153269.98,0.0
15709256.0,,,France,F,28.0,9.0,0.0,2.0,1.0,1.0,164864.67,0.0
15742285.0,Andersen,,France,M,62.0,6.0,118756.62,1.0,1.0,1.0,20367.68,0.0
15729019.0,Arcuri,602.0,,M,34.0,8.0,-99999,1.0,1.0,0.0,39542.0,0.0
15608588.0,Mackinlay,563.0,,M,41.0,2.0,100520.92,1.0,1.0,1.0,19412.8,
15610557.0,McCarthy,695.0,Spain,F,35.0,7.0,79858.13,2.0,1.0,1.0,127977.66,0.0
15786418.0,Chiu,546.0,France,,150,6.0,0.0,1.0,0.0,1.0,20508.85,0.0
15653050.0,Norriss,719.0,,F,76.0,10.0,95052.29,1.0,1.0,0.0,176244.87,
15744914.0,Moore,539.0,Germany,M,42.0,1.0,177728.55,1.0,1.0,0.0,105013.63,0.0
15669611.0,,632.0,France,M,71.0,3.0,nan,1.0,1.0,1.0,27597.76,
15594786.0,Ts'ai,772.0,Germany,M,34.0,7.0,111565.91,1.0,1.0,1.0,121073.23,
15649211.0,Fokina,708.0,Spain,M,nan,8.0,83015.71,1.0,1.0,0.0,101089.76,0.0
15766066.0,Nikitina,668.0,Germany,F,28.0,1.0,124511.01,1.0,0.0,0.0,114258.18,0.0
15772216.0,Henry,738.0,France,,67.0,1.0,130652.52,1.0,0.0,1.0,,0.0
15619898.0,Chiefo,785.0,France,M,55.0,5.0,0.0,,1.0,1.0,7008.65,0.0
15724543.0,Mao,597.0,France,M,nan,5.0,0.0,2.0,,1.0,81299.17,0.0
15755084.0,Bezrukova,531.0,France,M,37.0,,121854.45,1.0,1.0,0.0,147521.35,0.0
,Dodd,,France,,26.0,10.0,0.0,2.0,1.0,,6177.83,0.0
15666767.0,Lori,,France,M,35.0,1.0,86893.28,1.0,0.0,0.0,,0.0
15690456.0,Yudina,749.0,Germany,F,32.0,7.0,79523.13,1.0,0.0,,157648.12,0.0
15570533.0,Conti,621.0,Germany,F,55.0,7.0,131033.76,1.0,0.0,1.0,75685.59,1.0
15797692.0,Volkova,659.0,France,F,33.0,7.0,89939.62,1.0,1.0,0.0,136540.09,0.0
15603135.0,Boni,,Germany,F,150,3.0,95727.05,1.0,,0.0,97939.4,1.0
15698927.0,Ritchie,675.0,,M,nan,7.0,nan,2.0,0.0,1.0,36267.21,0.0
,McMillan,770.0,France,M,31.0,3.0,155047.56,2.0,1.0,1.0,186064.34,
15733444.0,,736.0,France,F,29.0,9.0,0.0,,0.0,0.0,176152.7,0.0
15678057.0,,524.0,France,M,44.0,10.0,118569.03,2.0,0.0,,82117.2,0.0
15806918.0,Ireland,,,M,nan,5.0,0.0,1.0,,1.0,151925.25,0.0
15638247.0,Boan,700.0,Spain,M,44.0,9.0,-99999,2.0,1.0,,142287.65,0.0
,Shao,741.0,France,F,35.0,1.0,0.0,2.0,1.0,0.0,36557.55,0.0
15812534.0,Chiemenam,455.0,,M,40.0,1.0,0.0,3.0,0.0,1.0,129975.34,
15586522.0,Hunter,608.0,,M,37.0,2.0,130461.02,1.0,1.0,0.0,21967.15,0.0
15794297.0,McKay,776.0,France,M,36.0,,nan,2.0,1.0,0.0,53477.76,0.0
15737025.0,Roberts,,France,M,33.0,1.0,0.0,3.0,0.0,0.0,178067.33,1.0
15615931.0,Aitken,746.0,France,F,37.0,4.0,0.0,2.0,0.0,1.0,171039.56,0.0
15664860.0,Chao,692.0,Spain,F,47.0,3.0,0.0,2.0,1.0,0.0,150802.41,
15664539.0,Bruce,683.0,Spain,M,35.0,,nan,,0.0,0.0,82951.12,0.0
15583692.0,Chan,591.0,Germany,F,35.0,2.0,90194.34,2.0,1.0,,57064.57,0.0
15693131.0,Watts,581.0,France,F,24.0,3.0,95508.2,1.0,1.0,1.0,45755.0,0.0
15779973.0,Gibbons,,Germany,M,35.0,3.0,99967.76,1.0,,1.0,176882.08,
15620557.0,Ni,561.0,Spain,,37.0,4.0,nan,1.0,0.0,1.0,88838.14,0.0
,,718.0,,F,33.0,4.0,70541.06,1.0,0.0,0.0,88592.8,0.0
15618750.0,Phillips,590.0,France,M,31.0,8.0,112211.61,1.0,,0.0,26261.42,0.0
15796790.0,Amaechi,573.0,,,47.0,8.0,154543.98,1.0,1.0,0.0,29586.73,0.0
15668309.0,Maslow,350.0,France,F,40.0,0.0,111098.85,1.0,,1.0,172321.21,1.0
15732437.0,Rowley,,Germany,F,44.0,0.0,131873.07,2.0,1.0,1.0,158036.72,1.0
15665158.0,Chukwuemeka,813.0,Spain,M,27.0,1.0,-99999,1.0,,1.0,115733.16,0.0
15689322.0,Bevan,,Spain,M,nan,3.0,153316.14,1.0,1.0,0.0,59927.99,0.0
15596624.0,Topp,662.0,France,F,22.0,9.0,0.0,2.0,1.0,1.0,44377.65,0.0
15601977.0,Burgoyne,497.0,Spain,M,44.0,2.0,121250.04,1.0,0.0,1.0,79691.4,0.0
15801462.0,Yermakov,716.0,,M,nan,8.0,109578.04,2.0,1.0,1.0,51503.51,0.0
15566139.0,Ts'ui,526.0,France,F,37.0,5.0,53573.18,1.0,1.0,,62830.97,0.0
15791006.0,Kodilinyechukwu,760.0,Germany,F,34.0,6.0,nan,1.0,1.0,0.0,90346.1,0.0
,K?,669.0,France,F,31.0,,113000.66,1.0,,0.0,40467.82,0.0
15580805.0,Marino,655.0,France,M,27.0,10.0,0.0,2.0,1.0,,51620.94,0.0
15658768.0,Lucas,547.0,France,F,49.0,2.0,0.0,1.0,0.0,0.0,65466.93,1.0
15613048.0,Anderson,648.0,,,40.0,5.0,139973.65,1.0,1.0,1.0,,1.0
15803654.0,Wei,790.0,France,F,31.0,2.0,151290.16,1.0,1.0,1.0,172437.12,0.0
15662337.0,Baldwin,744.0,Germany,F,50.0,1.0,121498.11,2.0,0.0,1.0,106061.47,1.0
15650924.0,Foster,761.0,Spain,F,32.0,4.0,103515.39,2.0,1.0,1.0,177622.38,0.0
15647203.0,Gebhart,750.0,France,F,35.0,3.0,0.0,1.0,1.0,0.0,191520.5,0.0
15682778.0,Fedorov,680.0,France,M,34.0,9.0,0.0,2.0,1.0,1.0,95686.6,0.0
15579820.0,Robertson,704.0,Spain,,38.0,6.0,nan,1.0,,0.0,173776.5,0.0
15709354.0,Tudawali,521.0,France,F,41.0,2.0,0.0,2.0,1.0,1.0,113089.43,0.0
15728480.0,Iloerika,,France,F,35.0,,0.0,2.0,1.0,1.0,149614.81,0.0
15641091.0,,695.0,France,F,31.0,,106089.2,,0.0,0.0,99537.68,0.0
15603111.0,Muir,850.0,Spain,M,71.0,,69608.14,1.0,,0.0,97893.4,1.0
15679693.0,Walker,625.0,France,M,31.0,5.0,0.0,2.0,0.0,1.0,90.07,0.0
15797190.0,,608.0,,F,nan,7.0,96202.32,1.0,0.0,0.0,161154.85,0.0
15788025.0,,715.0,France,F,38.0,,-99999,2.0,1.0,1.0,332.81,0.0
15646168.0,Ifeatu,834.0,Spain,M,33.0,5.0,0.0,2.0,1.0,0.0,66285.18,0.0
15580493.0,Chin,469.0,France,M,33.0,1.0,127818.52,1.0,1.0,0.0,163477.22,0.0
15726720.0,Blinova,480.0,France,F,40.0,7.0,0.0,1.0,1.0,,170332.67,1.0
15735799.0,Maconochie,527.0,Germany,M,58.0,3.0,137318.42,1.0,1.0,1.0,126144.96,0.0
15773098.0,Ch'in,834.0,Spain,M,150,5.0,0.0,,0.0,0.0,53437.1,0.0
15668971.0,Nicholson,,France,F,nan,,55776.39,2.0,1.0,0.0,26920.43,0.0
15603221.0,Burgess,696.0,Germany,M,32.0,4.0,84421.62,1.0,0.0,1.0,52314.71,0.0
15740043.0,Young,606.0,France,M,32.0,5.0,-99999,1.0,1.0,1.0,116885.59,0.0
15712264.0,Plumb,713.0,France,F,39.0,10.0,0.0,2.0,1.0,1.0,126263.97,
15751926.0,Trentino,,Germany,M,42.0,3.0,87807.29,2.0,1.0,1.0,,
15589401.0,Allen,550.0,France,,nan,4.0,0.0,2.0,1.0,0.0,89216.29,0.0
15742019.0,Benford,675.0,France,F,39.0,,0.0,2.0,0.0,0.0,83419.15,0.0
15660611.0,Gallo,,Spain,M,39.0,3.0,0.0,2.0,1.0,1.0,,0.0
15607634.0,,606.0,Germany,M,40.0,9.0,-99999,2.0,0.0,1.0,96985.58,
15595036.0,Doherty,,,M,30.0,7.0,92847.59,,1.0,0.0,146154.06,
15745794.0,Cocci,547.0,France,M,nan,,-99999,2.0,1.0,1.0,18471.86,0.0
15781689.0,Macadam,758.0,Spain,M,150,5.0,0.0,2.0,1.0,0.0,95009.6,
15696054.0,Tychonoff,596.0,France,M,37.0,,0.0,1.0,0.0,1.0,121175.86,0.0
15752467.0,,720.0,,M,34.0,3.0,0.0,2.0,1.0,1.0,77047.78,0.0
15597739.0,Tu,674.0,France,M,150,3.0,0.0,1.0,1.0,0.0,158049.9,0.0
15651336.0,Chidiebere,756.0,France,F,32.0,4.0,0.0,2.0,1.0,0.0,147040.25,0.0
,Pope,649.0,Germany,M,78.0,4.0,68345.86,2.0,1.0,1.0,142566.75,0.0
15723013.0,Sutherland,613.0,Germany,M,28.0,7.0,nan,2.0,1.0,1.0,185483.24,0.0
15784148.0,Beneventi,643.0,France,M,62.0,9.0,0.0,2.0,0.0,0.0,155870.82,0.0
15578098.0,Jamieson,600.0,France,M,31.0,8.0,0.0,2.0,1.0,1.0,121555.51,0.0
,Simmons,735.0,Spain,M,39.0,1.0,-99999,1.0,1.0,0.0,40223.74,0.0
15720924.0,Chijioke,585.0,France,F,34.0,1.0,0.0,1.0,1.0,1.0,75503.6,0.0
15566531.0,Iloerika,724.0,Germany,M,33.0,4.0,88046.88,1.0,0.0,1.0,186942.49,1.0
15718064.0,Chia,635.0,Spain,M,29.0,2.0,0.0,,0.0,0.0,117173.8,0.0
15605067.0,Nwachinemelu,472.0,France,M,19.0,9.0,0.0,2.0,,0.0,3453.4,0.0
15655335.0,Becher,590.0,France,M,36.0,1.0,0.0,,1.0,,48876.84,0.0
15607301.0,Romano,651.0,Spain,F,63.0,8.0,-99999,1.0,1.0,1.0,11830.53,0.0
,Walker,686.0,Germany,F,39.0,4.0,nan,2.0,1.0,0.0,162820.6,0.0
15607112.0,Chiawuotu,606.0,France,M,32.0,6.0,0.0,2.0,0.0,1.0,36540.63,
15635775.0,Watt,781.0,France,M,33.0,3.0,89276.48,1.0,1.0,0.0,6959.0,0.0
15644280.0,Udegbunam,593.0,France,M,nan,4.0,138825.19,1.0,0.0,,10828.78,0.0
15708362.0,Watson,793.0,France,M,63.0,,103729.79,2.0,1.0,,80272.06,0.0
15771997.0,Bryant,791.0,France,F,31.0,10.0,75499.24,1.0,1.0,0.0,22184.14,0.0
15730579.0,Ward,850.0,France,M,68.0,5.0,169445.4,,1.0,,186335.07,0.0
15728005.0,Urban,698.0,France,F,150,9.0,111359.55,2.0,1.0,0.0,105715.01,0.0
15791674.0,,846.0,France,F,34.0,10.0,142388.61,2.0,0.0,1.0,68393.64,1.0
,K'ung,765.0,France,M,42.0,4.0,123311.39,2.0,1.0,1.0,82868.34,0.0
15693690.0,Iweobiegbunam,574.0,Spain,,52.0,7.0,115532.52,1.0,1.0,0.0,196257.67,0.0
15728963.0,Wei,,Germany,F,51.0,10.0,167273.71,1.0,0.0,0.0,93439.75,1.0
15659710.0,Lascelles,581.0,France,M,25.0,5.0,nan,2.0,1.0,0.0,150319.49,
15658675.0,Ts'ao,710.0,Germany,M,nan,6.0,135795.63,1.0,0.0,1.0,46523.6,0.0
15638788.0,Mack,550.0,,M,32.0,8.0,97514.07,1.0,1.0,1.0,199138.84,0.0
15609735.0,Campbell,533.0,Germany,M,51.0,6.0,127545.56,2.0,0.0,0.0,79559.02,1.0
15771477.0,Fiorentini,779.0,France,M,49.0,9.0,106160.37,1.0,0.0,0.0,116893.87,
15570145.0,Long,763.0,France,F,nan,2.0,0.0,,,0.0,153983.99,0.0
15797149.0,Lloyd,563.0,Spain,F,36.0,4.0,143680.47,2.0,1.0,1.0,63531.19,0.0
15636912.0,Sneddon,678.0,Spain,M,38.0,3.0,124483.53,1.0,1.0,0.0,126253.31,0.0
15687828.0,,644.0,Spain,F,31.0,5.0,-99999,,1.0,1.0,73922.95,
15667424.0,Forbes,682.0,Germany,F,43.0,7.0,111094.05,2.0,1.0,1.0,64679.3,0.0
15759872.0,L?,625.0,France,M,22.0,9.0,0.0,,1.0,0.0,157072.91,
15572374.0,Hopetoun,733.0,Spain,M,36.0,1.0,0.0,2.0,0.0,1.0,108377.82,0.0
15754926.0,Lucchesi,512.0,France,F,150,6.0,0.0,2.0,1.0,0.0,88827.31,0.0
15687431.0,Faria,642.0,France,F,41.0,7.0,115171.71,1.0,1.0,1.0,37674.47,0.0
15604515.0,Yefremov,737.0,Germany,F,22.0,10.0,111543.26,2.0,,0.0,106327.85,0.0
15682839.0,Genovesi,575.0,France,F,57.0,8.0,137936.94,1.0,1.0,1.0,84475.13,0.0
15624677.0,Marquez,543.0,Germany,F,37.0,,122304.65,2.0,0.0,0.0,33998.7,
15646366.0,Trevisani,521.0,Germany,M,41.0,8.0,120586.54,1.0,0.0,1.0,20491.15,
15701768.0,Tung,637.0,France,M,32.0,3.0,0.0,2.0,,1.0,,0.0
15623566.0,Barnhill,714.0,,M,40.0,9.0,46520.69,1.0,1.0,1.0,96687.25,0.0
15681274.0,Marshall,726.0,Spain,F,56.0,2.0,-99999,,1.0,1.0,46044.7,
,,680.0,Spain,F,nan,7.0,0.0,2.0,1.0,0.0,,0.0
15706458.0,Pan,812.0,Germany,M,39.0,5.0,115730.71,3.0,1.0,,185599.34,1.0
15654222.0,Ogg,,Spain,M,30.0,3.0,145396.49,1.0,0.0,1.0,198341.15,0.0
15704053.0,,710.0,Spain,M,62.0,,131078.42,2.0,,0.0,119348.76,1.0
15724321.0,Baresi,516.0,,,47.0,9.0,nan,1.0,0.0,0.0,149614.17,1.0
15621815.0,Obiajulu,803.0,France,F,40.0,6.0,165526.71,1.0,1.0,0.0,12328.08,0.0
15724876.0,McGregor,560.0,France,F,nan,5.0,nan,1.0,1.0,1.0,33245.97,0.0
15696588.0,,,,F,36.0,3.0,0.0,2.0,1.0,1.0,2243.41,0.0
15612832.0,Jamieson,526.0,France,M,150,7.0,125540.05,,0.0,0.0,86786.41,
15804295.0,Pinto,485.0,France,M,41.0,,100254.76,,1.0,1.0,12706.67,0.0
15712536.0,Fallaci,,France,F,36.0,3.0,0.0,2.0,1.0,,41295.1,1.0
15662494.0,Goliwe,773.0,Spain,M,43.0,7.0,138150.57,1.0,1.0,1.0,177357.16,0.0
15807728.0,Ferri,530.0,,F,45.0,1.0,-99999,1.0,0.0,1.0,190663.89,1.0
15764916.0,,616.0,Germany,F,nan,7.0,95984.21,1.0,0.0,1.0,,1.0
15615330.0,Tretiakova,651.0,France,M,23.0,10.0,0.0,2.0,1.0,1.0,170099.23,0.0
,She,586.0,,M,38.0,,136858.42,,0.0,1.0,189143.94,0.0
15627859.0,Nebeolisa,607.0,Germany,M,nan,7.0,102609.0,,1.0,0.0,163257.44,
15622192.0,Young,724.0,Spain,M,39.0,3.0,nan,,0.0,1.0,95562.81,0.0
15789413.0,Fitzgerald,733.0,France,M,64.0,3.0,0.0,2.0,1.0,1.0,75272.63,0.0
15583221.0,Arnold,667.0,Germany,M,nan,3.0,-99999,2.0,1.0,1.0,20881.96,0.0
15768495.0,Chidimma,700.0,,F,32.0,8.0,110923.15,2.0,1.0,1.0,161845.81,1.0
15644103.0,Wells,659.0,Spain,M,78.0,2.0,151675.65,1.0,0.0,1.0,,0.0
15741197.0,Calzada,710.0,Spain,M,22.0,8.0,0.0,,1.0,0.0,107292.91,0.0
15664547.0,,760.0,France,M,37.0,,0.0,1.0,0.0,0.0,32863.24,
15797293.0,Sopuluchukwu,677.0,France,F,25.0,,0.0,2.0,,0.0,179608.96,
15572021.0,Ts'ao,798.0,Germany,F,29.0,,80204.11,2.0,1.0,0.0,70223.22,0.0
15637461.0,Ukaegbunam,758.0,France,M,35.0,7.0,0.0,2.0,1.0,,77951.84,0.0
15620577.0,Wood,715.0,France,M,45.0,4.0,nan,,1.0,1.0,,0.0
,Furneaux,752.0,Germany,M,32.0,9.0,115587.49,2.0,0.0,1.0,101677.46,0.0
15785358.0,Gresswell,586.0,Germany,,46.0,8.0,106968.96,1.0,1.0,,79366.98,1.0
15603883.0,Ch'in,818.0,France,M,36.0,4.0,0.0,2.0,1.0,1.0,8037.03,
15782550.0,Ma,490.0,Germany,F,41.0,0.0,139659.04,1.0,1.0,1.0,176254.12,0.0
15775761.0,Iweobiegbunam,610.0,Germany,,69.0,5.0,nan,3.0,0.0,0.0,192743.06,1.0
15680201.0,,,Germany,M,nan,5.0,102773.2,2.0,1.0,0.0,56793.02,1.0
15767594.0,Azubuike,533.0,,F,35.0,8.0,0.0,2.0,1.0,1.0,187900.12,0.0
15591985.0,Stewart,708.0,France,F,51.0,8.0,70754.18,1.0,1.0,1.0,92920.04,
,Yen,681.0,France,M,59.0,4.0,nan,1.0,0.0,1.0,,0.0
15781530.0,,690.0,France,M,21.0,,0.0,2.0,1.0,,155782.89,0.0
15705174.0,Chiedozie,656.0,Germany,M,68.0,7.0,153545.11,1.0,1.0,1.0,,0.0
15572114.0,Shih,673.0,Spain,M,40.0,1.0,121629.22,1.0,1.0,1.0,3258.6,
15804009.0,Amechi,806.0,Germany,M,36.0,,nan,2.0,1.0,1.0,106714.28,0.0
15662698.0,Ko,,Spain,F,43.0,7.0,81153.82,,1.0,1.0,144532.85,1.0
15696047.0,Chimezie,,,M,150,6.0,99760.84,1.0,1.0,1.0,13591.52,0.0
15701160.0,Azubuike,556.0,Germany,F,43.0,4.0,125890.72,1.0,1.0,1.0,,0.0
15790093.0,Aguirre,627.0,France,,27.0,2.0,0.0,2.0,1.0,0.0,125451.01,0.0
15632143.0,Lung,652.0,France,M,31.0,2.0,119148.55,1.0,0.0,0.0,149740.22,
15736778.0,Adams,807.0,Germany,F,60.0,1.0,72948.58,2.0,1.0,1.0,17355.36,0.0
15734917.0,Castiglione,708.0,Germany,M,150,8.0,133974.36,2.0,1.0,0.0,50294.09,0.0
15643903.0,Yao,619.0,France,M,27.0,1.0,154483.98,1.0,1.0,0.0,,0.0
15569526.0,Morales,601.0,France,M,40.0,10.0,98627.13,2.0,0.0,0.0,77977.69,0.0
15777067.0,Thomas,445.0,France,M,64.0,2.0,136770.67,1.0,0.0,1.0,43678.06,0.0
15795511.0,Vasiliev,800.0,Germany,M,39.0,4.0,95252.72,1.0,1.0,0.0,13906.34,0.0
,Chukwueloka,554.0,France,M,33.0,3.0,117413.95,1.0,1.0,1.0,12766.74,
15644994.0,Ko,714.0,,M,54.0,4.0,137986.58,2.0,0.0,1.0,51308.54,1.0
15703707.0,Atkins,656.0,France,M,44.0,,nan,1.0,0.0,0.0,127444.14,0.0
15659327.0,Moffitt,520.0,France,M,49.0,5.0,121197.64,1.0,1.0,0.0,72577.33,
15771323.0,Panicucci,480.0,Spain,M,39.0,5.0,nan,1.0,1.0,1.0,82438.13,0.0
15750549.0,Akobundu,660.0,Germany,M,30.0,1.0,84440.1,2.0,1.0,1.0,60485.98,0.0
15698462.0,Chiu,532.0,,M,36.0,4.0,0.0,2.0,1.0,1.0,132798.78,0.0
15739692.0,Tsui,679.0,France,M,42.0,1.0,0.0,2.0,0.0,0.0,71823.15,0.0
15744041.0,,780.0,France,F,26.0,,140356.7,1.0,1.0,0.0,117144.15,0.0
,Hollis,747.0,France,M,29.0,7.0,0.0,2.0,1.0,1.0,141706.43,0.0
15777743.0,Cattaneo,705.0,France,,39.0,3.0,92224.56,1.0,,1.0,54517.25,0.0
15623143.0,Lung,732.0,France,,43.0,9.0,0.0,2.0,1.0,0.0,183147.17,0.0
15712568.0,,515.0,Spain,M,150,10.0,121355.99,1.0,1.0,0.0,138360.29,0.0
15617432.0,,816.0,Germany,F,40.0,9.0,109003.26,1.0,1.0,1.0,79580.56,0.0
15650424.0,Bryant,641.0,,F,48.0,3.0,147341.43,1.0,1.0,1.0,157458.61,1.0
15728829.0,Weigel,509.0,,M,18.0,7.0,102983.91,1.0,1.0,0.0,171770.58,0.0
15680430.0,Ajuluchukwu,601.0,Germany,F,49.0,4.0,96252.98,2.0,1.0,0.0,,0.0
15687626.0,Zhirov,527.0,France,,39.0,4.0,0.0,2.0,1.0,0.0,167183.07,1.0
15609187.0,Cox,455.0,France,F,27.0,5.0,155879.09,2.0,0.0,0.0,,
15609521.0,Chimaraoke,803.0,Germany,M,34.0,4.0,nan,2.0,1.0,1.0,114869.56,0.0
15752626.0,Genovese,553.0,France,M,nan,7.0,nan,1.0,0.0,1.0,109159.58,0.0
15571756.0,Ohearn,724.0,France,F,28.0,5.0,0.0,1.0,1.0,0.0,,0.0
15814040.0,Munroe,610.0,France,F,45.0,1.0,0.0,2.0,1.0,1.0,199657.46,
15658211.0,Morrison,559.0,Spain,F,39.0,2.0,nan,2.0,1.0,,121151.1,0.0
15742091.0,Parkhill,825.0,Germany,F,35.0,6.0,118336.95,1.0,1.0,0.0,26342.33,1.0
15787168.0,Y?,819.0,Spain,F,28.0,8.0,168253.21,1.0,1.0,1.0,102799.14,0.0
15772363.0,Hilton,772.0,Germany,F,42.0,0.0,101979.16,1.0,1.0,0.0,90928.48,0.0
15659364.0,Thompson,,Spain,M,23.0,,164902.43,1.0,0.0,0.0,141152.28,0.0
15738980.0,Yobanna,506.0,France,M,43.0,2.0,0.0,2.0,1.0,0.0,105568.6,0.0
15794236.0,Thorpe,,Germany,,22.0,10.0,111812.52,2.0,1.0,1.0,183045.46,0.0
15721383.0,Harvey,627.0,Spain,M,40.0,10.0,-99999,2.0,1.0,1.0,,0.0
15652981.0,Robinson,600.0,Germany,M,30.0,2.0,119755.0,,1.0,1.0,21852.91,0.0
15722731.0,Manna,,France,M,46.0,0.0,119556.1,1.0,1.0,0.0,78250.13,1.0
15640507.0,Li,762.0,Spain,F,nan,3.0,nan,3.0,1.0,1.0,,1.0
15578878.0,Hancock,569.0,Spain,F,30.0,3.0,139528.23,1.0,,1.0,,0.0
,,756.0,France,M,40.0,1.0,94773.11,1.0,1.0,0.0,114279.63,0.0
15776558.0,Nicholls,673.0,France,M,31.0,1.0,108345.22,,0.0,1.0,38802.03,0.0
15596136.0,Folliero,637.0,,F,150,9.0,166939.88,1.0,1.0,1.0,72504.76,0.0
15704597.0,Trumbull,644.0,France,M,33.0,7.0,174571.36,1.0,0.0,1.0,43943.09,0.0
15648272.0,Medvedeva,658.0,Spain,M,35.0,9.0,-99999,1.0,1.0,1.0,68141.92,0.0
15594915.0,Crist,,France,F,36.0,8.0,0.0,,0.0,1.0,109179.89,0.0
,,603.0,France,F,39.0,9.0,76769.68,1.0,0.0,0.0,48224.72,0.0
15763907.0,Watts,820.0,France,F,39.0,1.0,104614.29,1.0,1.0,0.0,61538.43,1.0
15705994.0,Udinese,712.0,,M,nan,10.0,0.0,,1.0,0.0,94544.88,0.0
,Tretiakov,645.0,Germany,F,31.0,,128927.93,,,1.0,2850.01,0.0
15711572.0,O'Kane,705.0,Germany,F,31.0,9.0,110941.93,2.0,1.0,0.0,163484.8,
,,590.0,Spain,F,29.0,10.0,nan,1.0,1.0,1.0,129629.41,0.0
15600106.0,Wei,631.0,France,M,nan,1.0,0.0,2.0,,0.0,133141.34,0.0
,Chinonyelum,604.0,France,M,34.0,7.0,0.0,,1.0,1.0,188078.55,0.0
15649508.0,,643.0,Spain,,48.0,8.0,0.0,,1.0,0.0,174729.3,0.0
15812611.0,Lorimer,690.0,Spain,F,30.0,,-99999,,0.0,1.0,,0.0
15619699.0,Yeh,558.0,France,M,31.0,7.0,nan,1.0,1.0,0.0,198269.08,0.0
15813946.0,Duffy,637.0,Germany,,51.0,1.0,nan,1.0,1.0,0.0,55266.96,1.0
15762762.0,Onyekachukwu,648.0,Germany,F,45.0,5.0,nan,1.0,0.0,0.0,51636.7,0.0
15629793.0,Banks,652.0,Spain,M,28.0,8.0,156823.7,2.0,1.0,0.0,198251.52,0.0
15781298.0,,808.0,Germany,M,39.0,3.0,124216.93,1.0,0.0,1.0,171442.36,0.0
15622658.0,Lai,551.0,France,F,26.0,2.0,144258.52,1.0,1.0,0.0,49778.79,
15658980.0,Matthews,711.0,Germany,M,26.0,9.0,128793.63,1.0,1.0,0.0,19262.05,0.0
15701936.0,Bell,467.0,,M,nan,10.0,126315.26,1.0,,0.0,32349.29,1.0
15686917.0,Tu,789.0,Spain,F,40.0,4.0,0.0,2.0,1.0,0.0,137402.27,0.0
15807312.0,Hsia,602.0,Spain,M,33.0,5.0,0.0,2.0,0.0,1.0,64038.34,0.0
15574523.0,Cheng,576.0,France,M,39.0,1.0,0.0,2.0,1.0,1.0,68814.23,0.0
15724200.0,Cheng,584.0,France,M,150,1.0,115341.55,1.0,0.0,1.0,,0.0
15738224.0,Lin,,France,M,32.0,6.0,99162.29,1.0,,0.0,128384.11,0.0
15593283.0,Higgins,705.0,Germany,,48.0,1.0,156848.13,,1.0,1.0,99475.95,1.0
15814690.0,Chukwujekwu,,Germany,F,64.0,,105736.32,1.0,1.0,1.0,89935.73,1.0
15807245.0,McKay,699.0,Germany,,41.0,1.0,200117.76,2.0,,0.0,94142.35,0.0
15799358.0,Vincent,516.0,France,F,46.0,6.0,62212.29,1.0,0.0,1.0,171681.86,1.0
15616172.0,Ubanwa,838.0,France,M,31.0,2.0,0.0,2.0,1.0,0.0,8222.96,0.0
15777958.0,Ch'ien,,France,M,39.0,10.0,0.0,2.0,1.0,1.0,170409.45,0.0
15809124.0,T'ien,,France,M,38.0,5.0,151532.4,1.0,1.0,1.0,46555.15,0.0
15616367.0,Ricci,581.0,Germany,M,39.0,,-99999,1.0,0.0,0.0,161655.55,1.0
15687385.0,McDowell,484.0,France,M,41.0,5.0,0.0,1.0,1.0,1.0,74267.35,0.0
15607877.0,Maclean,576.0,Spain,M,26.0,8.0,0.0,,0.0,1.0,34101.06,0.0
15736327.0,Manna,567.0,,F,46.0,,nan,2.0,1.0,1.0,109572.58,0.0
15746704.0,Jibunoh,638.0,,M,30.0,9.0,136808.53,2.0,1.0,1.0,106642.97,0.0
15778304.0,Fan,646.0,Germany,M,24.0,0.0,92398.08,1.0,1.0,1.0,18897.29,0.0
15588456.0,Hsieh,658.0,,F,40.0,5.0,143566.12,1.0,1.0,1.0,189607.71,0.0
15664035.0,Parsons,590.0,Spain,F,38.0,9.0,0.0,2.0,1.0,1.0,148750.16,0.0
15596405.0,Udinese,546.0,Spain,M,nan,7.0,127728.24,2.0,1.0,1.0,105279.74,0.0
15815097.0,,603.0,France,F,34.0,9.0,0.0,2.0,1.0,0.0,167916.35,0.0
15762708.0,Chiemezie,619.0,Spain,F,38.0,10.0,119658.49,,1.0,1.0,8646.58,0.0
15776211.0,Toscani,678.0,France,F,34.0,6.0,0.0,2.0,1.0,1.0,124592.84,0.0
15626012.0,Obidimkpa,459.0,France,M,26.0,4.0,149879.66,,0.0,0.0,50016.17,0.0
15792077.0,Degtyaryov,671.0,Germany,M,28.0,8.0,119859.52,2.0,1.0,0.0,,0.0
15718765.0,Maclean,501.0,Spain,M,43.0,6.0,104533.24,1.0,0.0,0.0,81123.59,1.0
15576615.0,Giordano,719.0,Spain,M,nan,10.0,145382.61,1.0,1.0,0.0,,
15752650.0,Saad,,Spain,F,37.0,6.0,121231.39,1.0,1.0,1.0,146366.08,0.0
15797502.0,Lord,706.0,Spain,,24.0,2.0,141078.57,1.0,1.0,1.0,24402.87,0.0
15687329.0,Hope,763.0,Germany,F,32.0,1.0,108465.65,2.0,1.0,0.0,60552.44,1.0
15779423.0,K?,716.0,France,M,39.0,1.0,-99999,2.0,1.0,1.0,76476.05,0.0
15619514.0,Bull,507.0,Germany,M,40.0,3.0,120105.43,1.0,,0.0,92075.01,1.0
15615430.0,Adams,678.0,Germany,,150,4.0,129646.91,,1.0,1.0,184125.1,1.0
15716431.0,Brookes,775.0,France,F,30.0,10.0,191091.74,2.0,1.0,1.0,96170.38,0.0
15798341.0,Victor,544.0,France,M,38.0,,0.0,1.0,1.0,1.0,98208.62,0.0
15651958.0,Giles,756.0,,M,27.0,8.0,-99999,2.0,1.0,1.0,157932.75,0.0
,Ferrari,757.0,Germany,,150,5.0,131433.33,,1.0,,3497.43,1.0
15652999.0,,742.0,Germany,M,33.0,1.0,137937.95,1.0,1.0,1.0,51387.1,0.0
15691950.0,Parry,591.0,France,M,49.0,3.0,0.0,2.0,1.0,0.0,50123.44,0.0
15632446.0,Allan,667.0,France,M,24.0,4.0,0.0,2.0,0.0,0.0,180329.83,0.0
15620936.0,,787.0,,M,32.0,4.0,0.0,2.0,1.0,1.0,13238.93,0.0
15587640.0,Rowntree,718.0,France,F,nan,0.0,93143.39,1.0,1.0,0.0,167554.86,0.0
15782231.0,Andrejew,521.0,France,,38.0,6.0,0.0,2.0,1.0,0.0,51454.06,0.0
15580462.0,Corby,607.0,Spain,M,40.0,1.0,112544.45,1.0,1.0,1.0,,0.0
15736371.0,Kennedy,633.0,France,,34.0,3.0,123034.43,2.0,1.0,,38315.04,0.0
15648032.0,Young,588.0,Spain,M,37.0,2.0,0.0,2.0,0.0,1.0,187816.59,0.0
15610454.0,Poole,,Germany,F,33.0,9.0,119278.44,1.0,1.0,1.0,197148.24,0.0
15671358.0,,720.0,France,M,nan,4.0,0.0,2.0,1.0,0.0,163471.01,0.0
15747130.0,Tsao,521.0,,M,39.0,7.0,0.0,2.0,0.0,1.0,653.58,0.0
15578374.0,Gilroy,620.0,Spain,M,36.0,7.0,169312.72,,1.0,0.0,45414.09,0.0
15572182.0,Onwuamaeze,505.0,Germany,F,nan,3.0,106506.77,3.0,1.0,0.0,45445.78,1.0
,Manna,728.0,Spain,F,43.0,8.0,128412.61,1.0,0.0,1.0,139024.31,
15669414.0,Pisano,486.0,Germany,,62.0,9.0,118356.89,,1.0,0.0,,
15777054.0,Thorpe,584.0,Germany,M,42.0,3.0,137479.13,1.0,1.0,0.0,25669.1,0.0
15621021.0,Dwyer,687.0,Spain,,40.0,1.0,0.0,2.0,1.0,0.0,8207.36,0.0
15785490.0,Okeke,771.0,France,M,nan,3.0,105229.72,1.0,1.0,1.0,16281.68,1.0
,Zito,678.0,France,M,41.0,2.0,148088.11,1.0,1.0,0.0,,0.0
15686974.0,Sergeyeva,,France,F,48.0,,0.0,1.0,0.0,1.0,30165.06,1.0
15574584.0,Fang,670.0,France,M,33.0,8.0,126679.69,1.0,,1.0,39451.09,0.0
15719541.0,Flannagan,675.0,Spain,M,31.0,2.0,90826.27,2.0,1.0,0.0,,0.0
15646310.0,Mao,684.0,Spain,M,24.0,8.0,143582.89,1.0,1.0,1.0,22527.27,0.0
15697606.0,Sturdee,637.0,France,F,21.0,10.0,125712.2,1.0,0.0,0.0,175072.47,0.0
15711489.0,Azikiwe,760.0,Spain,F,32.0,2.0,0.0,1.0,1.0,1.0,114565.35,0.0
15670427.0,Chidi,662.0,Spain,,37.0,4.0,155187.3,1.0,1.0,0.0,48930.8,0.0
15731755.0,Hull,680.0,France,M,nan,10.0,0.0,2.0,1.0,0.0,187008.45,0.0
15796370.0,,604.0,Spain,M,40.0,5.0,155455.43,1.0,0.0,1.0,113581.85,0.0
15598331.0,Morgan,764.0,France,F,40.0,9.0,100480.53,1.0,1.0,0.0,124095.69,0.0
15704795.0,Vagin,521.0,France,F,nan,6.0,nan,2.0,1.0,1.0,49054.1,0.0
15796764.0,Bruno,684.0,Germany,F,56.0,3.0,127585.98,3.0,1.0,1.0,80593.49,1.0
15589420.0,Osinachi,795.0,,F,150,2.0,101891.1,1.0,1.0,1.0,183044.86,0.0
15810563.0,Ho,678.0,Spain,F,61.0,8.0,0.0,2.0,1.0,1.0,159938.82,0.0
15746569.0,Tsui,589.0,France,M,38.0,4.0,0.0,1.0,1.0,0.0,95483.48,1.0
15811594.0,Gordon,660.0,Spain,,28.0,3.0,128929.88,1.0,1.0,1.0,198069.71,
15645896.0,Duncan,646.0,Germany,M,39.0,6.0,121681.91,2.0,0.0,1.0,61793.47,0.0
15802909.0,Hu,706.0,Germany,F,nan,3.0,139603.22,1.0,,1.0,86383.61,0.0
15797665.0,Docherty,730.0,France,F,27.0,7.0,0.0,2.0,1.0,0.0,,0.0
15778959.0,,606.0,France,F,36.0,10.0,0.0,2.0,0.0,1.0,155641.46,0.0
15722532.0,Angelo,690.0,Spain,F,nan,10.0,91760.11,1.0,1.0,1.0,135784.94,
15784124.0,Emenike,645.0,Germany,M,41.0,2.0,-99999,1.0,1.0,,123982.14,1.0
15776518.0,Pugh,579.0,France,F,38.0,4.0,175739.36,1.0,,1.0,193130.55,0.0
15611247.0,McKenzie,481.0,France,F,28.0,10.0,0.0,2.0,1.0,0.0,145215.96,0.0
15721469.0,Mach,492.0,Germany,M,45.0,9.0,170295.04,2.0,,0.0,164741.81,0.0
15773338.0,,739.0,France,M,58.0,2.0,101579.28,1.0,1.0,1.0,72168.53,0.0
15784042.0,L?,624.0,France,M,55.0,7.0,118793.6,1.0,,1.0,95022.02,1.0
15776229.0,MacPherson,682.0,France,M,44.0,3.0,115282.3,1.0,0.0,0.0,,0.0
,Michael,701.0,Spain,F,34.0,6.0,107980.37,1.0,1.0,1.0,,0.0
15590177.0,,718.0,France,F,44.0,1.0,nan,1.0,0.0,,139049.24,
15568876.0,Hughes,496.0,,,34.0,1.0,102723.35,2.0,1.0,0.0,180844.81,0.0
15813140.0,Taylor,543.0,Spain,M,nan,5.0,0.0,2.0,0.0,1.0,143980.29,0.0
15770516.0,Evdokimov,616.0,Spain,F,nan,7.0,193213.02,2.0,1.0,1.0,137392.77,0.0
15755731.0,Davis,635.0,Germany,M,53.0,8.0,117005.55,1.0,0.0,1.0,123646.57,1.0
15574480.0,Ubanwa,652.0,,M,31.0,1.0,132862.59,,0.0,0.0,158054.49,0.0
15798084.0,Murray,688.0,France,M,26.0,0.0,0.0,2.0,1.0,,105784.85,0.0
15673020.0,Smith,,France,F,49.0,3.0,204510.94,1.0,0.0,1.0,738.88,1.0
15643575.0,Evseev,757.0,Germany,M,36.0,1.0,nan,1.0,,0.0,64539.64,0.0
15596811.0,Mitchell,667.0,France,M,36.0,8.0,139753.35,1.0,,0.0,79871.16,0.0
15786789.0,Ni,725.0,France,,29.0,6.0,0.0,2.0,1.0,1.0,190776.83,0.0
15578865.0,Palerma,632.0,Germany,F,50.0,,107959.39,1.0,1.0,1.0,6985.34,1.0
15605672.0,Yuan,694.0,France,,38.0,5.0,195926.39,1.0,1.0,1.0,85522.84,0.0
,Knight,,France,M,36.0,1.0,0.0,2.0,1.0,1.0,149370.93,0.0
15759915.0,Rapuokwu,814.0,France,F,31.0,,87772.52,1.0,1.0,0.0,188516.45,0.0
15686219.0,,611.0,France,M,38.0,4.0,71018.6,2.0,,0.0,2444.29,0.0
15696388.0,Artamonova,755.0,Germany,M,38.0,4.0,111096.91,1.0,1.0,1.0,19762.88,0.0
15713604.0,Rossi,425.0,Germany,M,40.0,9.0,166776.6,2.0,,1.0,172646.88,0.0
15647800.0,Greco,850.0,France,F,34.0,6.0,101266.51,1.0,1.0,0.0,33501.98,0.0
15813451.0,Fleetwood-Smith,677.0,Spain,M,18.0,8.0,134796.87,2.0,1.0,1.0,114858.9,0.0
15765375.0,Butusov,,France,F,150,,0.0,1.0,0.0,0.0,162668.33,0.0
15774586.0,West,692.0,Germany,F,43.0,10.0,118588.83,1.0,1.0,1.0,161241.65,1.0
15603454.0,Sanders,735.0,Germany,M,28.0,,160454.15,2.0,0.0,1.0,,0.0
15653037.0,Parks,609.0,France,M,nan,1.0,nan,1.0,0.0,1.0,18708.76,0.0
15782475.0,Edith,700.0,France,,42.0,8.0,nan,2.0,1.0,1.0,105305.72,0.0
15593496.0,Korovin,526.0,Spain,F,36.0,5.0,91132.18,1.0,0.0,0.0,58111.71,0.0
15808971.0,Lajoie,693.0,Spain,F,57.0,9.0,-99999,2.0,1.0,1.0,135502.77,0.0
15791972.0,Bergamaschi,748.0,France,F,20.0,7.0,0.0,2.0,0.0,0.0,10792.42,0.0
,T'ien,,Spain,M,36.0,,0.0,2.0,0.0,1.0,123866.43,
15683007.0,Torode,739.0,Germany,,25.0,5.0,113113.12,1.0,1.0,0.0,129181.27,0.0
,Fu,784.0,Spain,M,23.0,2.0,0.0,1.0,1.0,1.0,6847.73,0.0
15703923.0,Cameron,744.0,Germany,,41.0,7.0,nan,,1.0,,138361.48,0.0
15674000.0,Cattaneo,645.0,France,M,nan,10.0,0.0,2.0,0.0,1.0,166707.22,0.0
15618171.0,James,669.0,France,F,33.0,9.0,0.0,2.0,0.0,1.0,107221.03,0.0
15732202.0,Abramovich,,France,M,34.0,1.0,83503.11,2.0,1.0,1.0,73124.53,1.0
15735078.0,Onwughara,724.0,Germany,F,53.0,,139687.66,2.0,1.0,1.0,12913.92,0.0
15798615.0,Wan,850.0,France,F,47.0,,nan,1.0,1.0,0.0,44351.77,0.0
15638494.0,Salinas,625.0,,F,39.0,10.0,129845.26,1.0,1.0,1.0,96444.88,0.0
,Ho,635.0,Spain,M,46.0,8.0,nan,2.0,1.0,1.0,,0.0
15696355.0,Cleveland,724.0,Germany,M,37.0,6.0,-99999,1.0,1.0,0.0,118570.53,0.0
15655952.0,Burke,550.0,France,M,47.0,2.0,0.0,2.0,1.0,1.0,97057.28,0.0
15739850.0,Trentino,645.0,France,M,45.0,,155417.61,1.0,0.0,1.0,3449.22,0.0
15611338.0,Kashiwagi,,Spain,,29.0,,0.0,2.0,1.0,1.0,,0.0
15707861.0,Nucci,520.0,,,nan,10.0,85216.61,1.0,1.0,0.0,117369.52,1.0
15672237.0,Oluchi,633.0,,M,25.0,1.0,0.0,1.0,1.0,0.0,100598.98,0.0
,Ts'ui,537.0,France,M,37.0,6.0,0.0,1.0,1.0,1.0,17802.42,0.0
15677783.0,Graham,764.0,Spain,M,38.0,4.0,113607.47,1.0,1.0,0.0,91094.46,0.0
15681026.0,Lucciano,795.0,Germany,F,33.0,,104552.72,1.0,1.0,1.0,,1.0
15566543.0,Aldridge,573.0,Spain,M,44.0,9.0,nan,2.0,1.0,0.0,107124.17,0.0
15594612.0,Flynn,702.0,,M,44.0,9.0,0.0,1.0,0.0,0.0,,1.0
15814664.0,Scott,740.0,Germany,M,33.0,2.0,126524.11,1.0,,,136869.31,0.0
15642785.0,Douglas,479.0,France,M,34.0,5.0,117593.48,2.0,0.0,0.0,113308.29,0.0
15690164.0,Shao,627.0,Germany,F,33.0,4.0,83199.05,1.0,0.0,0.0,,0.0
,Ch'en,479.0,Spain,M,nan,4.0,125920.98,1.0,1.0,1.0,20393.44,0.0
,Pugliesi,623.0,France,M,150,5.0,118469.38,1.0,1.0,1.0,,
15733491.0,McGregor,512.0,Germany,F,nan,8.0,153537.57,2.0,0.0,0.0,,0.0
15806360.0,Hou,609.0,France,M,41.0,6.0,0.0,1.0,0.0,1.0,112585.19,0.0
15587133.0,Thompson,518.0,France,M,nan,7.0,151027.05,2.0,1.0,0.0,119377.36,0.0
15721377.0,Chou,,France,F,34.0,3.0,144751.81,1.0,,,166472.81,0.0
15747927.0,Ch'in,,France,M,26.0,4.0,nan,1.0,,0.0,171552.02,0.0
15806455.0,Miller,,France,M,27.0,7.0,0.0,2.0,1.0,1.0,157474.1,0.0
15695474.0,,583.0,France,M,33.0,7.0,122531.86,1.0,1.0,0.0,13549.24,0.0
15666295.0,,610.0,Germany,M,150,1.0,113957.01,2.0,1.0,0.0,,1.0
15656062.0,Azikiwe,,France,,33.0,7.0,103377.81,1.0,1.0,0.0,84419.78,0.0
15579969.0,Mancini,683.0,,F,32.0,9.0,0.0,2.0,1.0,1.0,24991.92,0.0
15703563.0,P'eng,774.0,France,M,40.0,9.0,93017.47,2.0,1.0,0.0,,0.0
15692664.0,Diribe,677.0,France,F,58.0,1.0,90022.85,1.0,0.0,,2988.28,0.0
15719276.0,,741.0,,M,35.0,,74371.49,1.0,,0.0,99595.67,0.0
15672754.0,,498.0,Germany,M,42.0,3.0,nan,1.0,1.0,1.0,53445.17,
15768163.0,Griffin,,Germany,F,46.0,7.0,137145.12,1.0,1.0,0.0,115146.4,1.0
15656710.0,Cocci,613.0,France,M,40.0,4.0,0.0,1.0,0.0,0.0,151325.24,0.0
15696175.0,Echezonachukwu,602.0,Germany,M,35.0,,90602.42,2.0,1.0,1.0,51695.41,0.0
15586914.0,Nepean,659.0,France,M,36.0,6.0,nan,2.0,,,96833.0,0.0
15581736.0,Bartlett,673.0,Germany,M,nan,1.0,183579.54,2.0,0.0,1.0,34047.54,0.0
15588839.0,Mancini,606.0,,M,nan,8.0,180307.73,2.0,1.0,1.0,1914.41,0.0
15589329.0,Pirozzi,775.0,France,M,30.0,4.0,0.0,,1.0,0.0,49337.84,0.0
15605622.0,McMillan,841.0,Spain,M,28.0,4.0,0.0,2.0,1.0,1.0,179436.6,0.0
15798964.0,Nkemakonam,714.0,,M,nan,3.0,-99999,,1.0,0.0,53667.08,0.0
15769959.0,Ajuluchukwu,597.0,,F,53.0,4.0,88381.21,1.0,1.0,0.0,69384.71,1.0
15657105.0,Chukwualuka,726.0,Spain,M,36.0,2.0,-99999,1.0,1.0,0.0,195192.4,0.0
15569266.0,Rahman,644.0,France,M,150,7.0,155060.41,1.0,1.0,0.0,29179.52,0.0
15719294.0,Wood,800.0,France,F,nan,2.0,0.0,2.0,0.0,,167773.55,
15606229.0,Obijiaku,771.0,France,M,39.0,5.0,0.0,2.0,,0.0,96270.64,0.0
15569892.0,Johnstone,516.0,France,M,35.0,10.0,57369.61,1.0,1.0,1.0,101699.77,0.0
15584532.0,Liu,,France,F,36.0,7.0,0.0,1.0,0.0,,42085.58,1.0
15682355.0,Sabbatini,772.0,Germany,M,nan,3.0,75075.31,2.0,1.0,0.0,92888.52,1.0
,Walker,792.0,,,28.0,4.0,130142.79,1.0,1.0,0.0,38190.78,
15615832.0,Teague,675.0,Spain,F,35.0,8.0,155621.08,1.0,0.0,,35177.31,0.0
,,603.0,France,F,39.0,9.0,76769.68,1.0,0.0,0.0,48224.72,0.0
15700826.0,Ko,678.0,Germany,F,54.0,1.0,123699.28,2.0,0.0,1.0,105221.76,0.0
15584156.0,Siciliani,593.0,Spain,M,27.0,10.0,0.0,3.0,0.0,0.0,94620.0,1.0
15571081.0,Hansen,,France,F,41.0,7.0,190238.93,1.0,1.0,1.0,57549.65,0.0
,Morant,633.0,Spain,F,33.0,4.0,-99999,1.0,1.0,1.0,159813.18,0.0
15723339.0,Chin,554.0,France,F,38.0,4.0,-99999,2.0,1.0,1.0,172629.67,0.0
15648898.0,Chuang,560.0,Spain,F,27.0,7.0,124995.98,1.0,1.0,,114669.79,
15727384.0,Chukwuemeka,705.0,Germany,F,43.0,10.0,146547.78,1.0,0.0,,10072.55,1.0
15747795.0,Pai,593.0,Germany,,38.0,4.0,129499.42,1.0,1.0,1.0,154071.27,0.0
15713440.0,Barese,519.0,Germany,F,21.0,1.0,151701.45,3.0,1.0,1.0,170138.68,1.0
,Olsen,662.0,France,F,36.0,4.0,166909.2,2.0,1.0,,138871.12,1.0
15649523.0,Kennedy,581.0,France,M,38.0,1.0,0.0,2.0,1.0,0.0,46176.22,
15588904.0,Balashova,692.0,,M,150,9.0,nan,1.0,1.0,0.0,113505.93,1.0
15781495.0,Munro,662.0,,F,22.0,2.0,126362.57,2.0,1.0,1.0,97382.8,0.0
15568326.0,Kenenna,637.0,France,F,44.0,2.0,0.0,2.0,1.0,,149665.65,0.0
15765650.0,Chigolum,,Germany,M,40.0,5.0,114655.58,1.0,0.0,0.0,126535.92,0.0
15800412.0,Dale,458.0,Germany,M,35.0,9.0,146780.52,2.0,1.0,1.0,3476.38,
15723671.0,Lucciano,661.0,France,M,35.0,9.0,100107.99,1.0,1.0,0.0,83949.68,0.0
15776631.0,Ma,466.0,,F,36.0,5.0,nan,1.0,0.0,1.0,80603.99,0.0
15644994.0,Ko,714.0,,M,54.0,4.0,137986.58,2.0,0.0,1.0,51308.54,1.0
15803032.0,Yen,599.0,Germany,,38.0,9.0,89111.63,1.0,0.0,0.0,157239.6,0.0
15728564.0,Lo,682.0,France,M,41.0,6.0,0.0,,,,134158.09,
15808689.0,,850.0,France,F,31.0,4.0,0.0,2.0,1.0,1.0,33082.81,0.0
15662658.0,Grieve,,Germany,M,34.0,2.0,90355.12,2.0,0.0,0.0,193597.94,0.0
15675896.0,Gough,680.0,Germany,F,42.0,7.0,105722.69,1.0,1.0,1.0,90558.24,1.0
15641934.0,Manna,749.0,Spain,F,46.0,9.0,66582.81,1.0,1.0,0.0,78753.12,1.0
15757821.0,Burgess,771.0,Spain,M,18.0,1.0,0.0,,0.0,0.0,,0.0
15663294.0,Kao,703.0,France,M,32.0,1.0,125685.79,1.0,,,56246.72,0.0
15656683.0,Johnson,551.0,France,M,52.0,1.0,0.0,1.0,0.0,0.0,63584.55,1.0
15794187.0,Young,695.0,France,M,36.0,6.0,114007.5,2.0,1.0,0.0,118120.88,0.0
15681887.0,Eskridge,758.0,Germany,M,150,0.0,129142.54,2.0,1.0,1.0,26606.28,0.0
,Somerville,759.0,France,F,31.0,1.0,109848.6,1.0,1.0,,42012.55,0.0
15579892.0,Doyle,708.0,Spain,M,19.0,7.0,112615.86,,1.0,1.0,4491.77,0.0
15689661.0,Gorbunov,663.0,France,,nan,,0.0,2.0,0.0,1.0,,0.0
15647295.0,Chin,426.0,France,M,34.0,9.0,0.0,2.0,1.0,0.0,107876.91,0.0
15567333.0,Archambault,712.0,France,F,31.0,7.0,0.0,2.0,,,170333.38,0.0
,Artyomova,799.0,Spain,,38.0,2.0,0.0,2.0,1.0,1.0,59297.34,0.0
,Birdseye,703.0,France,F,42.0,7.0,0.0,2.0,,1.0,72500.68,0.0
15600992.0,Madukaego,652.0,France,M,nan,1.0,0.0,2.0,1.0,1.0,151314.98,0.0
15739592.0,Sokolov,707.0,Germany,F,51.0,10.0,98438.23,1.0,0.0,0.0,70778.63,1.0
,Liu,850.0,Germany,,45.0,1.0,121874.89,1.0,0.0,0.0,6865.41,1.0
15694349.0,Ngozichukwuka,,Spain,M,44.0,7.0,0.0,1.0,,1.0,6923.11,0.0
15567335.0,Allsop,559.0,France,F,nan,7.0,0.0,2.0,1.0,1.0,190040.29,0.0
15625584.0,Martin,786.0,France,M,32.0,2.0,-99999,2.0,0.0,0.0,79602.86,0.0
15665180.0,Vasiliev,616.0,France,F,31.0,3.0,136789.14,1.0,1.0,0.0,59346.4,1.0
15728829.0,Weigel,509.0,,M,18.0,7.0,102983.91,1.0,1.0,0.0,171770.58,0.0
15671209.0,Holden,,Germany,F,29.0,5.0,101713.84,3.0,1.0,0.0,134594.99,0.0
15780386.0,Ferri,654.0,Spain,M,nan,,105683.63,1.0,1.0,0.0,173617.09,0.0
15702380.0,De Luca,663.0,Spain,M,64.0,6.0,0.0,2.0,0.0,1.0,15876.52,0.0
15757661.0,Trevisano,,France,F,39.0,7.0,nan,2.0,0.0,0.0,,0.0
15751455.0,,469.0,France,,48.0,5.0,0.0,1.0,1.0,0.0,160529.71,1.0
15645942.0,Macleod,689.0,Spain,M,40.0,2.0,0.0,2.0,,,164768.82,0.0
15576550.0,Ugochukwu,,Spain,F,38.0,1.0,0.0,1.0,1.0,0.0,112442.63,
,Tan,804.0,France,F,71.0,8.0,0.0,2.0,0.0,1.0,147995.96,
15777873.0,,628.0,France,F,31.0,5.0,0.0,1.0,0.0,0.0,,1.0
15787884.0,Martin,692.0,France,F,30.0,7.0,0.0,2.0,1.0,1.0,,0.0
,Huang,598.0,Germany,F,27.0,10.0,171283.91,1.0,1.0,1.0,84136.12,0.0
15595592.0,Lai,708.0,France,F,59.0,2.0,0.0,1.0,1.0,0.0,179673.11,1.0
15794236.0,Thorpe,,Germany,,22.0,10.0,111812.52,2.0,1.0,1.0,183045.46,0.0
,Ledford,605.0,Spain,F,48.0,6.0,0.0,2.0,1.0,1.0,40062.99,0.0
15604782.0,Tan,733.0,Germany,F,150,7.0,187257.94,1.0,0.0,,190430.81,0.0
15612071.0,Wilson,763.0,Spain,,32.0,10.0,95153.77,1.0,0.0,1.0,81310.1,0.0
15779743.0,Onwuamaeze,633.0,France,F,44.0,7.0,0.0,2.0,1.0,,29761.29,0.0
15711396.0,Henderson,427.0,Spain,M,40.0,8.0,0.0,2.0,1.0,1.0,82870.75,0.0
15798834.0,,719.0,Spain,F,32.0,7.0,0.0,1.0,0.0,0.0,,0.0
15609160.0,Marsden,586.0,,M,32.0,,0.0,2.0,0.0,0.0,31635.99,0.0
15747288.0,Ferri,838.0,Spain,F,40.0,6.0,61671.19,1.0,0.0,1.0,150659.35,1.0
15625141.0,Porter,563.0,Spain,M,26.0,7.0,0.0,2.0,0.0,,,0.0
,Wentcher,736.0,Germany,F,36.0,8.0,103914.17,1.0,1.0,,110035.88,1.0
15624423.0,Liu,850.0,France,,28.0,,99986.98,1.0,1.0,0.0,196582.55,0.0
15581102.0,Baresi,554.0,France,F,nan,,0.0,2.0,0.0,1.0,,0.0
15808017.0,Cary,,France,M,38.0,,88293.13,2.0,1.0,1.0,,0.0
15796334.0,Chukwualuka,558.0,Germany,M,39.0,10.0,nan,1.0,,,22878.16,1.0
,Onwubiko,699.0,France,M,64.0,9.0,113109.52,,1.0,0.0,27980.8,1.0
15599452.0,Conti,605.0,Germany,,43.0,8.0,nan,2.0,1.0,0.0,23970.13,0.0
15637593.0,Greco,722.0,France,M,20.0,6.0,0.0,2.0,1.0,0.0,195486.28,0.0
15646632.0,Reid,741.0,France,M,38.0,9.0,0.0,2.0,1.0,0.0,14379.01,0.0
15748856.0,,664.0,France,M,32.0,10.0,107209.73,1.0,1.0,1.0,,0.0
15673020.0,Smith,,France,F,49.0,3.0,204510.94,1.0,0.0,1.0,738.88,1.0
15736043.0,Hamilton,638.0,France,M,34.0,6.0,-99999,1.0,1.0,1.0,97755.29,0.0
15794137.0,,751.0,Germany,F,37.0,0.0,-99999,1.0,1.0,1.0,109309.29,0.0
15687094.0,Calabresi,717.0,Germany,F,28.0,9.0,nan,2.0,0.0,0.0,40437.67,0.0
15576706.0,Ajuluchukwu,,Germany,M,37.0,9.0,114453.58,1.0,,1.0,175820.91,0.0
15793693.0,Mahomed,694.0,France,M,60.0,9.0,0.0,,1.0,1.0,57088.97,
15710421.0,,774.0,Spain,F,36.0,8.0,117152.3,1.0,0.0,0.0,101828.39,0.0
15801336.0,Ch'ang,649.0,Germany,F,37.0,8.0,114737.26,1.0,1.0,1.0,106655.88,1.0
,Tikhonov,427.0,Spain,F,150,9.0,0.0,2.0,1.0,,28368.37,0.0
15616550.0,Chidiebele,698.0,Germany,M,44.0,10.0,nan,2.0,1.0,0.0,198059.16,0.0
15639415.0,Thompson,850.0,France,M,35.0,3.0,162442.35,,,0.0,183566.78,
15638788.0,Mack,550.0,,M,32.0,8.0,97514.07,1.0,1.0,1.0,199138.84,0.0
15750264.0,Pinto,757.0,,M,30.0,6.0,105128.85,,1.0,1.0,62972.13,0.0
15757617.0,Lewis,,France,M,55.0,6.0,134140.68,1.0,1.0,0.0,2267.88,0.0
15722061.0,Allen,619.0,Germany,F,41.0,8.0,142015.76,2.0,1.0,0.0,114323.66,
15782630.0,Genovese,543.0,,M,35.0,5.0,137482.19,1.0,0.0,0.0,62389.35,0.0
15602929.0,Wilson,728.0,Spain,F,37.0,4.0,0.0,1.0,0.0,0.0,4539.38,0.0
15721592.0,Barton,665.0,France,F,38.0,5.0,0.0,2.0,1.0,0.0,156439.56,0.0
15677020.0,Selezneva,570.0,France,F,58.0,8.0,nan,1.0,0.0,1.0,116503.92,1.0
15767818.0,Graham,640.0,,M,55.0,10.0,132436.34,,,0.0,978.66,0.0
15699047.0,Chukwuemeka,674.0,France,F,nan,9.0,120150.39,2.0,1.0,1.0,33964.03,0.0
,Chidubem,802.0,Spain,M,41.0,5.0,0.0,2.0,,1.0,134626.3,0.0
15801658.0,Summers,580.0,France,M,55.0,6.0,nan,1.0,0.0,1.0,175750.21,0.0
15635728.0,,693.0,France,M,41.0,4.0,-99999,2.0,0.0,0.0,156381.47,0.0
15625047.0,Yen,846.0,France,F,38.0,5.0,0.0,1.0,,1.0,,0.0
15587266.0,Douglas,606.0,Germany,F,27.0,6.0,-99999,1.0,0.0,,111448.92,0.0
15613427.0,Barling,683.0,Germany,,49.0,7.0,108797.63,2.0,0.0,0.0,140763.18,0.0
15718369.0,,795.0,Germany,F,33.0,9.0,130862.43,1.0,,1.0,114935.21,0.0
15673578.0,,611.0,Germany,F,40.0,7.0,128486.91,,1.0,0.0,10109.47,0.0
15799156.0,Okwuadigbo,569.0,Spain,M,38.0,8.0,0.0,,0.0,0.0,,
15802368.0,Ch'eng,608.0,,F,47.0,6.0,0.0,1.0,1.0,1.0,126012.57,0.0
15571415.0,Okwudiliolisa,,Germany,M,56.0,6.0,151802.29,1.0,1.0,0.0,46791.09,1.0
15687852.0,Vinogradoff,611.0,France,M,30.0,2.0,104145.65,1.0,0.0,0.0,159629.64,0.0
15689614.0,Teng,687.0,Spain,F,63.0,1.0,nan,1.0,1.0,1.0,37938.74,0.0
15586821.0,Bellew,727.0,France,M,28.0,5.0,-99999,2.0,0.0,1.0,19653.08,0.0
15597709.0,,,France,F,39.0,6.0,154121.32,2.0,1.0,0.0,176614.86,1.0
15741554.0,,746.0,Spain,M,31.0,2.0,113836.27,1.0,1.0,1.0,174815.54,0.0
15766272.0,Folliero,521.0,Germany,F,61.0,0.0,125193.96,1.0,,1.0,109356.53,0.0
15636548.0,Lung,457.0,Spain,M,44.0,7.0,nan,2.0,0.0,0.0,185992.36,0.0
15765014.0,,547.0,France,F,48.0,1.0,179380.74,2.0,,1.0,69263.1,0.0
15809800.0,Korovina,726.0,France,F,38.0,4.0,nan,2.0,0.0,0.0,6787.48,0.0
15793842.0,Krichauff,700.0,France,F,34.0,2.0,76322.69,1.0,1.0,,128136.29,0.0
,Cameron,732.0,Germany,F,29.0,1.0,154333.82,1.0,1.0,1.0,138527.56,0.0
15731117.0,,437.0,Spain,M,28.0,2.0,109161.25,1.0,1.0,0.0,152987.42,0.0
15631305.0,Franklin,599.0,Spain,F,28.0,4.0,126833.79,2.0,,0.0,60843.09,1.0
,Hamilton,603.0,France,F,48.0,5.0,0.0,1.0,1.0,0.0,100478.6,1.0
15598586.0,Wetherspoon,680.0,France,M,31.0,10.0,113292.17,1.0,1.0,1.0,122639.73,0.0
15813697.0,Onyekaozulu,498.0,,F,44.0,2.0,120702.67,2.0,1.0,1.0,98175.74,0.0
15727703.0,Li Fonti,773.0,Germany,M,34.0,10.0,nan,1.0,,0.0,36823.28,0.0
15585367.0,Diribe,,Germany,F,46.0,4.0,120392.99,1.0,1.0,0.0,177719.88,1.0
15582149.0,Ts'ui,850.0,Germany,F,nan,3.0,nan,2.0,1.0,1.0,88743.99,0.0
15641794.0,Ridley,698.0,France,M,33.0,5.0,135658.73,2.0,0.0,,,0.0
15570908.0,Harding,687.0,Spain,F,29.0,7.0,93617.07,1.0,0.0,1.0,113050.92,0.0
,Hughes,728.0,France,M,33.0,8.0,129907.63,1.0,0.0,1.0,36083.96,0.0
15762799.0,Alexander,720.0,Germany,M,23.0,0.0,187861.18,2.0,1.0,1.0,104120.17,0.0
15704954.0,,431.0,France,,37.0,0.0,120764.08,1.0,1.0,1.0,117023.08,0.0
15612494.0,Panicucci,359.0,,F,44.0,6.0,128747.69,1.0,1.0,0.0,146955.71,
15776047.0,Nicholls,620.0,France,,29.0,3.0,-99999,2.0,0.0,1.0,153392.28,0.0
15702030.0,Azarov,516.0,France,F,29.0,2.0,104982.57,1.0,1.0,,157378.5,0.0
15744327.0,Ruth,,France,,40.0,4.0,0.0,1.0,1.0,0.0,85455.62,1.0
15691323.0,Bianchi,672.0,Germany,M,40.0,4.0,89025.88,2.0,1.0,0.0,188892.19,0.0
15638806.0,Blackburn,645.0,Spain,M,49.0,2.0,0.0,2.0,0.0,0.0,10023.15,0.0
15700263.0,Ifeatu,,France,M,66.0,2.0,0.0,1.0,1.0,0.0,130784.2,1.0
,Shen,499.0,France,F,46.0,6.0,0.0,2.0,1.0,0.0,73457.55,0.0
15591100.0,Chiemela,675.0,Spain,M,nan,9.0,106190.55,1.0,0.0,1.0,22994.32,0.0
15811261.0,Alaniz,617.0,Spain,M,42.0,0.0,70105.87,1.0,1.0,,,0.0
15619932.0,Lombardi,847.0,France,M,66.0,7.0,123760.68,1.0,0.0,1.0,53157.16,0.0
15600462.0,Barwell,542.0,France,F,43.0,8.0,145618.37,1.0,0.0,1.0,10350.74,0.0
15580203.0,Kennedy,674.0,Spain,M,39.0,6.0,-99999,1.0,0.0,,100130.95,0.0
15749799.0,Pisani,577.0,France,F,34.0,2.0,0.0,2.0,1.0,1.0,84033.35,0.0
15603749.0,Galkina,564.0,France,F,53.0,2.0,45472.28,1.0,1.0,1.0,,1.0
15753861.0,,686.0,Germany,F,27.0,1.0,-99999,2.0,0.0,0.0,78622.46,0.0
15657085.0,Gardiner,578.0,,,150,,nan,1.0,1.0,1.0,,0.0
15774277.0,Chiu,809.0,France,M,43.0,2.0,0.0,2.0,1.0,1.0,132908.07,0.0
15615176.0,Welsh,732.0,,M,26.0,7.0,0.0,2.0,1.0,0.0,154364.66,0.0
15799042.0,Zaytseva,611.0,France,M,38.0,7.0,0.0,1.0,1.0,1.0,63202.0,0.0
15586996.0,Azikiwe,697.0,,F,76.0,7.0,0.0,,0.0,1.0,188772.45,0.0
15808175.0,,557.0,France,F,39.0,7.0,49572.73,,1.0,0.0,115287.99,1.0
15728605.0,Hung,697.0,,M,40.0,4.0,-99999,,0.0,,26543.28,0.0
15602841.0,Lockett,794.0,Spain,F,150,5.0,0.0,2.0,,1.0,86699.98,
15725664.0,,549.0,France,F,38.0,8.0,107283.4,1.0,,0.0,157442.75,0.0
15611157.0,McElhone,709.0,France,,32.0,2.0,87814.89,1.0,1.0,0.0,138578.37,0.0
15786200.0,,564.0,France,M,31.0,4.0,0.0,2.0,1.0,0.0,53520.03,0.0
15644174.0,Marchesi,638.0,Germany,M,27.0,4.0,135096.05,1.0,1.0,1.0,186523.72,1.0
15698271.0,Graham,523.0,France,F,26.0,4.0,0.0,2.0,1.0,,185488.81,0.0
15677828.0,Chalmers,598.0,France,,34.0,4.0,0.0,2.0,0.0,0.0,60894.26,0.0
15605684.0,Phelan,664.0,France,F,31.0,7.0,104158.84,1.0,1.0,0.0,134169.85,0.0
15680767.0,Sabbatini,,Germany,F,64.0,10.0,98362.35,2.0,1.0,,21630.21,0.0
15576368.0,Bledsoe,624.0,Germany,F,48.0,3.0,122388.38,2.0,0.0,0.0,30020.09,0.0
15569266.0,Rahman,644.0,France,M,150,7.0,155060.41,1.0,1.0,0.0,29179.52,0.0
15775546.0,Laurens,517.0,Spain,F,29.0,,0.0,2.0,,0.0,,0.0
15746028.0,Chu,714.0,France,F,24.0,7.0,nan,,1.0,0.0,166335.0,0.0
15713043.0,Siciliani,691.0,France,F,33.0,6.0,0.0,2.0,1.0,1.0,100408.31,0.0
15658532.0,Nnamutaezinwa,520.0,Spain,F,63.0,5.0,162278.32,,1.0,1.0,34765.33,0.0
15714970.0,Holbrook,667.0,Germany,,32.0,0.0,103846.65,1.0,1.0,0.0,,0.0
15762198.0,Capon,812.0,France,M,nan,,103818.43,,1.0,1.0,166038.27,0.0
,Johnson,,France,M,58.0,0.0,149117.31,1.0,1.0,1.0,162599.51,0.0
15718769.0,Fallaci,557.0,Spain,M,36.0,1.0,113110.26,1.0,1.0,0.0,98413.1,0.0
15609319.0,Hunt,711.0,France,F,41.0,3.0,145754.91,1.0,1.0,1.0,101455.07,0.0
,Noble,694.0,France,F,22.0,4.0,0.0,2.0,1.0,1.0,11525.72,0.0
15669491.0,Cruz,850.0,,,nan,2.0,157866.77,1.0,1.0,1.0,,0.0
,Zuev,730.0,France,,39.0,1.0,116537.6,1.0,0.0,0.0,145679.6,0.0
15567778.0,Genovese,,Germany,F,54.0,1.0,144027.8,1.0,1.0,1.0,108731.02,1.0
15748882.0,Reid,714.0,Spain,M,29.0,9.0,0.0,2.0,1.0,,129192.55,0.0
15668580.0,Todd,716.0,,M,33.0,,0.0,2.0,1.0,1.0,92916.53,0.0
15648725.0,Sinclair,660.0,France,M,41.0,3.0,0.0,2.0,1.0,1.0,108665.89,0.0
15734999.0,Stephenson,,Spain,M,36.0,2.0,85996.19,,1.0,0.0,15887.68,
15773338.0,,739.0,France,M,58.0,2.0,101579.28,1.0,1.0,1.0,72168.53,0.0
15780088.0,Porter,607.0,Spain,,34.0,9.0,132439.99,1.0,1.0,0.0,177747.72,0.0
15673584.0,Bell,652.0,,F,74.0,5.0,0.0,2.0,1.0,1.0,937.15,0.0
15709004.0,Mai,528.0,Germany,M,22.0,,-99999,2.0,0.0,1.0,,0.0
15794122.0,Otutodilinna,713.0,France,F,59.0,3.0,0.0,,1.0,,62700.08,0.0
15668142.0,Chang,700.0,France,M,37.0,3.0,77608.46,2.0,1.0,,175373.46,0.0
15716420.0,Kelly,612.0,Spain,M,39.0,5.0,nan,1.0,1.0,1.0,59601.15,0.0
15721189.0,Kung,666.0,France,F,66.0,7.0,0.0,2.0,1.0,1.0,99792.82,0.0
15645463.0,Udinese,843.0,France,F,27.0,5.0,0.0,2.0,1.0,1.0,67494.23,0.0
15613326.0,Gow,596.0,France,F,33.0,1.0,138162.81,1.0,1.0,0.0,85412.54,
15765415.0,King,609.0,Spain,F,45.0,4.0,89122.3,1.0,1.0,1.0,199256.98,0.0
15759067.0,Bromby,537.0,Germany,F,nan,7.0,158411.95,4.0,1.0,1.0,117690.58,1.0
15610140.0,He,601.0,France,F,34.0,5.0,0.0,2.0,1.0,0.0,27022.57,0.0
15669946.0,Jen,663.0,,,46.0,2.0,141726.88,,1.0,1.0,58257.23,0.0
15781802.0,Abramov,755.0,France,,41.0,6.0,104817.41,1.0,1.0,0.0,126013.58,1.0
15706186.0,,640.0,Germany,M,33.0,8.0,81677.22,2.0,0.0,0.0,34925.56,0.0
,,590.0,Spain,F,29.0,10.0,nan,1.0,1.0,1.0,129629.41,0.0
,Liang,652.0,France,M,38.0,6.0,0.0,2.0,1.0,1.0,145700.22,0.0
15571816.0,,850.0,Spain,F,70.0,5.0,0.0,1.0,1.0,1.0,,0.0
15680370.0,DeRose,492.0,France,M,39.0,7.0,0.0,2.0,0.0,1.0,71323.23,0.0
15633546.0,Frederick,652.0,Spain,F,33.0,3.0,124832.51,1.0,1.0,0.0,195877.06,0.0
15804201.0,Jones,457.0,Germany,M,42.0,4.0,126772.57,1.0,0.0,1.0,126106.4,0.0
15576313.0,Wei,486.0,Germany,F,40.0,9.0,71340.09,1.0,,0.0,76192.21,0.0
15577831.0,Byrne,560.0,Germany,,41.0,4.0,152532.3,1.0,0.0,0.0,10779.69,0.0
15622578.0,Sergeyev,806.0,France,M,34.0,5.0,113958.55,1.0,,1.0,32125.98,0.0
15630419.0,Davis,634.0,France,M,44.0,9.0,149961.11,1.0,1.0,,57121.51,0.0
15573628.0,Greene,,Germany,F,51.0,7.0,148074.79,1.0,1.0,0.0,146411.41,1.0
,,659.0,,F,33.0,8.0,115409.6,1.0,0.0,1.0,1539.21,0.0
,,660.0,France,M,34.0,1.0,0.0,2.0,1.0,,9692.58,0.0
15579617.0,Sinclair,489.0,,F,51.0,3.0,-99999,2.0,,1.0,174098.28,1.0
,Bennett,710.0,France,M,nan,10.0,118327.17,2.0,,1.0,192928.82,0.0
15810203.0,Manning,499.0,Germany,F,44.0,6.0,77627.33,,,0.0,108222.68,0.0
15640454.0,Parkhill,693.0,Germany,M,40.0,0.0,120711.73,1.0,0.0,0.0,27345.18,1.0
15757777.0,Pai,636.0,France,F,150,2.0,nan,2.0,1.0,1.0,23129.46,0.0
15661974.0,,677.0,France,M,nan,2.0,57037.74,1.0,1.0,1.0,158531.01,0.0
15748752.0,Ch'in,608.0,Germany,M,nan,1.0,102772.67,2.0,1.0,0.0,70705.58,0.0
15664615.0,Nnachetam,689.0,Germany,F,30.0,5.0,136650.89,1.0,1.0,1.0,41865.72,1.0
15605531.0,Daly,457.0,Spain,F,38.0,6.0,0.0,2.0,1.0,0.0,173219.09,0.0
15684999.0,Ch'eng,850.0,France,F,26.0,4.0,62610.96,2.0,0.0,,179365.1,0.0
15590097.0,Ch'eng,537.0,,F,33.0,7.0,136082.0,1.0,1.0,0.0,62746.54,
15689412.0,Christie,604.0,France,F,32.0,7.0,127849.38,1.0,1.0,0.0,15798.7,0.0
15598695.0,,834.0,Germany,F,68.0,9.0,130169.27,2.0,0.0,1.0,93112.2,0.0
15811613.0,Voss,588.0,France,F,150,8.0,0.0,1.0,1.0,0.0,20066.38,0.0
15621435.0,Davies,623.0,France,F,nan,1.0,160903.2,1.0,0.0,0.0,78774.36,0.0
15747097.0,Hs?,611.0,France,M,35.0,10.0,0.0,,,1.0,23598.23,1.0
15746258.0,Wright,622.0,France,M,29.0,7.0,nan,1.0,1.0,1.0,8788.35,0.0
15745080.0,Griffiths,,France,M,26.0,8.0,0.0,1.0,1.0,0.0,21760.96,0.0
15682421.0,Talbot,,France,F,30.0,2.0,0.0,2.0,0.0,1.0,100496.84,1.0
15684696.0,Lei,560.0,,F,26.0,3.0,116576.45,1.0,1.0,0.0,157567.37,0.0
15802570.0,Dyer,811.0,France,F,45.0,5.0,0.0,2.0,1.0,1.0,146123.19,0.0
15754105.0,Olisanugo,650.0,France,M,37.0,,106967.18,1.0,0.0,0.0,24495.03,0.0
15747168.0,Sanders,626.0,Germany,F,47.0,2.0,103108.8,,0.0,1.0,166475.44,1.0
15592091.0,,620.0,Spain,M,31.0,2.0,166833.86,,1.0,1.0,135171.6,0.0
15656121.0,Medvedeva,733.0,Germany,M,31.0,6.0,157791.07,2.0,0.0,0.0,177994.81,0.0
15696605.0,Angelo,571.0,France,M,49.0,4.0,180614.04,1.0,0.0,0.0,523.0,0.0
15591010.0,McDonald,434.0,Germany,M,55.0,8.0,109339.17,,1.0,0.0,96405.88,1.0
15730673.0,Dietz,567.0,Germany,M,40.0,7.0,-99999,1.0,1.0,0.0,138552.74,0.0
15814998.0,Bonham,,Spain,M,42.0,5.0,0.0,2.0,,0.0,197602.29,0.0
15737888.0,Mitchell,850.0,Spain,F,43.0,2.0,125510.82,1.0,1.0,,79084.1,0.0
,Pugliesi,,Germany,M,37.0,2.0,139265.63,2.0,,1.0,198745.94,0.0
,Williamson,592.0,Spain,M,37.0,,0.0,3.0,1.0,,10656.89,0.0
15666652.0,Anayolisa,781.0,France,F,19.0,3.0,-99999,2.0,1.0,,124297.32,0.0
15770030.0,Conti,689.0,Spain,F,28.0,3.0,-99999,2.0,1.0,1.0,192449.02,0.0
15660422.0,,569.0,France,M,28.0,7.0,-99999,2.0,1.0,0.0,73977.23,0.0
15717937.0,Gibbons,554.0,Germany,M,43.0,5.0,99906.89,1.0,0.0,0.0,24983.39,0.0
15644896.0,,663.0,Germany,M,32.0,,108586.86,1.0,1.0,1.0,182355.21,0.0
15763274.0,Wu,661.0,France,M,48.0,,120320.54,1.0,0.0,0.0,96463.25,0.0
15780628.0,Wu,,France,,30.0,6.0,0.0,2.0,0.0,0.0,41642.29,0.0
,Lilly,567.0,France,,36.0,7.0,0.0,2.0,0.0,1.0,3896.08,0.0
15700300.0,Okoli,674.0,,F,150,4.0,131593.85,1.0,0.0,1.0,171345.02,1.0
15575119.0,Hughes,779.0,France,M,71.0,3.0,0.0,2.0,1.0,1.0,146895.36,
15778830.0,Dellucci,841.0,France,M,31.0,,0.0,2.0,1.0,0.0,173240.52,0.0
15701081.0,Jarvis,785.0,France,M,36.0,2.0,0.0,1.0,0.0,1.0,61811.1,0.0
15598536.0,Onuchukwu,736.0,Germany,F,26.0,0.0,84587.9,1.0,0.0,1.0,188037.76,0.0
15776231.0,Kent,626.0,Germany,M,35.0,4.0,88109.81,1.0,1.0,,32825.5,0.0
15668521.0,Jamieson,693.0,,M,37.0,1.0,0.0,2.0,1.0,1.0,82867.55,0.0
15714397.0,Trentino,621.0,Germany,F,30.0,2.0,101014.08,2.0,1.0,1.0,,0.0
15753215.0,Yashina,651.0,Spain,F,36.0,8.0,0.0,2.0,1.0,0.0,91652.43,0.0
15778515.0,Wu,748.0,,M,40.0,3.0,95297.11,1.0,0.0,0.0,171515.84,0.0
15586870.0,Ni,632.0,France,M,27.0,4.0,193125.85,1.0,1.0,1.0,152665.85,0.0
15673693.0,Reppert,682.0,France,F,26.0,0.0,110654.02,1.0,0.0,1.0,111879.21,0.0
15747591.0,Chung,665.0,Spain,F,40.0,1.0,173432.55,1.0,0.0,1.0,116766.79,0.0
15605698.0,Harrison,746.0,France,M,nan,,0.0,3.0,1.0,1.0,80344.96,1.0
15617432.0,,816.0,Germany,F,40.0,9.0,109003.26,1.0,1.0,1.0,79580.56,0.0
15703614.0,Hutchinson,564.0,Spain,M,48.0,5.0,132876.23,1.0,1.0,0.0,79259.77,0.0
15649078.0,Christian,,Germany,F,27.0,8.0,111837.78,2.0,1.0,1.0,110805.79,0.0
,,559.0,Germany,F,28.0,3.0,152264.81,1.0,0.0,,64242.31,
15620758.0,,660.0,,M,30.0,4.0,0.0,2.0,1.0,0.0,129149.06,0.0
15772262.0,Vavilov,545.0,Germany,M,37.0,9.0,110483.86,1.0,1.0,1.0,127394.67,0.0
15623644.0,Frolov,626.0,Spain,M,29.0,7.0,0.0,2.0,1.0,0.0,,0.0
15706537.0,Pirogov,577.0,Germany,F,59.0,7.0,111396.97,,,1.0,191070.01,0.0
15665062.0,Lucchese,696.0,France,M,150,1.0,110928.51,1.0,,1.0,2766.63,0.0
15724443.0,Taylor,703.0,Germany,F,29.0,3.0,122084.63,,0.0,1.0,82824.08,0.0
15667085.0,Meng,,,M,33.0,4.0,0.0,2.0,1.0,1.0,131834.75,
15636684.0,,727.0,France,M,34.0,10.0,0.0,2.0,1.0,1.0,198637.34,0.0
15621021.0,Dwyer,687.0,Spain,,40.0,1.0,0.0,2.0,1.0,0.0,8207.36,0.0
15757837.0,Kao,584.0,Germany,M,33.0,3.0,88311.48,2.0,1.0,1.0,177651.38,
15790659.0,Sheets,701.0,Spain,M,59.0,7.0,0.0,2.0,0.0,1.0,27597.59,0.0
15711028.0,Nnachetam,534.0,France,M,52.0,1.0,0.0,3.0,1.0,1.0,104035.41,1.0
15759690.0,Smith,,France,M,42.0,4.0,0.0,,1.0,1.0,81442.6,0.0
15751710.0,Ginikanwa,729.0,Spain,M,31.0,8.0,164870.81,2.0,1.0,,9567.39,0.0
,Loggia,737.0,Spain,F,150,7.0,130051.66,2.0,0.0,0.0,55356.39,1.0
15690772.0,Hughes,635.0,Spain,F,48.0,2.0,0.0,2.0,1.0,1.0,136551.25,
15730810.0,Storey,613.0,Spain,M,44.0,9.0,100524.69,1.0,1.0,,47298.95,0.0
15605968.0,Fancher,574.0,France,M,26.0,8.0,97460.1,1.0,1.0,1.0,43093.67,0.0
15605000.0,John,550.0,France,M,38.0,9.0,140278.99,3.0,1.0,1.0,,1.0
15793455.0,Tien,,Spain,F,nan,6.0,nan,1.0,0.0,,91943.94,1.0
15716605.0,Chukwufumnanya,710.0,Germany,,24.0,7.0,103099.17,2.0,1.0,0.0,173276.62,0.0
15775905.0,Moore,612.0,Germany,F,nan,6.0,130024.87,1.0,1.0,1.0,45750.21,1.0
15709487.0,Freeman,668.0,Germany,M,34.0,5.0,80242.37,2.0,0.0,0.0,56780.97,0.0
15603134.0,Pai,656.0,Spain,F,40.0,10.0,167878.5,1.0,0.0,1.0,151887.16,0.0
15793346.0,Ofodile,602.0,France,F,72.0,3.0,0.0,2.0,1.0,1.0,171260.66,0.0
,Fan,472.0,,M,31.0,4.0,58662.92,2.0,0.0,1.0,73322.0,0.0
15786800.0,Gould,723.0,Germany,M,52.0,5.0,131694.97,1.0,,1.0,92873.5,
15690452.0,,605.0,France,M,52.0,1.0,63349.75,1.0,1.0,0.0,108887.44,0.0
15789941.0,Yevseyev,633.0,,F,36.0,6.0,125130.28,1.0,0.0,0.0,125961.48,0.0
15607301.0,Romano,651.0,Spain,F,63.0,8.0,-99999,1.0,1.0,1.0,11830.53,0.0
15583303.0,Monaldo,593.0,France,F,29.0,,152265.43,1.0,1.0,0.0,,0.0
15749119.0,Santiago,710.0,France,F,31.0,3.0,0.0,2.0,1.0,1.0,112289.06,0.0
15619674.0,White,649.0,France,F,35.0,4.0,108306.44,1.0,1.0,1.0,192486.24,0.0
15602731.0,Wong,724.0,France,M,31.0,5.0,nan,1.0,1.0,,134889.95,1.0
,Harrison,525.0,Spain,,47.0,6.0,-99999,1.0,1.0,0.0,,1.0
15641732.0,Mills,543.0,France,F,nan,3.0,0.0,2.0,0.0,0.0,26019.59,0.0
15589358.0,,848.0,Germany,M,31.0,,90018.45,2.0,1.0,0.0,193132.98,0.0
15731507.0,Mackenzie,456.0,France,F,33.0,1.0,188285.68,1.0,0.0,0.0,58363.94,0.0
15729515.0,McCarthy,782.0,France,M,36.0,,148795.17,2.0,,1.0,195681.43,0.0
15583480.0,Morgan,807.0,,F,36.0,4.0,nan,2.0,0.0,1.0,147007.33,0.0
15661507.0,Muldrow,587.0,,,45.0,6.0,nan,1.0,0.0,0.0,158684.81,0.0
15611365.0,Fanucci,730.0,,F,32.0,9.0,127661.69,1.0,0.0,0.0,60905.51,
,Yeh,,,F,41.0,6.0,0.0,1.0,1.0,1.0,25571.37,0.0
15573520.0,Rhodes,692.0,Germany,M,49.0,6.0,nan,2.0,0.0,1.0,107472.99,0.0
15680278.0,Ts'ai,661.0,,F,42.0,9.0,75361.44,1.0,1.0,0.0,,1.0
15780215.0,Berry,636.0,France,M,31.0,6.0,nan,2.0,1.0,1.0,2382.61,0.0
15615430.0,Adams,678.0,Germany,,150,4.0,129646.91,,1.0,1.0,184125.1,1.0
15585985.0,Wang,746.0,France,M,48.0,5.0,nan,,1.0,0.0,153786.46,1.0
15696355.0,Cleveland,724.0,Germany,M,37.0,6.0,-99999,1.0,1.0,0.0,118570.53,0.0
,,601.0,France,M,32.0,8.0,93012.89,1.0,,0.0,86957.42,0.0
15724719.0,Jones,550.0,France,F,22.0,,139096.85,1.0,1.0,0.0,129890.94,0.0
15757473.0,Chukwujamuike,766.0,France,F,150,7.0,-99999,2.0,0.0,1.0,47579.25,0.0
15647207.0,Onwuemelie,609.0,France,M,26.0,7.0,0.0,2.0,1.0,0.0,98463.99,0.0
15720919.0,Duggan,667.0,France,M,42.0,7.0,0.0,1.0,0.0,1.0,108348.94,1.0
15700394.0,,713.0,Spain,,26.0,4.0,122857.46,,1.0,0.0,144682.17,1.0
15715707.0,,657.0,France,M,32.0,3.0,118829.03,2.0,1.0,,73127.61,0.0
15673333.0,Wilson,698.0,Germany,M,52.0,8.0,96781.39,1.0,,1.0,,0.0
15586504.0,Trevisani,,France,M,40.0,,0.0,2.0,1.0,0.0,40463.03,
15723169.0,Williams,,France,F,31.0,,138857.59,,,0.0,48640.77,0.0
15770214.0,Bryant,754.0,France,F,27.0,7.0,0.0,2.0,1.0,0.0,144134.64,0.0
15589493.0,Otitodilinna,716.0,Germany,M,27.0,1.0,122552.34,2.0,1.0,0.0,67611.36,0.0
15583576.0,Tai,671.0,France,,30.0,2.0,0.0,,0.0,1.0,102057.86,0.0
15664204.0,Meany,,Spain,M,29.0,2.0,0.0,2.0,1.0,1.0,18255.51,0.0
15667424.0,Forbes,682.0,Germany,F,43.0,7.0,111094.05,2.0,1.0,1.0,64679.3,0.0
15722122.0,Findlay,544.0,France,F,40.0,7.0,0.0,1.0,0.0,1.0,161076.92,0.0
15775663.0,Otitodilichukwu,712.0,Germany,M,53.0,6.0,134729.99,2.0,,1.0,132702.64,0.0
15706762.0,Ignatyev,597.0,France,F,41.0,4.0,145809.53,2.0,,1.0,,0.0
15706071.0,Hunt,528.0,Germany,,39.0,0.0,127631.62,1.0,0.0,1.0,22197.8,1.0
15783025.0,Piazza,723.0,,M,37.0,3.0,94661.53,2.0,,0.0,121239.65,
15728362.0,Robertson,,France,F,29.0,3.0,0.0,2.0,1.0,,158043.11,
15584536.0,Barber,720.0,Germany,M,46.0,3.0,97042.6,1.0,1.0,1.0,133516.51,1.0
15574879.0,Wright,631.0,Germany,F,37.0,2.0,121801.72,2.0,0.0,1.0,23146.62,0.0
15699238.0,Craig,618.0,Spain,F,40.0,8.0,0.0,2.0,1.0,0.0,80204.38,0.0
15594408.0,Chia,584.0,Spain,F,48.0,2.0,213146.2,1.0,1.0,0.0,75161.25,1.0
15670753.0,Uvarova,,Spain,M,nan,,127283.78,1.0,1.0,1.0,31302.35,0.0
15676937.0,Nicholls,635.0,Spain,F,32.0,8.0,0.0,2.0,1.0,1.0,,1.0
15640635.0,Capon,769.0,France,M,29.0,8.0,0.0,,1.0,,172290.61,0.0
15618816.0,Yu,670.0,,,40.0,2.0,147171.2,1.0,,1.0,,0.0
15636982.0,Weller,705.0,,F,43.0,7.0,79974.55,1.0,1.0,,103108.33,0.0
15781451.0,Buccho,504.0,France,M,42.0,,134936.97,2.0,,0.0,135178.91,0.0
15812009.0,Grant,662.0,Spain,M,38.0,4.0,0.0,2.0,1.0,0.0,136259.65,0.0
15684358.0,Kang,711.0,France,M,150,3.0,0.0,2.0,1.0,1.0,193747.57,
15630402.0,,594.0,France,,31.0,,0.0,1.0,0.0,1.0,5719.11,0.0
15593959.0,,,,M,28.0,1.0,93577.3,1.0,1.0,1.0,51670.82,0.0
,Ibeamaka,504.0,Spain,M,nan,5.0,0.0,2.0,0.0,0.0,146703.36,0.0
15716609.0,L?,484.0,Germany,M,54.0,3.0,134388.11,1.0,0.0,0.0,49954.79,1.0
15675983.0,Wood,692.0,France,F,36.0,,79551.12,1.0,0.0,1.0,178267.07,0.0
15630913.0,Rosas,476.0,Spain,F,69.0,1.0,105303.73,1.0,0.0,1.0,134260.34,0.0
15690958.0,,767.0,,M,23.0,2.0,-99999,1.0,0.0,,28038.28,0.0
15598883.0,King,599.0,Spain,F,37.0,,0.0,2.0,1.0,1.0,143739.29,0.0
15744983.0,Burgmann,712.0,Spain,M,47.0,1.0,139887.01,1.0,1.0,1.0,95719.73,0.0
15804104.0,Romani,494.0,France,M,28.0,9.0,114731.76,2.0,0.0,1.0,79479.74,0.0
15674929.0,Anderson,512.0,France,F,nan,7.0,0.0,2.0,0.0,0.0,49326.07,0.0
15725039.0,McIntyre,702.0,Spain,M,150,8.0,71667.74,1.0,1.0,1.0,126082.18,0.0
,Lo,,Spain,M,nan,3.0,250898.09,3.0,0.0,1.0,81054.0,1.0
15806049.0,Lee,714.0,Germany,F,nan,5.0,140510.89,,1.0,0.0,141914.94,0.0
15663164.0,Yudin,663.0,,,49.0,7.0,116150.65,3.0,1.0,1.0,84358.71,1.0
15581198.0,Jenkins,668.0,Germany,F,39.0,0.0,nan,1.0,1.0,0.0,112946.67,1.0
15632669.0,,722.0,Spain,F,32.0,4.0,0.0,2.0,1.0,1.0,113666.48,0.0
15736816.0,Young,756.0,Germany,M,36.0,2.0,136815.64,1.0,1.0,1.0,170041.95,0.0
15651627.0,,628.0,,M,39.0,1.0,115341.19,1.0,,1.0,107674.3,1.0
,Yeh,840.0,France,F,nan,1.0,94968.97,1.0,1.0,0.0,84487.62,0.0
15672704.0,Jackson,809.0,France,F,24.0,4.0,0.0,2.0,1.0,0.0,193518.76,0.0
15757306.0,,738.0,Spain,M,49.0,3.0,-99999,,1.0,1.0,65066.48,1.0
15578251.0,Fang,644.0,France,M,37.0,2.0,186347.97,2.0,1.0,0.0,92809.73,0.0
15733597.0,Y?an,669.0,France,F,41.0,0.0,nan,2.0,0.0,0.0,107839.03,0.0
15599956.0,Payne,,France,M,27.0,10.0,0.0,2.0,0.0,,,
15607598.0,Muravyov,575.0,Spain,F,150,6.0,0.0,,1.0,1.0,95686.42,0.0
15586264.0,Murray,572.0,,M,43.0,2.0,140431.98,1.0,1.0,0.0,26450.57,1.0
15638003.0,Komarova,648.0,Spain,M,55.0,,81370.07,1.0,0.0,1.0,181534.04,0.0
15793881.0,Mitchell,721.0,France,F,35.0,6.0,nan,1.0,0.0,1.0,3086.89,0.0
15720305.0,Power,591.0,Spain,F,40.0,1.0,86376.29,1.0,,1.0,136767.16,1.0
,Esomchi,553.0,France,F,31.0,4.0,0.0,2.0,1.0,1.0,89087.4,0.0
15680970.0,Lombardi,611.0,Germany,F,41.0,2.0,114206.84,1.0,1.0,0.0,,0.0
,Moore,559.0,France,F,70.0,9.0,0.0,1.0,1.0,1.0,122996.76,0.0
15715142.0,Repina,739.0,Germany,M,nan,7.0,-99999,1.0,0.0,1.0,147802.94,
15733797.0,Sal,506.0,France,M,36.0,5.0,0.0,2.0,1.0,0.0,164253.35,0.0
,Davison,826.0,France,M,26.0,5.0,142662.68,1.0,,,60285.3,0.0
15691703.0,Shih,545.0,France,M,47.0,8.0,105792.49,1.0,0.0,1.0,67830.2,1.0
,Maughan,456.0,France,F,150,1.0,165350.61,2.0,0.0,0.0,140758.07,1.0
15711015.0,,743.0,France,M,36.0,4.0,0.0,2.0,1.0,1.0,190911.02,0.0
15610936.0,Becher,562.0,France,M,33.0,6.0,0.0,2.0,1.0,0.0,111590.35,0.0
15805261.0,Balashov,700.0,Spain,M,29.0,8.0,nan,,0.0,1.0,152097.02,0.0
,Onuoha,649.0,France,M,41.0,0.0,0.0,2.0,0.0,1.0,,0.0
15603203.0,Avdeyeva,650.0,France,F,27.0,6.0,0.0,2.0,1.0,0.0,1002.39,0.0
,Burns,684.0,France,M,33.0,4.0,140700.61,1.0,1.0,0.0,103557.93,0.0
15566295.0,Sanders,761.0,France,F,33.0,6.0,138053.79,2.0,1.0,,148779.41,0.0
15796790.0,Amaechi,573.0,,,47.0,8.0,154543.98,1.0,1.0,0.0,29586.73,0.0
15657317.0,Allan,789.0,France,F,32.0,7.0,69423.52,1.0,1.0,0.0,107499.39,0.0
15703979.0,Evans,580.0,Germany,,39.0,3.0,119688.81,1.0,1.0,0.0,137041.26,0.0
15618750.0,Phillips,590.0,France,M,31.0,8.0,112211.61,1.0,,0.0,26261.42,0.0
15584037.0,Denisov,727.0,Germany,M,58.0,5.0,106913.43,1.0,1.0,0.0,25881.0,
15775335.0,Ellis,635.0,Germany,F,48.0,4.0,81556.89,2.0,1.0,0.0,191914.37,0.0
15750258.0,Ann,675.0,France,F,32.0,2.0,-99999,1.0,1.0,0.0,97658.66,0.0
15806184.0,Burns,618.0,Spain,M,33.0,4.0,0.0,2.0,,,77550.18,0.0
15763093.0,Nucci,540.0,Germany,F,35.0,7.0,-99999,2.0,1.0,0.0,198256.15,0.0
15671390.0,Chukwukere,690.0,,M,36.0,10.0,0.0,2.0,1.0,0.0,55902.93,0.0
15613623.0,Tilley,640.0,Spain,,62.0,3.0,0.0,,1.0,1.0,,0.0
15729279.0,Naylor,718.0,France,F,150,,108691.95,1.0,1.0,0.0,63030.97,0.0
15774098.0,Grant,701.0,Germany,M,38.0,3.0,125385.49,2.0,0.0,1.0,52044.66,0.0
15637788.0,Schmidt,743.0,France,M,23.0,3.0,110203.77,1.0,1.0,0.0,95583.45,0.0
15572361.0,Chill,790.0,Germany,,34.0,,164011.48,1.0,1.0,0.0,199420.41,0.0
15592461.0,Jackson,603.0,Germany,M,26.0,4.0,109166.37,,1.0,,,0.0
15654372.0,Pearce,462.0,Germany,M,34.0,1.0,94682.56,2.0,1.0,0.0,,0.0
15592846.0,Fiorentini,639.0,Germany,M,35.0,,128173.9,2.0,1.0,0.0,59093.39,
15588614.0,Walton,753.0,France,M,57.0,7.0,0.0,,1.0,0.0,159475.08,1.0
15614834.0,Long,,Spain,F,nan,3.0,141751.82,1.0,0.0,1.0,61531.86,0.0
15570051.0,Gill,775.0,Germany,F,38.0,6.0,179886.41,2.0,0.0,0.0,153122.58,0.0
15815530.0,Chin,612.0,France,F,42.0,,75497.51,1.0,0.0,0.0,149682.78,0.0
15794566.0,Kirsova,678.0,France,F,28.0,4.0,0.0,2.0,1.0,1.0,144423.17,1.0
,Mason,525.0,Spain,F,60.0,7.0,0.0,2.0,0.0,1.0,,0.0
15807107.0,Patel,612.0,France,,nan,3.0,nan,1.0,1.0,0.0,164081.42,0.0
15586752.0,Parkes,,,M,33.0,,152143.89,1.0,1.0,,32174.03,0.0
15717138.0,Watson,850.0,Spain,M,31.0,6.0,82613.56,2.0,1.0,0.0,149170.92,0.0
15585928.0,Hay,821.0,Germany,F,31.0,2.0,68927.57,1.0,1.0,1.0,25445.0,0.0
15568032.0,Moore,757.0,Germany,M,nan,1.0,-99999,3.0,1.0,0.0,163170.32,0.0
15736299.0,Bell,729.0,France,F,36.0,8.0,109106.8,1.0,0.0,0.0,121311.12,0.0
15586931.0,Hunter,694.0,Spain,,39.0,3.0,0.0,1.0,1.0,1.0,95625.03,0.0
15582325.0,Jennings,524.0,France,M,52.0,2.0,-99999,1.0,1.0,0.0,173899.42,1.0
15724691.0,Gordon,712.0,France,M,34.0,1.0,0.0,2.0,1.0,,195052.12,0.0
15565878.0,,631.0,Spain,M,29.0,3.0,0.0,2.0,1.0,1.0,,0.0
,Martel,779.0,Spain,F,55.0,0.0,133295.98,1.0,1.0,0.0,22832.71,1.0
15686696.0,Brown,817.0,France,F,37.0,6.0,81070.34,2.0,1.0,0.0,80985.88,0.0
15689294.0,Onyemaechi,705.0,,M,150,3.0,105934.96,1.0,1.0,,82463.69,0.0
15722425.0,Lucchese,639.0,France,M,nan,9.0,0.0,2.0,1.0,0.0,111340.36,0.0
15754874.0,Nwoye,700.0,France,M,26.0,4.0,119009.57,,1.0,0.0,141926.43,0.0
15619699.0,Yeh,558.0,France,M,31.0,7.0,nan,1.0,1.0,0.0,198269.08,0.0
15628303.0,Thurgood,,,,35.0,3.0,0.0,,1.0,1.0,15650.73,0.0
15800326.0,Poole,717.0,Spain,F,39.0,6.0,0.0,2.0,1.0,0.0,93275.61,0.0
,Ifeajuna,732.0,Germany,M,42.0,,108748.08,2.0,1.0,1.0,65323.11,0.0
15681115.0,,,Spain,M,39.0,10.0,108935.39,1.0,,,101168.3,0.0
15628715.0,Kisch,,France,F,36.0,8.0,0.0,2.0,,1.0,69676.55,0.0
15643903.0,Yao,619.0,France,M,27.0,1.0,154483.98,1.0,1.0,0.0,,0.0
15757811.0,Lloyd,732.0,Spain,,69.0,9.0,137453.43,1.0,,1.0,110932.24,1.0
15773789.0,Pavlova,594.0,Spain,F,38.0,7.0,96858.35,1.0,1.0,0.0,77511.45,0.0
15699637.0,Anenechi,694.0,Spain,M,57.0,8.0,116326.07,1.0,1.0,1.0,117704.65,0.0
15808846.0,Horton,672.0,,F,21.0,3.0,nan,2.0,1.0,1.0,,0.0
15680920.0,Marchesi,695.0,France,M,46.0,7.0,49512.55,1.0,1.0,0.0,133007.34,0.0
15777892.0,Samsonova,721.0,Germany,M,150,3.0,107720.64,1.0,1.0,,158591.12,0.0
15804064.0,,742.0,France,F,35.0,2.0,79126.17,1.0,1.0,1.0,126997.53,
15629323.0,Kelechi,,Germany,F,37.0,4.0,116471.43,2.0,1.0,0.0,,1.0
15797905.0,Walker,682.0,France,F,48.0,7.0,nan,2.0,1.0,0.0,65069.03,0.0
,Elewechi,687.0,,F,30.0,6.0,0.0,,0.0,0.0,179206.92,
15689886.0,,626.0,,,39.0,10.0,132287.92,3.0,1.0,1.0,51467.92,1.0
15697214.0,Korovin,686.0,Spain,F,36.0,5.0,0.0,2.0,1.0,1.0,152979.14,0.0
15599410.0,Stanley,721.0,France,M,41.0,2.0,0.0,2.0,1.0,0.0,168219.75,0.0
15812616.0,,707.0,France,F,49.0,10.0,0.0,1.0,,0.0,82967.97,1.0
15806837.0,,669.0,France,M,37.0,4.0,0.0,1.0,1.0,0.0,132540.33,0.0
,Ellis,727.0,Spain,,28.0,,0.0,1.0,,0.0,40357.39,0.0
15779620.0,Sinclair,575.0,France,M,36.0,1.0,nan,1.0,0.0,1.0,94570.56,
15750549.0,Akobundu,660.0,Germany,M,30.0,1.0,84440.1,2.0,1.0,1.0,60485.98,0.0
15749638.0,,605.0,France,F,150,9.0,104760.82,,1.0,1.0,165574.54,1.0
15601030.0,,777.0,Germany,F,nan,5.0,96693.66,1.0,1.0,1.0,172618.52,0.0
15595047.0,Murray,764.0,France,M,nan,7.0,0.0,2.0,0.0,0.0,,0.0
15792029.0,Lee,620.0,France,M,32.0,6.0,nan,,1.0,0.0,,0.0
15635660.0,Rossi,612.0,Germany,M,nan,9.0,142910.15,1.0,1.0,0.0,105890.55,1.0
15774151.0,Iadanza,,Spain,F,41.0,7.0,179915.85,1.0,0.0,0.0,14666.35,1.0
15597309.0,,749.0,Spain,M,36.0,7.0,0.0,2.0,0.0,0.0,80134.65,0.0
15673929.0,Chin,543.0,France,,64.0,4.0,0.0,2.0,1.0,1.0,148305.82,0.0
15636812.0,Rose,583.0,France,M,40.0,9.0,112701.04,1.0,0.0,0.0,29213.63,0.0
15707974.0,Anayochukwu,815.0,,F,38.0,2.0,48387.0,1.0,1.0,0.0,184796.84,0.0
,Gibbons,704.0,Spain,M,37.0,4.0,-99999,2.0,0.0,0.0,25684.93,0.0
15598259.0,Gregory,673.0,Germany,F,41.0,9.0,98612.1,1.0,1.0,0.0,151349.35,0.0
15692416.0,Aikenhead,358.0,Spain,F,52.0,8.0,143542.36,3.0,1.0,0.0,141959.11,
15663168.0,MacDonald,665.0,France,,35.0,8.0,nan,,1.0,0.0,169287.99,0.0
15661380.0,Walker,682.0,France,M,69.0,,0.0,2.0,0.0,1.0,149604.18,0.0
15688612.0,Campos,850.0,France,,33.0,7.0,140956.99,1.0,0.0,0.0,3510.18,0.0
15743570.0,Feng,481.0,France,F,150,5.0,0.0,2.0,1.0,1.0,125253.46,
15722364.0,Onwumelu,664.0,France,M,43.0,9.0,189026.53,,,1.0,56099.86,0.0
15787756.0,,467.0,Germany,M,51.0,10.0,114514.71,2.0,1.0,0.0,177784.68,
,,619.0,Germany,F,42.0,,-99999,,1.0,1.0,191821.35,
15658982.0,Napolitani,650.0,Germany,,28.0,5.0,122034.4,3.0,0.0,1.0,146663.43,1.0
15694188.0,Obidimkpa,700.0,Spain,F,46.0,5.0,56580.95,2.0,0.0,1.0,45424.13,0.0
15682489.0,Crumbley,605.0,,M,27.0,9.0,0.0,2.0,1.0,0.0,198091.81,0.0
,Mazzanti,451.0,,F,38.0,9.0,61482.47,,1.0,1.0,167538.66,0.0
15673877.0,Murray,,France,M,39.0,1.0,0.0,3.0,1.0,0.0,171060.01,1.0
15807709.0,Kirby,714.0,Germany,F,55.0,9.0,180075.22,1.0,1.0,1.0,100127.71,0.0
,Ferguson,601.0,France,M,nan,2.0,115625.07,1.0,,0.0,185855.21,0.0
15747807.0,,720.0,France,F,43.0,6.0,137824.03,,1.0,0.0,172557.77,0.0
15726313.0,,687.0,Spain,F,50.0,5.0,-99999,2.0,1.0,0.0,110230.4,0.0
15808228.0,Tuan,768.0,Spain,F,44.0,6.0,60603.4,,1.0,1.0,178045.97,0.0
15710456.0,,607.0,France,F,27.0,2.0,0.0,2.0,1.0,,63495.86,0.0
15645029.0,Knowles,771.0,Spain,F,150,5.0,0.0,2.0,1.0,0.0,8673.43,0.0
15772996.0,Rooke,594.0,Germany,M,40.0,0.0,152092.44,2.0,1.0,,83508.93,0.0
15800514.0,Kenechukwu,,Germany,F,24.0,2.0,95675.62,2.0,0.0,0.0,,1.0
15794159.0,Highett,633.0,France,F,26.0,,124281.84,1.0,1.0,1.0,60116.57,0.0
15728709.0,Shih,484.0,Germany,M,40.0,,106901.42,2.0,0.0,0.0,118045.98,0.0
